"1","대규모점포","08_25_01_P","3450000","2000345001207500014","1997-06-30","","01","영업/정상","1","정상영업","","","","","053 3831234","11525.46","","대구광역시 북구 산격동 1817호","대구광역시 북구 검단로 97 (산격동)","","코스트코 홀세일","2015-12-02 09:53:07","I","2018-08-31 23:59:59","대형마트","346013.651465394","268532.189935562","대규모점포"
"2","대규모점포","08_25_01_P","3450000","2000345001207500015","1999-02-11","","01","영업/정상","1","정상영업","","","","","","","","대구광역시 북구 노원동2가 381호","대구광역시 북구 팔달로 183 (노원동2가)","","하나프러스","2007-07-07 12:21:29","I","2018-08-31 23:59:59","그 밖의 대규모점포","341722.529953022","266512.649171281",""
"13","대규모점포","08_25_01_P","3450000","2000345001207500013","1996-10-10","","01","영업/정상","1","정상영업","","","","","053 3203000","0","","대구광역시 북구 관음동 1369-1호","","","홈플러스 칠곡IC점","2008-11-03 14:29:29","I","2018-08-31 23:59:59","그 밖의 대규모점포","338928.829648415","271647.094222276",""
"18","대규모점포","08_25_01_P","3450000","2001345007307500028","2001-10-22","","01","영업/정상","1","정상영업","","","","","053-607-8000","14022","","대구광역시 북구 동천동 968호","대구광역시 북구 동암로12길 8 (동천동)","","(주)홈플러스 칠곡점","2024-03-07 16:00:34","U","2024-03-09 02:40:00","대형마트","340320.722709596","272735.675659876","대규모점포"
"20","대규모점포","08_25_01_P","3450000","2002345007307500001","2002-02-08","","01","영업/정상","1","정상영업","","","","","053 6091052","8651.61","702-851","대구광역시 북구 칠성동2가 20번지 1호","대구광역시 북구 침산로 93 (칠성동2가)","","신세계이마트 칠성점","2010-06-04 13:55:00","I","2018-08-31 23:59:59","대형마트","343510.573192364","266134.259920881",""
"21","대규모점포","08_25_01_P","3450000","2002345009907500001","2002-05-27","","01","영업/정상","1","정상영업","","","","","213-6011","12588.21","702-062","대구광역시 북구 칠성동2가 20번지 1호","대구광역시 북구 침산로 93 (칠성동2가)","","(주)스펙트럼시티","2017-07-17 17:58:37","I","2018-08-31 23:59:59","그 밖의 대규모점포","343510.573192364","266134.259920881","대규모점포"
"22","대규모점포","08_25_01_P","3450000","2007345009907500001","2000-12-01","","01","영업/정상","1","정상영업","","","","","6015057","5600","","대구광역시 북구 산격동 1676 대구전시컨벤션센터","대구광역시 북구 엑스코로 10, 대구전시컨벤션센터 (산격동)","41515","EXCO Mall","2025-07-14 15:42:41","U","2025-07-16 02:40:00","그 밖의 대규모점포","345549.110170479","268620.845678103","대규모점포"
"23","대규모점포","08_25_01_P","3450000","2007345009907500002","2007-12-20","","01","영업/정상","1","정상영업","","","","","053-310-8891","16272.6","702-250","대구광역시 북구 동천동 894번지 1호","대구광역시 북구 동암로 90 (동천동)","","한신공영(주)","2024-04-19 14:56:45","U","2024-04-21 02:40:00","그 밖의 대규모점포","340718.253608761","272659.975074019","대규모점포"
"24","대규모점포","08_25_01_P","3450000","2012345009907500004","2012-04-10","","01","영업/정상","1","정상영업","","","","","053-326-8545","280","702-280","대구광역시 북구 구암동 652번지 1호","대구광역시 북구 구암로32길 6-10 (구암동)","702-808","홈플러스(주)익스프레스 구암2점","2024-04-04 08:57:38","U","2024-04-06 02:40:00","그 밖의 대규모점포","340442.592281843","271224.037571953","준대규모점포"
"25","대규모점포","08_25_01_P","3450000","2005345008907500004","2003-02-05","","01","영업/정상","1","정상영업","","","","","0536601610","34827.86","702-746","대구광역시 북구 칠성동2가 302번지 155호 롯데백화점","대구광역시 북구 태평로 161 (칠성동2가)","702-746","롯데백화점 대구점","2024-05-08 09:53:38","U","2024-05-10 02:40:00","쇼핑센터","344052.576927614","265131.653371228","대규모점포"
"27","대규모점포","08_25_01_P","3450000","2005345008907500001","2002-02-08","","01","영업/정상","1","정상영업","","","","","053 6091050","8651.61","","대구광역시 북구 칠성동2가 20번지 1호","대구광역시 북구 침산로 93 (칠성동2가)","","(주)이마트 칠성점","2024-04-30 16:09:16","U","2024-05-02 02:40:00","대형마트","343510.573192364","266134.259920881","대규모점포"
"31","대규모점포","08_25_01_P","3450000","2012345009907500002","2011-09-30","","01","영업/정상","1","정상영업","","","","","053-381-5602","1082.3","702-022","대구광역시 북구 복현2동 539번지 123호","대구광역시 북구 검단로 8 (복현동)","702-833","롯데쇼핑(주)롯데슈퍼 복현점","2025-05-13 17:34:52","U","2025-05-15 02:40:00","구분없음","345790.118385766","267617.116875016","준대규모점포"
"32","대규모점포","08_25_01_P","3650000","2002365007907500002","2014-01-08","","01","영업/정상","1","정상영업","","","","","718-2422","13994.16","","대전광역시 중구 선화동 3번지 14  호","대전광역시 중구 중앙로 141 (선화동)","301-050","이랜드리테일 NC 중앙로역점","2024-11-25 11:27:18","U","2024-11-27 02:40:00","백화점","238117.420454614","314301.953643137","대규모점포"
"44","대규모점포","08_25_01_P","3650000","1998365011507500001","1998-05-15","","01","영업/정상","1","정상영업","","","","","042 539 1060","13103.77","301-827","대전광역시 중구 오류동 116번지 3호","대전광역시 중구  오류로  41 (오류동)","301-827","코스트코 홀세일 대전점","2016-06-16 21:55:48","I","2018-08-31 23:59:59","대형마트","236159.496426288","313764.672556515","대규모점포"
"47","대규모점포","08_25_01_P","3650000","2002365007907500001","2002-10-15","","01","영업/정상","1","정상영업","","","","","042 226 2080","11745.57","","대전광역시 중구 문화동 1번지 17  호","대전광역시 중구 계백로 1690 (문화동)","","홈플러스(주) 문화점","2024-02-28 13:31:44","U","2024-03-01 02:40:00","대형마트","236541.282086201","313349.96682002","대규모점포"
"49","대규모점포","08_25_01_P","3650000","2011365011507500003","2011-09-02","","01","영업/정상","1","정상영업","","","","","042 525 8848","462.8","301-829","대전광역시 중구 오류동 175번지 8호","대전광역시 중구 계룡로 858 (오류동)","","홈플러스(주)익스프레스 오류점","2024-03-22 09:24:34","U","2024-03-24 02:40:00","구분없음","236729.864926468","313791.240075357","준대규모점포"
"50","대규모점포","08_25_01_P","3650000","2011365011507500004","2011-09-02","","01","영업/정상","1","정상영업","","","","","042 528 8543","373.8","","대전광역시 중구 유천동 322번지 13호 동양빌딩","대전광역시 중구 평촌로 58, 동양빌딩 (유천동)","34887","홈플러스(주)익스프레스 유천점","2024-03-22 09:24:59","U","2024-03-24 02:40:00","구분없음","235271.554635198","313449.152345815","준대규모점포"
"58","대규모점포","08_25_01_P","3320000","2001332005907500001","2001-03-24","","01","영업/정상","1","정상영업","","","","","051-604-2552","8579.51","","부산광역시 북구 화명동 2273호","부산광역시 북구 화명대로 47 (화명동, 롯데마트(화명점))","616-744","롯데쇼핑(주)롯데마트화명점","2025-05-07 11:23:24","U","2025-05-09 02:40:00","대형마트","383175.025396512","194733.01249893","대규모점포"
"62","대규모점포","08_25_01_P","3320000","2012332008807500001","2012-03-08","","01","영업/정상","1","정상영업","","","","","241-6000","1471.47","616-814","부산광역시 북구 덕천1동 370번지","부산광역시 북구 기찰로 164 (덕천동)","616-814","(주)메가마트 덕천점","2024-12-27 14:15:57","U","2024-12-29 02:40:00","구분없음","384082.64392147","192420.344583399","준대규모점포"
"63","대규모점포","08_25_01_P","3320000","2012332008807500002","2012-03-08","","01","영업/정상","1","정상영업","","","","","342-1114","916.3","","부산광역시 북구 구포동 654번지 11호","부산광역시 북구 낙동대로1780번길 106 (구포동)","46587","(주) 지에스리테일 구포점","2025-04-17 17:24:23","U","2025-04-19 02:40:00","그 밖의 대규모점포","382386.55312543","191453.197987347","준대규모점포"
"64","대규모점포","08_25_01_P","3320000","2012332008807500003","2012-03-08","","01","영업/정상","1","정상영업","","","","","711-7100","1263.7","616-829","부산광역시 북구 만덕3동 774번지 7호","부산광역시 북구 덕천로 188, 1층 (만덕동)","616-829","(주)지에스리테일 만덕점","2025-04-17 18:01:50","U","2025-04-19 02:40:00","그 밖의 대규모점포","384257.067576796","191991.025225857","준대규모점포"
"67","대규모점포","08_25_01_P","3320000","2014332008807500002","2014-10-06","","01","영업/정상","1","정상영업","","","","","051-331-3000","862.24","616-806","부산광역시 북구 구포동 937번지 28호","부산광역시 북구 백양대로 1052 (구포동)","616-806","탑마트 구포점","2025-04-29 19:11:02","U","2025-05-01 02:40:00","그 밖의 대규모점포","381798.273306626","190693.228707938","준대규모점포"
"78","대규모점포","08_25_01_P","3390000","2000339001507500016","1997-09-05","","01","영업/정상","1","정상영업","","","","","051-310-0701","25321.54","","부산광역시 사상구 감전동 502번지 1호","부산광역시 사상구 낙동대로 910 (감전동)","617-805","마트월드","2024-08-01 15:32:47","U","2024-08-03 02:40:00","구분없음","379554.826788489","184301.128962727","대규모점포"
"80","대규모점포","08_25_01_P","3390000","2000339001507500019","1999-01-08","","01","영업/정상","1","정상영업","","","","","051-609-8094","10310","","부산광역시 사상구 괘법동 529번지 1   호","부산광역시 사상구 광장로 7 (괘법동)","617-808","홈플러스(주)서부산점","2024-02-27 10:54:30","U","2024-02-29 02:40:00","대형마트","380128.339808992","186803.363627799","대규모점포"
"81","대규모점포","08_25_01_P","3390000","2000339001507500021","2000-01-25","","01","영업/정상","1","정상영업","","","","","051 3121500","42.96","","부산광역시 사상구 학장동 797번지 1   호","부산광역시 사상구 대동로 95 (학장동)","617-846","성황리마트","2011-11-14 14:28:28","I","2018-08-31 23:59:59","그 밖의 대규모점포","380187.188805508","183935.965594738","대규모점포"
"83","대규모점포","08_25_01_P","3390000","2005339001507500001","1999-01-08","","01","영업/정상","1","정상영업","","","","","051 3195000","23091.56","","부산광역시 사상구 괘법동 529번지 1호","부산광역시 사상구 광장로 7 (괘법동)","617-725","(주)르네시떼","2024-04-08 17:35:15","U","2024-04-10 02:40:00","그 밖의 대규모점포","380128.339808992","186803.363627799","대규모점포"
"84","대규모점포","08_25_01_P","3390000","2005339001507500002","2005-04-06","","01","영업/정상","1","정상영업","","","","","051 329 1053","17652","617-808","부산광역시 사상구 괘법동 531번지 2호","부산광역시 사상구 광장로 17 (괘법동)","617-808","(주)이마트 사상점","2024-04-18 15:57:49","U","2024-04-20 02:40:00","구분없음","380225.635402132","186791.51940672","대규모점포"
"85","대규모점포","08_25_01_P","3390000","2005339001507500004","2005-09-30","","01","영업/정상","1","정상영업","","","","","051 3221871","565.76","","부산광역시 사상구 주례동 55번지 139호","부산광역시 사상구 냉정로 120 (주례동)","617-833","(주)미래도시(경동윈츠빌)","2011-11-14 14:24:31","I","2018-08-31 23:59:59","그 밖의 대규모점포","383394.643145604","185210.631075375","대규모점포"
"90","대규모점포","08_25_01_P","3390000","2011339008307500001","2011-07-07","","01","영업/정상","1","정상영업","","","","","0513282862","1928","617-081","부산광역시 사상구 모라1동 425번지 2호","부산광역시 사상구 모라로 116 (모라동)","617-820","홈플러스(주)익스프레스모라점","2024-03-26 11:25:41","U","2024-03-28 02:40:00","그 밖의 대규모점포","381395.589872007","189216.398760621","준대규모점포"
"92","대규모점포","08_25_01_P","5070000","2012507017807500001","2012-05-10","","01","영업/정상","1","정상영업","","","","","0548408300","19660","760-110","경상북도 안동시 운흥동 247번지 58호","경상북도 안동시 경동로 656 (운흥동)","760-110","홈플러스(주) 안동점","2024-03-05 09:38:55","U","2024-03-07 02:40:00","대형마트","354764.104994681","341554.03301387","대규모점포"
"93","대규모점포","08_25_01_P","5070000","2005507010207500002","2005-04-12","","01","영업/정상","1","정상영업","","","","","054 850 1250","7639.69","","경상북도 안동시 옥동 796번지 1호","경상북도 안동시 옥동1길 2 (옥동)","760-310","(주)이마트 안동점","2024-04-25 13:43:42","U","2024-04-27 02:40:00","대형마트","352071.498057006","341053.155066362","대규모점포"
"95","대규모점포","08_25_01_P","3700000","2010370005307500001","1999-07-14","","01","영업/정상","1","정상영업","","","","","052 228 2511","10704","680-030","울산광역시 남구 달동 830번지 1호","울산광역시 남구 삼산로 74 (달동)","","롯데마트 울산점","2025-05-13 09:21:39","U","2025-05-15 02:40:00","대형마트","409970.39080848","228450.864733161","대규모점포"
"98","대규모점포","08_25_01_P","3700000","2012370007807500002","2012-04-23","","01","영업/정상","1","정상영업","","","","","052-256-8441","1377.87","680-843","울산광역시 남구 옥동 154번지 4호","울산광역시 남구 문수로 385 (옥동)","","GS슈퍼 울산옥동점","2014-09-27 14:17:50","I","2018-08-31 23:59:59","구분없음","408133.922347121","228530.539374019","준대규모점포"
"100","대규모점포","08_25_01_P","3700000","2016370010407500001","2016-03-09","","01","영업/정상","1","정상영업","","","","","02-2006-2422","468.68","680-833","울산광역시 남구 신정동 1642번지 2호","울산광역시 남구 동산로29번길 4-0 (신정동)","680-833","(주)지에스리테일 울산신정점","2025-04-28 07:54:48","U","2025-04-30 02:40:00","구분없음","408469.455030551","228719.809343783","준대규모점포"
"103","대규모점포","08_25_01_P","3700000","2006370000907500001","2006-04-14","","01","영업/정상","1","정상영업","","","","","052 270 8124","28885","","울산광역시 남구 야음동 789번지 91호","울산광역시 남구 수암로 148 (야음동)","","홈플러스 주식회사 울산남구점","2024-02-27 14:49:17","U","2024-02-29 02:40:00","대형마트","410624.959296763","227668.041604165","대규모점포"
"104","대규모점포","08_25_01_P","3700000","1997370000907500022","1997-08-25","","01","영업/정상","1","정상영업","","","","","052 228 2233","26010.15","","울산광역시 남구 삼산동 1521번지 1   호","울산광역시 남구 삼산로 261 (삼산동)","","(주)현대백화점 울산점","2024-02-29 13:27:07","U","2024-03-02 02:40:00","백화점","411768.0407494","229164.489593214","대규모점포"
"105","대규모점포","08_25_01_P","3700000","2005370000907500038","2005-03-22","","01","영업/정상","1","정상영업","","","","","052 2201052","0","","울산광역시 남구 삼산동 1646호","울산광역시 남구 남중로 48 (삼산동)","","(주)신세계이마트울산점","2010-04-06 16:11:42","I","2018-08-31 23:59:59","대형마트","412914.802999794","229015.430064688",""
"106","대규모점포","08_25_01_P","3700000","2005370000907500039","2005-04-15","","01","영업/정상","1","정상영업","","","","","052 220 1052","12242.17","","울산광역시 남구 삼산동 1646호","울산광역시 남구 남중로 48 (삼산동)","","(주)이마트 울산점","2024-04-24 09:32:49","U","2024-04-26 02:40:00","구분없음","412914.802999794","229015.430064688","대규모점포"
"108","대규모점포","08_25_01_P","3700000","2009370005307500001","2001-07-20","","01","영업/정상","1","정상영업","","","","","052-960-2812","29960","680-746","울산광역시 남구 삼산동 1480번지 1호 롯데백화점","울산광역시 남구 삼산로 288 (삼산동)","680-746","롯데백화점 울산점","2025-05-07 08:48:46","U","2025-05-09 02:40:00","백화점","412001.966655452","229039.563308072","대규모점포"
"109","대규모점포","08_25_01_P","4490000","2012449023407500001","2012-03-20","","01","영업/정상","1","정상영업","","","","","041 565 2090","1530","","충청남도 천안시 동남구 원성동 126번지 3호","충청남도 천안시 동남구  충절로  148 (원성동)","","(주)지에스리테일 천안점","2025-04-16 17:05:38","U","2025-04-18 02:40:00","구분없음","214063.923830588","367122.096951248","준대규모점포"
"110","대규모점포","08_25_01_P","4490000","2012449023407500002","2012-03-20","","01","영업/정상","1","정상영업","","","","","041 622 5601","1437.48","330-160","충청남도 천안시 동남구 신부동 84번지 1호","충청남도 천안시 동남구 신부7길 5-1 (신부동)","330-990","롯데쇼핑(주)롯데슈퍼 신부점","2025-04-25 10:53:15","U","2025-04-27 02:40:00","구분없음","214077.446687248","368217.689466243","준대규모점포"
"112","대규모점포","08_25_01_P","4490000","2012449023407500005","2013-06-10","","01","영업/정상","1","정상영업","","","","","02-2630-2764","13610","331-200","충청남도 천안시 서북구 차암동 제3일반산업단지내 지원시설 B1블럭","충청남도 천안시 서북구 3공단6로 77 (차암동)","331-200","코스트코 홀세일 천안점","2015-12-09 10:46:40","I","2018-08-31 23:59:59","대형마트","209318.605925811","371245.738706969","대규모점포"
"113","대규모점포","08_25_01_P","4490000","2000449011907500011","2000-09-04","","01","영업/정상","1","정상영업","","","","","041 5852500","1023.7","331-090","충청남도 천안시 서북구 쌍용동 1367번지","충청남도 천안시 서북구 월봉로 95 (쌍용동)","331-090","롯데쇼핑(주)롯데마트천안점","2020-02-25 15:07:24","U","2020-02-27 02:40:00","대형마트","210350.365980618","366539.832359485","대규모점포"
"119","대규모점포","08_25_01_P","4620000","2011462006607500001","2011-07-26","","01","영업/정상","1","정상영업","","","","","673-0470","617","357-961","충청남도 태안군 안면읍 승언리 1277번지 1호","충청남도 태안군 안면읍 방포로 35","357-960","롯데슈퍼안면도점","2014-11-25 16:37:52","I","2018-08-31 23:59:59","그 밖의 대규모점포","141107.847258754","334985.259300004","준대규모점포"
"120","대규모점포","08_25_01_P","4490000","2001449013107500007","2001-04-13","","01","영업/정상","1","정상영업","","","","","041 620 1052","11786","","충청남도 천안시 서북구 쌍용동 191번지 E 마트","충청남도 천안시 서북구 충무로 187, E 마트 (쌍용동)","31180","이마트 천안점","2024-04-19 17:53:00","U","2024-04-21 02:40:00","대형마트","211285.641300884","366082.226799409","대규모점포"
"122","대규모점포","08_25_01_P","4490000","2004449023407500001","2004-04-30","","01","영업/정상","1","정상영업","","","","","041 629 8513","12126.78","331-170","충청남도 천안시 서북구 성정동 1486번지","충청남도 천안시 서북구 성정두정로 1 (성정동)","331-978","롯데쇼핑(주)롯데마트성정점","2025-05-19 11:08:35","U","2025-05-21 02:40:00","대형마트","212419.103451336","369433.656719309","대규모점포"
"124","대규모점포","08_25_01_P","4490000","2008449023407500001","2008-08-08","","01","영업/정상","1","정상영업","","","","","041-731-8152","10350","","충청남도 천안시 동남구 구성동 50-3 외 8필지","충청남도 천안시 동남구 천안대로 574, 홈플러스 (구성동)","31069","홈플러스 천안점","2024-03-07 09:32:36","U","2024-03-09 02:40:00","대형마트","214695.358784324","366435.793995253","대규모점포"
"125","대규모점포","08_25_01_P","4490000","2010449023407500002","2010-11-29","","01","영업/정상","1","정상영업","","","","","041-411-5018","45344.53","331-230","충청남도 천안시 서북구 불당동 1299번지","충청남도 천안시 서북구 공원로 227 (불당동)","","한화갤러리아(주) 센터시티","2023-11-29 09:54:46","U","2023-12-01 02:40:00","백화점","209271.952837052","366567.801041603","대규모점포"
"126","대규모점포","08_25_01_P","4490000","2010449023407500003","2010-12-10","","01","영업/정상","1","정상영업","","","","","041 411 1234","6138.86","330-160","충청남도 천안시 동남구 신부동 354번지 1호","충청남도 천안시 동남구 만남로 43 (신부동)","","이마트  천안터미널점","2024-04-19 17:52:41","U","2024-04-21 02:40:00","대형마트","213910.850637373","368774.087611534","대규모점포"
"127","대규모점포","08_25_01_P","4490000","2011449023407500002","2011-09-19","","01","영업/정상","1","정상영업","","","","","02 380 9422","14805.79","331-300","충청남도 천안시 서북구 성성동 천안물류단지 상A4-1","충청남도 천안시 서북구 삼성대로 20 (백석동)","331-220","이마트 서북점","2024-04-19 17:47:23","U","2024-04-21 02:40:00","대형마트","210827.459637775","370795.653061274","대규모점포"
"128","대규모점포","08_25_01_P","4600000","2011460009107500001","2011-04-19","","01","영업/정상","1","정상영업","","","","","041-339-2500","6086","350-801","충청남도 홍성군 홍성읍 고암리 1042번지","충청남도 홍성군 홍성읍 조양로247번길 9","350-815","롯데쇼핑(주)롯데마트 홍성점","2025-05-16 11:04:49","U","2025-05-18 02:40:00","대형마트","170963.816189316","344485.565134627","대규모점포"
"133","대규모점포","08_25_01_P","5580000","2007558000907500001","2007-12-26","","01","영업/정상","1","정상영업","","","","","042 550 8114","7521","321-900","충청남도 계룡시 금암동 21번지 5호","충청남도 계룡시 계룡대로 304 (금암동)","321-900","홈플러스 주식회사(계룡점)","2024-02-27 16:21:20","U","2024-02-29 02:40:00","대형마트","223032.827784192","308171.543487808","대규모점포"
"137","대규모점포","08_25_01_P","4040000","2008404008507500001","2008-05-20","","01","영업/정상","1","정상영업","","","","","02-380-5234","14148.62","465-010","경기도 하남시 덕풍동 736번지","경기도 하남시 덕풍서로 70 (덕풍동)","465-723","이마트 하남점","2024-05-14 15:55:57","U","2024-05-16 02:40:00","대형마트","218076.91973786","450073.163619109","대규모점포"
"141","대규모점포","08_25_01_P","3830000","2002383006207500003","2002-08-29","","01","영업/정상","1","정상영업","","","","","031 687 1052","10130","431-060","경기도 안양시동안구 관양동 1608번지 3호","경기도 안양시 동안구 시민대로 300 (관양동)","431-815","(주)이마트평촌점","2024-04-18 11:26:27","U","2024-04-20 02:40:00","대형마트","196752.332727486","432521.042909087","대규모점포"
"142","대규모점포","08_25_01_P","3830000","2012383018607500004","2012-03-27","","01","영업/정상","1","정상영업","","","","","031-450-2500","53803.33","","경기도 안양시 동안구 호계동 1039번지 1039, 1039-1, 1053-1","경기도 안양시 동안구 시민대로 180 (호계동, G.SQURE)","14073","롯데쇼핑(주)롯데백화점 평촌점","2022-04-21 09:46:29","U","2022-04-23 02:40:00","쇼핑센터","195544.974046367","432016.783362963","대규모점포"
"143","대규모점포","08_25_01_P","3830000","2017383025707500001","2017-06-23","","01","영업/정상","1","정상영업","","","","","031-469-8310","893.16","","경기도 안양시 만안구 안양동 1391","경기도 안양시 만안구 태평로52번길 21, 지층 B103, B104호 (안양동)","14037","(주)지에스리테일 GS수퍼 안양메가트리아점","2025-04-15 11:27:17","U","2025-04-17 02:40:00","구분없음","","","준대규모점포"
"158","대규모점포","08_25_01_P","3830000","2012383018607500001","2012-02-02","","01","영업/정상","1","정상영업","","","","","0314658543","232.7","430-827","경기도 안양시 만안구 안양8동 559번지 2호","경기도 안양시 만안구 냉천로 7 (안양동)","430-827","홈플러스(주)익스프레스 안양점","2024-04-15 09:10:41","U","2024-04-17 02:40:00","구분없음","","","준대규모점포"
"159","대규모점포","08_25_01_P","4170000","2018417013407500001","2018-03-07","","01","영업/정상","1","정상영업","","","","","02-2145-8000","6085.75","476-801","경기도 양평군 양평읍 공흥리 468번지 33호","경기도 양평군 남북로 76-0","476-801","롯데쇼핑(주)롯데마트 경기양평점","2025-05-20 18:01:36","U","2025-05-22 02:40:00","그 밖의 대규모점포","244381.267486222","443145.649076961","대규모점포"
"161","대규모점포","08_25_01_P","5600000","2012560008907500001","2012-03-28","","01","영업/정상","1","정상영업","","","","","031-532-5327","643.4","487-892","경기도 포천시 영북면 운천리 345번지 6호","경기도 포천시 영북면 영북로 178","487-892","(주)이마트에브리데이 영북점","2024-07-25 10:37:36","U","2024-07-27 02:40:00","구분없음","224070.86410856","509736.119699549","준대규모점포"
"163","대규모점포","08_25_01_P","5600000","2007560004507500001","2007-03-12","","01","영업/정상","1","정상영업","","","","","031 540-7182","10845","","경기도 포천시 소흘읍 송우리 730번지 60호","경기도 포천시 소흘읍 솔모루로 9","","홈플러스(주)","2011-04-27 11:54:07","I","2018-08-31 23:59:59","그 밖의 대규모점포","212370.178657853","480201.182904",""
"164","대규모점포","08_25_01_P","5600000","2010560008907500001","2013-01-07","","01","영업/정상","1","정상영업","","","","","031-540-1201","8889.96","487-030","경기도 포천시 설운동 2번지","경기도 포천시 호국로 915 (설운동)","487-030","(주)이마트 포천점","2024-04-18 09:36:16","U","2024-04-20 02:40:00","대형마트","214023.590086578","482831.746228286","대규모점포"
"166","대규모점포","08_25_01_P","5600000","2011560008907500002","2011-10-04","","01","영업/정상","1","정상영업","","","","","(031)533-5601~4","716.03","487-851","경기도 포천시 일동면 기산리 82번지 35호","경기도 포천시 일동면 화동로 1072","487-850","롯데쇼핑(주) 롯데슈퍼 포천일동점","2025-05-12 10:33:35","U","2025-05-14 02:40:00","그 밖의 대규모점포","227973.976182363","495167.132130244","준대규모점포"
"167","대규모점포","08_25_01_P","4050000","2009405024007500002","2009-11-09","","01","영업/정상","1","정상영업","","","","","695-1043","50586","448-702","경기도 용인시 수지구 죽전2동 (주)신세계백화점죽전점","경기도 용인시 수지구 포은대로 536 (죽전동)","448-702","(주) 신세계 사우스시티","2024-12-06 10:43:39","U","2024-12-08 02:40:00","백화점","209514.367988403","424782.528523847","대규모점포"
"168","대규모점포","08_25_01_P","4050000","2011405028807500001","2011-11-02","","01","영업/정상","1","정상영업","","","","","031-337-2033","1310.47","449-925","경기도 용인시 처인구 김량장동 254번지 1호","경기도 용인시 처인구 금령로55번길 12 (김량장동)","449-925","(주)지에스리테일 용인점","2025-04-17 15:06:15","U","2025-04-19 02:40:00","구분없음","217932.238250672","414910.46176146","준대규모점포"
"169","대규모점포","08_25_01_P","3820000","2006382013107500001","2006-12-27","","01","영업/정상","1","정상영업","","","","","031 849-2520","6406.64","","경기도 의정부시 장암동 38번지 10  호","경기도 의정부시 장곡로 224 (장암동)","480-030","롯데마트장암점","2025-05-02 16:26:07","U","2025-05-04 02:40:00","그 밖의 대규모점포","204630.543411273","469034.163890834","대규모점포"
"170","대규모점포","08_25_01_P","3820000","2013382017907500001","2013-07-24","","01","영업/정상","1","정상영업","","","","","0318503300","13503.11","","","경기도 의정부시 용민로489번길 9 (민락동)","480-090","코스트코 홀세일 의정부점","2015-12-08 15:06:43","I","2018-08-31 23:59:59","대형마트","210434.566999847","472099.165269005","대규모점포"
"172","대규모점포","08_25_01_P","3820000","2000382007907500002","2000-12-07","","01","영업/정상","1","정상영업","","","","","031 8502511","9734.6","","경기도 의정부시 용현동 527번지 1호","경기도 의정부시 산단로76번길 116 (용현동)","","롯데쇼핑(주) 마그넷 의정부점","2007-07-07 10:35:33","I","2018-08-31 23:59:59","대형마트","207357.633104922","471153.493650556",""
"177","대규모점포","08_25_01_P","3820000","2012382017907500001","2012-03-20","","01","영업/정상","1","정상영업","","","","","850-1251","13784.64","","경기도 의정부시 민락동 849번지","경기도 의정부시 민락로 210 (민락동, 이마트)","11814","이마트 의정부점","2024-04-23 15:21:02","U","2024-04-25 02:40:00","대형마트","208951.542114843","471192.156816017","대규모점포"
"181","대규모점포","08_25_01_P","4050000","2005405008307500008","2005-09-02","","01","영업/정상","1","정상영업","","","","","003108881052","13659.57","448-811","경기도 용인시 수지구 죽전1동 1282번지","경기도 용인시 수지구 포은대로 552 (죽전동)","448-703","(주)이마트 스타필드 마켓 죽전점","2024-08-02 10:15:31","U","2024-08-04 02:40:00","대형마트","209673.343954233","424823.677745145","대규모점포"
"182","대규모점포","08_25_01_P","4000000","2011400010607500001","2011-11-28","","01","영업/정상","1","정상영업","","","","","031-375-5602","427.7","447-802","경기도 오산시 오산동 877번지 21호","경기도 오산시 대원로15번길 17 (오산동)","447-802","롯데쇼핑(주)롯데슈퍼 오산점","2025-04-25 13:01:24","U","2025-04-27 02:40:00","구분없음","206134.694133401","405121.782352674","준대규모점포"
"184","대규모점포","08_25_01_P","4000000","2012400012507500002","2012-11-12","","01","영업/정상","1","정상영업","","","","","03180778924","19241.74","447-290","경기도 오산시 수청동 610번지","경기도 오산시 청학로 238 (수청동)","","홈플러스(주)오산점","2025-05-07 18:03:43","U","2025-05-09 02:40:00","대형마트","205417.553946702","407590.511508128","대규모점포"
"186","대규모점포","08_25_01_P","4050000","2005405016307500001","2005-11-22","","01","영업/정상","1","정상영업","","","","","003103261052","6252.59","","경기도 용인시처인구 역북동 586-6 외 1필지호","경기도 용인시 처인구 명지로 53 (역북동)","449-933","(주)이마트 용인점","2024-04-22 17:18:13","U","2024-04-24 02:40:00","대형마트","216717.733040208","414404.502750642","대규모점포"
"188","대규모점포","08_25_01_P","4520000","2012452030107500001","2012-10-30","","01","영업/정상","1","정상영업","","","","","041-570-2521","21456.18","","충청남도 아산시 모종동 555번지 5호 아산시외버스터미널복합시설","충청남도 아산시 번영로 225, 아산시외버스터미널복합시설 (모종동)","31522","롯데마트 터미널점","2025-05-12 10:15:00","U","2025-05-14 02:40:00","대형마트","201341.191554264","364818.034415495","대규모점포"
"190","대규모점포","08_25_01_P","3150000","2017315018607500001","2017-03-30","","01","영업/정상","1","정상영업","","","","","02-3665-7661","0","","서울특별시 강서구 가양동 54번지 5호","서울특별시 강서구 양천로 410 (가양동)","07573","노브랜드 강서가양점","2019-01-22 11:08:38","I","2019-01-24 02:20:58","구분없음","186374.463682775","451431.251130887","준대규모점포"
"191","대규모점포","08_25_01_P","3150000","2017315018607500002","2017-06-17","","01","영업/정상","1","정상영업","","","","","02-2039-8337","0","","서울특별시 강서구 마곡동 759번지 마곡센트럴타워Ⅱ","서울특별시 강서구 마곡서로 158, 마곡센트럴타워Ⅱ 103~110, 118, 119호 (마곡동)","07788","이마트에브리데이 마곡점","2019-01-22 11:23:35","I","2019-01-24 02:20:58","구분없음","184507.89151286","451772.49965437","준대규모점포"
"192","대규모점포","08_25_01_P","3150000","2017315018607500003","2017-08-14","","01","영업/정상","1","정상영업","","","","","02-3664-6600","0","","서울특별시 강서구 마곡동 776번지 2호 마곡센트럴대방디엠시티오피스텔","서울특별시 강서구 양천로 344, 마곡센트럴대방디엠시티오피스텔 121-1,2호 (마곡동)","07791","롯데쇼핑㈜ 마켓999 양천향교역가맹점","2019-01-22 13:16:25","I","2019-01-24 02:20:58","구분없음","185827.239418328","451790.699502971","준대규모점포"
"194","대규모점포","08_25_01_P","3150000","2017315018607500004","2017-10-11","","01","영업/정상","1","정상영업","","","","","02-2063-3690","0","","서울특별시 강서구 가양동 1458번지 9호 동남빌딩","서울특별시 강서구 허준로 16-12, 동남빌딩 (가양동)","07529","㈜이마트에브리데이 양천향교역점","2019-01-22 13:23:37","I","2019-01-24 02:20:58","구분없음","186080.902016621","451971.178722228","준대규모점포"
"195","대규모점포","08_25_01_P","3150000","2018315018607500001","2018-07-30","","01","영업/정상","1","정상영업","","","","","02-2667-0151","0","","서울특별시 강서구 마곡동 768번지 2호 동익드미라벨복합빌딩","서울특별시 강서구 마곡서로 101, 동익드미라벨복합빌딩 (마곡동)","07798","노브랜드 강서마곡점","2024-04-24 17:26:27","U","2024-04-26 02:40:00","구분없음","184345.724012817","451171.287709396","준대규모점포"
"196","대규모점포","08_25_01_P","3310000","2019331010007500001","2019-01-17","","01","영업/정상","1","정상영업","","","","","051-647-9620","24081.39","","부산광역시 남구 문현동 1227번지 2호","부산광역시 남구 전포대로 133 (문현동)","48400","IFC부산 오슬로파크","2024-12-26 16:41:49","U","2024-12-28 02:40:00","쇼핑센터","388150.394268792","185188.729710212","대규모점포"
"199","대규모점포","08_25_01_P","4090000","2019409035407500001","2019-03-05","","01","영업/정상","1","정상영업","","","","","031-984-2811","7183.43","","경기도 김포시 걸포동 1440번지","경기도 김포시 홍도평로 20, 김포농협 농수축산물판매장 (걸포동)","10096","김포농협 농수축산물판매장","2019-05-08 17:46:26","U","2019-05-10 02:40:00","대형마트","174592.445872281","458856.710374198","대규모점포"
"200","대규모점포","08_25_01_P","5710000","2019571018307500001","2019-01-14","","01","영업/정상","1","정상영업","","","","","043-287-8374","379.2","","충청북도 청주시 상당구 방서동 247번지 9호 청주센트럴자이 102~1호","충청북도 청주시 상당구 단재로 316, 102~105호 (방서동, 청주센트럴자이)","28787","GS수퍼마켓 청주방서점","2025-04-22 10:51:33","U","2025-04-24 02:40:00","구분없음","244759.908068828","344574.244837769","준대규모점포"
"203","대규모점포","08_25_01_P","5350000","2023535033007500001","2023-08-24","","01","영업/정상","1","정상영업","","","","","","528.5","","경상남도 김해시 신문동 1283-3","경상남도 김해시 장유로334번길 58 (신문동)","51001","GS THE FRESH 장유신문점","2024-02-12 10:58:29","U","2024-02-14 02:40:00","구분없음","364926.532307183","189762.181181905","준대규모점포"
"204","대규모점포","08_25_01_P","5710000","2023571023607500001","2023-08-02","","01","영업/정상","1","정상영업","","","","","","489.58","","충청북도 청주시 흥덕구 복대동 3381","충청북도 청주시 흥덕구 대농로 47-1, 지웰시티2몰 지하1층 (복대동)","28425","롯데프레시 청주지웰가맹점","2024-08-06 17:37:34","U","2024-08-09 02:40:00","구분없음","238310.202218021","349177.645947792","준대규모점포"
"205","대규모점포","08_25_01_P","4351000","2023435100907500001","2023-09-13","","01","영업/정상","1","정상영업","","","","","033-671-5810","3276.22","","강원특별자치도 양양군 강현면 물치리 126-11","강원특별자치도 양양군 강현면 물치천로 14","25061","강현농협 하나로마트","2024-06-14 10:28:02","U","2024-06-16 02:40:00","그 밖의 대규모점포","340693.912244024","517983.699145683","대규모점포"
"208","대규모점포","08_25_01_P","3180000","2023318025507500002","2023-09-05","","01","영업/정상","1","정상영업","","","","","02-380-5042","1075.83","","서울특별시 영등포구 당산동2가 165 한화포레나당산","서울특별시 영등포구 당산로 83, 지하 102~103호 (당산동2가, 한화포레나당산)","07264","(주)이마트에브리데이 영등포구청점","2024-08-27 16:48:04","U","2024-08-29 02:40:00","구분없음","","","준대규모점포"
"209","대규모점포","08_25_01_P","3030000","2023303010307500003","2023-07-21","","01","영업/정상","1","정상영업","","","","","02-2297-5180","327.3","","서울특별시 성동구 상왕십리동 811 텐즈힐","서울특별시 성동구 마장로 137, 221동 1층 1230호,1231호,1232(일부)호 (상왕십리동, 텐즈힐)","04700","GS THE FRESH 성동텐즈힐점","2025-04-18 09:36:02","U","2025-04-20 02:40:00","구분없음","202113.869605464","451897.581865192","준대규모점포"
"210","대규모점포","08_25_01_P","3420000","2008342009007500001","2008-10-28","","01","영업/정상","1","정상영업","","","","","053-559-2080","11787.54","701-860","대구광역시 동구 검사동 908번지 5호","대구광역시 동구 동촌로 127 (검사동)","701-860","홈플러스 주식회사 동촌점","2024-04-02 09:11:00","U","2024-04-04 02:40:00","대형마트","349426.805402323","266377.854783573","대규모점포"
"212","대규모점포","08_25_01_P","3470000","2014347011707500004","2011-07-21","","01","영업/정상","1","정상영업","","","","","655-6933","311","704-912","대구광역시 달서구 본리동 76번지 2호","대구광역시 달서구 장기로 167, 223동 118~122호 (본리동, 성당래미안이편한세상)","704-912","(주)지에스리테일 GS수퍼 본리점","2025-05-29 11:08:23","U","2025-05-31 02:40:00","대형마트","339230.845140453","261410.555121064","준대규모점포"
"213","대규모점포","08_25_01_P","3470000","2014347011707500007","2011-07-21","","01","영업/정상","1","정상영업","","","","","632-7744","313","704-818","대구광역시 달서구 상인동 1527번지 3호","대구광역시 달서구 상화북로 187 (상인동)","704-818","(주)지에스리테일 GS수퍼 대구월곡점","2025-05-29 11:18:51","U","2025-05-31 02:40:00","대형마트","339656.946917105","258136.225468779","준대규모점포"
"214","대규모점포","08_25_01_P","3470000","2017347011707500001","2004-02-02","","01","영업/정상","1","정상영업","","","","","053 258 1606","21194.09","","","대구광역시 달서구 월배로 232 (상인동, 롯데백화점상인점)","42809","롯데백화점 상인점","2025-06-13 16:44:51","U","2025-06-15 02:40:00","백화점","339047.793378934","258741.902180368","대규모점포"
"230","대규모점포","08_25_01_P","3430000","2005343005007500002","2005-04-19","","01","영업/정상","1","정상영업","","","","","053-567-2080","8916.96","","대구광역시 서구 내당동 65번지 8   호","대구광역시 서구 달구벌대로 1821 (내당동)","","홈플러스(주)","2024-03-06 14:11:38","U","2024-03-08 02:40:00","그 밖의 대규모점포","341183.300058144","263371.670936427","대규모점포"
"234","대규모점포","08_25_01_P","3420000","2016342013507500002","2016-10-21","","01","영업/정상","1","정상영업","","","","","02-2630-2828","12921","701-300","대구광역시 동구 신서동 1187번지","","","코스트코 홀세일 대구점","2018-09-27 10:06:35","U","2018-09-27 23:59:59","대형마트","356223.244084316","265495.669079208","대규모점포"
"236","대규모점포","08_25_01_P","3420000","2011342011107500003","2011-10-10","","01","영업/정상","1","정상영업","","","","","053-985-8661","1466.29","701-801","대구광역시 동구 방촌동 907번지 7호","대구광역시 동구 동촌로45길 5 (방촌동)","701-801","(주)이마트에브리데이 방촌동점","2024-07-30 16:06:44","U","2024-08-01 02:40:00","쇼핑센터","350282.049754039","265973.967993354","준대규모점포"
"238","대규모점포","08_25_01_P","3420000","2016342013507500001","2016-10-10","","01","영업/정상","1","정상영업","","","","","053-749-3593","105538.69","","대구광역시 동구 신천동 329번지 3호","대구광역시 동구 동부로 149 (신천동)","41229","(주)신세계 동대구복합환승센터","2024-05-08 17:58:12","U","2024-05-10 02:40:00","백화점","347037.241970286","265407.404336831","대규모점포"
"239","대규모점포","08_25_01_P","3420000","2004342005807500001","2004-08-21","","01","영업/정상","1","정상영업","","","","","053-665-1052","16445.98","701-868","대구광역시 동구 신서동 520번지 1호","대구광역시 동구 안심로 389-2 (신서동)","701-868","(주)이마트 반야월점","2024-05-08 16:44:30","U","2024-05-10 02:40:00","대형마트","355939.362329351","264777.243597576","대규모점포"
"242","대규모점포","08_25_01_P","3470000","2011347011707500001","2001-04-14","","01","영업/정상","1","정상영업","","","","","607-1300","16163.35","704-330","대구광역시 달서구 대천동 555번지","대구광역시 달서구 진천로 92 (대천동)","704-330","(주)이마트 월배점","2024-04-18 18:34:31","U","2024-04-20 02:40:00","대형마트","337647.188646821","258512.316695219","대규모점포"
"243","대규모점포","08_25_01_P","3470000","2013347011707500002","2011-06-22","","01","영업/정상","1","정상영업","","","","","053 586 8545","308","704-131","대구광역시 달서구 용산1동 414번지 5호","대구광역시 달서구 성지로 27 (용산동)","","홈플러스(주) 익스프레스 용산2점","2024-03-29 14:07:36","U","2024-03-31 02:40:00","대형마트","337097.037439529","262588.592202503","준대규모점포"
"244","대규모점포","08_25_01_P","3470000","2013347011707500003","2011-06-22","","01","영업/정상","1","정상영업","","","","","053 631 8545","211.24","704-371","대구광역시 달서구 상인1동 860번지 3호","대구광역시 달서구 송현로7길 19 (상인동)","","홈플러스(주) 익스프레스 상인점","2024-04-01 17:46:34","U","2024-04-03 02:40:00","대형마트","339717.020272848","258942.835947393","준대규모점포"
"245","대규모점포","08_25_01_P","3470000","2013347011707500004","2011-06-22","","01","영업/정상","1","정상영업","","","","","053 525 8546","282.2","704-936","대구광역시 달서구 용산동 934번지 1호","대구광역시 달서구 용산로 220 (용산동)","704-936","홈플러스(주) 익스프레스 용산점","2024-03-29 14:12:17","U","2024-03-31 02:40:00","대형마트","338205.215347484","262968.826072739","준대규모점포"
"246","대규모점포","08_25_01_P","3470000","2013347011707500005","2011-06-22","","01","영업/정상","1","정상영업","","","","","0535538546","339.1","","대구광역시 달서구 감삼동 206-75","대구광역시 달서구 당산로 83 (감삼동)","42653","홈플러스(주) 익스프레스 감삼점","2024-04-01 17:49:25","U","2024-04-03 02:40:00","대형마트","339440.669923424","261637.957403825","준대규모점포"
"247","대규모점포","08_25_01_P","3420000","2000342000007500001","2000-05-18","","01","영업/정상","1","정상영업","","","","","111111111111","200","","대구광역시 동구 각산동 호","","","확산대형마트","2007-07-14 11:21:18","I","2018-08-31 23:59:59","대형마트","","",""
"249","대규모점포","08_25_01_P","3420000","2000342000007500003","2000-05-18","","01","영업/정상","1","정상영업","","","","","111111111111","200","","대구광역시 동구 각산동 호","","","확산마트","2007-07-14 11:21:18","I","2018-08-31 23:59:59","대형마트","","",""
"265","대규모점포","08_25_01_P","3470000","2000347000007500022","1999-11-05","","01","영업/정상","1","정상영업","","","","","605-1234","10162.4","","대구광역시 달서구 이곡동 1254호","대구광역시 달서구 이곡동로 24 (이곡동)","","(주)이마트 성서점","2024-04-18 18:40:50","U","2024-04-20 02:40:00","대형마트","336343.945542934","262554.743800908","대규모점포"
"267","대규모점포","08_25_01_P","3470000","2002347001307500003","2002-12-04","","01","영업/정상","1","정상영업","","","","","550 8124","18179","","대구광역시 달서구 용산동 230번지 11호","대구광역시 달서구 달구벌대로 1467 (용산동)","","홈플러스(주) 성서점","2024-03-07 18:34:53","U","2024-03-09 02:40:00","대형마트","337916.079938251","262111.061697986","대규모점포"
"268","대규모점포","08_25_01_P","3470000","2007347011707500001","2007-08-14","","01","영업/정상","1","정상영업","","","","","053 3808124","12332","704-370","대구광역시 달서구 상인동 171번지 1호","대구광역시 달서구 월배로 183 (상인동)","","홈플러스(주)  상인점","2024-03-07 18:43:07","U","2024-03-09 02:40:00","대형마트","338508.039690504","258645.860959228","대규모점포"
"284","대규모점포","08_25_01_P","3460000","2001346010207500001","2001-02-12","","01","영업/정상","1","정상영업","","","","","053-602-1052","10578.56","706-803","대구광역시 수성구 만촌1동 1356번지 5호","대구광역시 수성구 동원로 136 (만촌동)","706-803","(주)이마트 만촌점","2024-04-22 15:51:43","U","2024-04-24 02:40:00","대형마트","347757.985568431","264692.744180043","대규모점포"
"290","대규모점포","08_25_01_P","3460000","2011346011707500007","2011-12-07","","01","영업/정상","1","정상영업","","","","","0537645601","2534.6","706-838","대구광역시 수성구 중동 333번지 7호","대구광역시 수성구 수성로 227 (중동)","706-838","롯데쇼핑(주)롯데슈퍼 수성점","2025-04-25 11:12:42","U","2025-04-27 02:40:00","구분없음","345582.781827589","261837.875953958","준대규모점포"
"293","대규모점포","08_25_01_P","3460000","2010346011707500001","2010-10-14","","01","영업/정상","1","정상영업","","","","","768-0167","7281","706-080","대구광역시 수성구 두산동 113호  SK리더스뷰 지하1층","대구광역시 수성구 동대구로 95 (두산동)","706-962","홈플러스 대구 수성점","2024-03-04 13:22:21","U","2024-03-06 02:40:00","대형마트","346586.097961164","261066.09520777","대규모점포"
"305","대규모점포","08_25_01_P","3680000","2012368009207500002","2012-04-04","","01","영업/정상","1","정상영업","","","","","042-716-2341","912.1","","","대전광역시 대덕구 대청로 62 (신탄진동)","306-814","(주)이마트에브리데이 신탄진점","2024-07-19 14:21:21","U","2024-07-21 02:40:00","구분없음","238937.068223097","328061.553195894","준대규모점포"
"306","대규모점포","08_25_01_P","3680000","2012368009207500004","2012-04-26","","01","영업/정상","1","정상영업","","","","","042-634-8545","421.5","306-040","대전광역시 대덕구 송촌동 460번지 4호","대전광역시 대덕구 동춘당로94번길 11-15 (송촌동)","","홈플러스 주식회사 익스프레스 송촌점","2024-03-26 09:48:01","U","2024-03-28 02:40:00","구분없음","239365.496474069","318445.470353913","준대규모점포"
"308","대규모점포","08_25_01_P","3670000","1994367001407500002","1994-09-16","","01","영업/정상","1","정상영업","","","","","042-862-8118","0","","대전광역시 유성구 전민동 466번지 3   호","대전광역시 유성구 엑스포로 488 (전민동)","","엑스포코아","2023-05-16 15:06:56","U","2023-05-18 02:40:00","그 밖의 대규모점포","236327.64761344","322197.703380981","대규모점포"
"309","대규모점포","08_25_01_P","3670000","2001367001407500001","2001-10-16","","01","영업/정상","1","정상영업","","","","","042-540-2500","16205.68","","대전광역시 유성구 원내동 33호 외 19필지","대전광역시 유성구 유성대로 26-37 (원내동)","305-252","롯데쇼핑(주) 롯데마트 서대전점","2025-05-09 11:32:10","U","2025-05-11 02:40:00","대형마트","228962.548245134","311265.617953081","대규모점포"
"310","대규모점포","08_25_01_P","3670000","2003367001407500002","2003-06-18","","01","영업/정상","1","정상영업","","","","","042-841-2080","21569.82","","대전광역시 유성구 봉명동 669호","대전광역시 유성구 한밭대로 502 (봉명동)","305-301","홈플러스(주)유성점","2024-03-14 16:35:46","U","2024-03-16 02:40:00","대형마트","231731.951925609","317572.617410814","대규모점포"
"311","대규모점포","08_25_01_P","3670000","2007367007507500001","2007-11-14","","01","영업/정상","1","정상영업","","","","","042-930-2500","18409.34","305-509","대전광역시 유성구 관평동 887번지","대전광역시 유성구 테크노중앙로 14 (관평동)","305-509","롯데쇼핑(주)롯데마트 대덕테크노밸리점","2025-05-09 11:30:48","U","2025-05-11 02:40:00","대형마트","234616.595769579","325170.14934764","대규모점포"
"312","대규모점포","08_25_01_P","3670000","2008367009007500002","2008-10-15","","01","영업/정상","1","정상영업","","","","","042-525-2500","10119.72","305-358","대전광역시 유성구 하기동 519번지","대전광역시 유성구 북유성대로 206 (하기동)","305-358","롯데쇼핑(주)롯데마트 노은점","2025-05-09 11:22:52","U","2025-05-11 02:40:00","대형마트","228791.561904026","320417.927035738","대규모점포"
"317","대규모점포","08_25_01_P","3370000","2017337006907500001","2017-06-01","","01","영업/정상","1","정상영업","","","","","051-968-5652","17145.55","","부산광역시 연제구 연산동 2374","부산광역시 연제구 좌수영로 241 (연산동)","47569","트레이더스 홀세일 클럽 연산점","2024-04-17 10:00:18","U","2024-04-19 02:40:00","대형마트","392308.475150846","189367.663906888","대규모점포"
"324","대규모점포","08_25_01_P","3370000","2005337001407500001","2001-11-17","","01","영업/정상","1","정상영업","","","","","051-860-1050","13800","","부산광역시 연제구 연산동 822-7호","부산광역시 연제구 연수로 89 (연산동)","611-749","(주)이마트 연제점","2024-04-17 09:57:05","U","2024-04-19 02:40:00","대형마트","389532.511756755","188309.453546847","대규모점포"
"327","대규모점포","08_25_01_P","3370000","2003337001407500003","2003-03-26","","01","영업/정상","1","정상영업","","","","","0515008000","32040","","부산광역시 연제구 거제동 1208호","부산광역시 연제구 종합운동장로 7 (거제동)","611-807","홈플러스 주식회사 아시아드점","2024-02-27 10:42:00","U","2024-02-29 02:40:00","대형마트","387686.194940483","189911.430545728","대규모점포"
"329","대규모점포","08_25_01_P","3370000","2011337006907500001","2011-06-20","","01","영업/정상","1","정상영업","","","","","051-867-8548","375","611-836","부산광역시 연제구 연산6동 2133번지 8호","부산광역시 연제구 배산로 10 (연산동)","611-836","홈플러스(주) 익스프레스 부산연제점","2024-03-15 14:02:05","U","2024-03-17 02:40:00","구분없음","390616.441119873","188113.291136994","준대규모점포"
"331","대규모점포","08_25_01_P","3370000","2011337006907500002","2011-06-23","","01","영업/정상","1","정상영업","","","","","051-751-8565","224.3","611-817","부산광역시 연제구 연산9동 399번지 10호","부산광역시 연제구 과정로 226 (연산동)","611-817","홈플러스(주) 익스프레스 토곡점","2024-03-19 18:31:37","U","2024-03-21 02:40:00","그 밖의 대규모점포","391426.197700912","189675.658843247","준대규모점포"
"347","대규모점포","08_25_01_P","5350000","2000535016407500001","2000-10-21","","01","영업/정상","1","정상영업","","","","","055-320-8023","31040.36","621-746","경상남도 김해시 내동 1131-2","경상남도 김해시 김해대로 2078 (내동)","621-746","홈플러스(주) 김해점","2024-02-27 14:02:52","U","2024-02-29 02:40:00","대형마트","370158.843415118","195217.779643226","대규모점포"
"349","대규모점포","08_25_01_P","5350000","2004535010107500002","2004-08-12","","01","영업/정상","1","정상영업","","","","","055 311 2500","11125.31","","경상남도 김해시 장유면 대청리 300호","경상남도 김해시 번화1로56번길 15 (대청동)","621-280","롯데쇼핑(주) 롯데마트장유점","2025-07-01 17:46:42","U","2025-07-03 02:40:00","대형마트","363984.907414338","189687.574572712","대규모점포"
"352","대규모점포","08_25_01_P","5350000","2012535019607500003","2012-07-31","","01","영업/정상","1","정상영업","","","","","02-820-8524","14842","","경상남도 김해시 삼정동 426번지 메가마트 김해점","경상남도 김해시 김해대로2492번길 20 (삼정동)","50935","메가마트 김해점","2024-12-27 10:38:28","U","2024-12-29 02:40:00","대형마트","372941.32985139","193521.212396072","대규모점포"
"354","대규모점포","08_25_01_P","5350000","2013535019607500001","2013-07-03","","01","영업/정상","1","정상영업","","","","","055 340 2800","11249.63","621-010","경상남도 김해시 부원동  부원역세권지구 A-1블럭","경상남도 김해시 김해대로 2330 (부원동)","621-907","롯데쇼핑(주) 롯데마트 김해점","2025-05-02 16:29:19","U","2025-05-04 02:40:00","대형마트","371275.452046503","193430.416033372","대규모점포"
"362","대규모점포","08_25_01_P","3730000","2012373010207500003","2012-05-18","","01","영업/정상","1","정상영업","","","","","052-264-0244","551.97","689-806","울산광역시 울주군 언양읍 서부리 155번지 3호","울산광역시 울주군 언양읍 헌양길 117","","탑마트 언양점","2025-05-07 11:12:47","U","2025-05-09 02:40:00","그 밖의 대규모점포","392074.502799536","231607.371040507","준대규모점포"
"365","대규모점포","08_25_01_P","6520000","2000550000007500002","1975-05-01","","01","영업/정상","1","정상영업","","","","","064 7623122","","","제주특별자치도 서귀포시 서귀동 274번지 6호","제주특별자치도 서귀포시 중정로 69 (서귀동)","","동명백화점","2007-06-30 12:02:53","I","2018-08-31 23:59:59","백화점","159271.535417339","-27435.1082417437",""
"366","대규모점포","08_25_01_P","4030000","2002403006007500003","2002-06-17","","01","영업/정상","1","정상영업","","","","","031 471 2521","11672","","경기도 의왕시 내손동 743호","경기도 의왕시 계원대학로 7 (내손동, 롯데마트)","437-081","롯데쇼핑(주) 롯데마트 의왕점","2025-05-02 15:46:08","U","2025-05-04 02:40:00","대형마트","197598.213989563","430907.769943711","대규모점포"
"368","대규모점포","08_25_01_P","5590000","1997410001307500001","1997-04-26","","01","영업/정상","1","정상영업","","","","","031-864-7200","7154.16","","경기도 양주시 덕계동 694호","경기도 양주시 평화로1413번길 48 (덕계동)","482-050","리치마트 양주점","2025-05-15 08:57:01","U","2025-05-17 02:40:00","대형마트","203707.728341001","479401.14588968","대규모점포"
"369","대규모점포","08_25_01_P","5590000","2004559001407500001","2004-06-07","","01","영업/정상","1","정상영업","","","","","031-860-0123","8889.61","","경기도 양주시 회정동 98번지 5호","경기도 양주시 평화로 1713 (회정동)","482-170","(주)이마트 양주점","2024-04-18 16:18:49","U","2024-04-20 02:40:00","대형마트","","","대규모점포"
"370","대규모점포","08_25_01_P","5590000","2005559001407500001","2005-01-12","","01","영업/정상","1","정상영업","","","","","","8925.62","","경기도 양주시 회정동 351번지 2호 외 2필지","경기도 양주시 평화로 1547 (회정동)","482-170","골드마트","2024-03-07 16:06:16","U","2024-03-09 02:40:00","대형마트","204558.385732362","480550.606085097","대규모점포"
"371","대규모점포","08_25_01_P","4030000","2012403013507500001","2012-04-13","","01","영업/정상","1","정상영업","","","","","02   3809461","9875.45","","경기도 의왕시 오전동 892 의왕서해그랑블(블루스퀘어)","경기도 의왕시 경수대로 262, 지하5층~지상1층 (오전동, 의왕서해그랑블(블루스퀘어))","16058","(주)이마트 의왕점","2024-04-29 14:07:44","U","2024-05-01 02:40:00","대형마트","197590.089971229","427590.743059589","대규모점포"
"372","대규모점포","08_25_01_P","4040000","2010404008507500001","2010-12-07","","01","영업/정상","1","정상영업","","","","","0317777015","10650","465-821","경기도 하남시 신장1동 570번지","경기도 하남시 하남대로 747 (신장동, 홈플러스 하남점)","465-030","홈플러스(주) 경기하남점","2024-03-26 09:21:04","U","2024-03-28 02:40:00","대형마트","218722.326285059","448437.965903226","대규모점포"
"373","대규모점포","08_25_01_P","4040000","2011404015507500002","2011-12-26","","01","영업/정상","1","정상영업","","","","","031-795-1682","1047","465-030","경기도 하남시 신장동 427번지 53호","경기도 하남시 신장1로9번길 74 (신장동)","465-030","(주)지에스리테일 하남점","2025-04-18 14:54:08","U","2025-04-20 02:40:00","구분없음","218092.270999261","448561.965519817","준대규모점포"
"374","대규모점포","08_25_01_P","4040000","2016404015507500001","2016-02-01","","01","영업/정상","1","정상영업","","","","","02-3457-8000","10350","465-030","경기도 하남시 신장동 747번지","","","홈플러스(주)하남점","2016-02-19 15:55:46","I","2018-08-31 23:59:59","대형마트","","","대규모점포"
"376","대규모점포","08_25_01_P","4040000","2016404015507500003","2016-10-31","","01","영업/정상","1","정상영업","","","","","02-380-9396","45170","465-240","경기도 하남시 학암동 660번지","경기도 하남시 위례대로 200 (학암동)","465-240","스타필드 시티 위례점","2024-05-14 14:41:34","U","2024-05-16 02:40:00","쇼핑센터","213056.041875501","441993.377546086","대규모점포"
"377","대규모점포","08_25_01_P","4040000","2017404019907500001","2017-10-25","","01","영업/정상","1","정상영업","","","","","02-2630-2648","14625.31","","경기도 하남시 풍산동 609 코스트코 홀세일 하남점","경기도 하남시 미사강변중앙로 40, 코스트코 홀세일 하남점 (풍산동)","12938","코스트코 홀세일 하남점","2024-02-26 11:14:50","U","2024-02-28 02:40:00","대형마트","217063.768457455","449847.097381194","대규모점포"
"382","대규모점포","08_25_01_P","4530000","2022453039107500001","2022-03-23","","01","영업/정상","1","정상영업","","","","","041-669-1378","4150.89","","충청남도 서산시 잠홍동 568","충청남도 서산시 고운로 353(잠홍동)","31966","충서원예농협 하나로마트","2025-06-05 17:04:11","U","2025-06-08 02:40:00","대형마트","152914.504639942","365160.666934624","대규모점포"
"387","대규모점포","08_25_01_P","3400000","2019340010907500001","2019-04-25","","01","영업/정상","1","정상영업","","","","","02-310-8700","22654.44","","부산광역시 기장군 기장읍 당사리 52번지 2호 이케아 동부산점","부산광역시 기장군 기장읍 동부산관광3로 17, 이케아 동부산점","46084","이케아 동부산점","2024-02-13 15:50:12","U","2024-02-15 02:40:00","전문점","401263.933189653","190196.173106958","대규모점포"
"389","대규모점포","08_25_01_P","5690000","2019569020007500001","2019-04-17","","01","영업/정상","1","정상영업","","","","","","457.32","","세종특별자치시 보람동 730 호려울마을3단지 근린생활시설","세종특별자치시 한누리대로 2200, 호려울마을3단지 근린생활시설 1층 101-112호 (보람동)","30151","(주)이마트에브리데이 세종신동아점","2024-07-29 17:04:12","U","2024-07-31 02:40:00","그 밖의 대규모점포","225200.242050323","330681.871250214","준대규모점포"
"391","대규모점포","08_25_01_P","3530000","2023353017907500001","2023-06-12","","01","영업/정상","1","정상영업","","","","","02-380-9843","19686.36","","인천광역시 남동구 구월동 1549","","","(주)이마트 트레이더스 구월점","2024-04-29 13:03:56","U","2024-05-01 02:40:00","대형마트","174074.002286488","437545.395950524","대규모점포"
"392","대규모점포","08_25_01_P","3560000","2023356022207500002","2023-06-29","","01","영업/정상","1","정상영업","","","","","02-2006-2747","368.51","","인천광역시 서구 가정동 0 루원시티2차 SK Leaders' VIEW","인천광역시 서구 봉오대로 270, 302동 B239~B245호 (가정동, 루원시티2차 SK Leaders' VIEW)","22776","GS THE FRESH 루원리더스뷰점","2025-04-18 13:52:07","U","2025-04-20 02:40:00","그 밖의 대규모점포","","","준대규모점포"
"395","대규모점포","08_25_01_P","4181000","2009418016607500001","2009-11-27","","01","영업/정상","1","정상영업","","","","","033-248-7016","9687.55","200-070","강원특별자치도 춘천시 조양동 34번지","강원특별자치도 춘천시 금강로 68-9 (조양동)","200-942","(주)메가마트 엠 춘천점","2024-12-30 17:48:05","U","2025-01-03 02:40:00","백화점","264033.833068137","486464.959442249","대규모점포"
"396","대규모점포","08_25_01_P","4181000","2010418016607500001","2010-02-04","","01","영업/정상","1","정상영업","","","","","033 240 2500","14598.79","200-190","강원특별자치도 춘천시 온의동 6번지 25호","강원특별자치도 춘천시 방송길 84 (온의동, 롯데마트 춘천점)","200-937","롯데쇼핑(주)롯데마트 춘천점","2025-05-16 08:55:27","U","2025-05-18 02:40:00","대형마트","263109.175778889","485355.40305733","대규모점포"
"397","대규모점포","08_25_01_P","4181000","2010418016607500002","2010-03-11","","01","영업/정상","1","정상영업","","","","","033-269-8000","12426","200-943","강원특별자치도 춘천시 퇴계동 141번지","강원특별자치도 춘천시 김유정로 1840 (퇴계동, 홈플러스 춘천점)","200-943","홈플러스(주)춘천점","2024-03-05 19:20:31","U","2024-03-07 02:40:00","대형마트","264597.191878957","483368.29049207","대규모점포"
"398","대규모점포","08_25_01_P","4181000","2010418016607500003","2010-06-01","","01","영업/정상","1","정상영업","","","","","033-260-7781","6272","","강원특별자치도 춘천시 석사동 27-2 롯데마트 석사점","강원특별자치도 춘천시 세실로 108, 롯데마트 석사점 (석사동)","24315","롯데쇼핑(주)롯데마트 석사점","2025-05-16 08:55:56","U","2025-05-18 02:40:00","대형마트","266737.880921009","485159.020559127","대규모점포"
"401","대규모점포","08_25_01_P","4181000","1996418001607500003","2020-03-05","","01","영업/정상","1","정상영업","","","","","033 2435588","3493.65","200-943","강원특별자치도 춘천시 퇴계동 381번지 1호","강원특별자치도 춘천시 영서로 2195 (퇴계동)","200-943","롯데슈퍼 춘천점","2023-04-28 11:18:24","I","2023-06-13 00:00:00","구분없음","264048.38885859","484444.290618198","준대규모점포"
"402","대규모점포","08_25_01_P","4181000","1997418001607500001","1997-08-08","","01","영업/정상","1","정상영업","","","","","033 2607000","","","호","","","LG마트춘천점","2007-07-21 10:12:48","I","2023-06-13 00:00:00","대형마트","","",""
"403","대규모점포","08_25_01_P","4181000","2005418016607500001","2005-11-03","","01","영업/정상","1","정상영업","","","","","033 240 1052","9722.01","200-938","강원특별자치도 춘천시 온의동 511번지","강원특별자치도 춘천시 경춘로 2353 (온의동)","200-938","(주)이마트 춘천점","2024-04-16 18:10:47","U","2024-04-18 02:40:00","대형마트","263141.943193102","484821.289677657","대규모점포"
"405","대규모점포","08_25_01_P","4181000","2012418022907500001","2012-03-26","","01","영업/정상","1","정상영업","","","","","033-252-6900","314.05","200-969","강원특별자치도 춘천시 후평2동 692번지 6호","강원특별자치도 춘천시 춘천로 306-5 (후평동)","200-969","GS수퍼마켓 춘천후평점","2012-07-26 11:53:23","I","2023-06-13 00:00:00","그 밖의 대규모점포","265652.823236414","486777.473538161","준대규모점포"
"406","대규모점포","08_25_01_P","4181000","2013418022907500001","2008-12-17","","01","영업/정상","1","정상영업","","","","","033-264-3802","6447.28","","","강원특별자치도 춘천시 지석로 11 (퇴계동)","200-943","춘천철원화천양구축산농협 하나로마트(퇴계점)","2020-06-17 16:05:20","I","2023-06-13 00:00:00","대형마트","264838.52203719","483744.542704867","대규모점포"
"407","대규모점포","08_25_01_P","4181000","2014418027707500001","2004-08-31","","01","영업/정상","1","정상영업","","","","","033-243-8106","413.57","","","강원특별자치도 춘천시 경춘로 2342 (온의동)","200-938","춘천철원화천양구축산농협 하나로마트 (강남점)","2020-06-17 17:07:20","I","2023-06-13 00:00:00","구분없음","263244.686473259","484697.696269724","준대규모점포"
"410","대규모점포","08_25_01_P","4181000","2020418034907500001","2020-03-05","","01","영업/정상","1","정상영업","","","","","033-252-3000","3493.65","","강원특별자치도 춘천시 퇴계동 381번지 1호 롯데슈퍼","강원특별자치도 춘천시 영서로 2195, 롯데슈퍼 (퇴계동)","24445","롯데슈퍼 춘천점","2024-11-12 13:14:19","U","2024-11-14 02:40:00","구분없음","264048.38885859","484444.290618198","준대규모점포"
"411","대규모점포","08_25_01_P","4181000","2022418034907500001","2022-08-31","","01","영업/정상","1","정상영업","","","","","033-269-0100","25063.95","","강원특별자치도 춘천시 온의동 575 춘천 센트럴타워 푸르지오","강원특별자치도 춘천시 방송길 77(온의동, 춘천 센트럴타워 푸르지오)","24363","춘천 센트럴타워 푸르지오 프리미엄몰","2024-05-08 10:13:07","U","2024-05-10 02:40:00","그 밖의 대규모점포","263345.431242431","485397.525389929","대규모점포"
"412","대규모점포","08_25_01_P","4181000","2023418039207500001","2023-03-02","","01","영업/정상","1","정상영업","","","","","02-2006-2747","253.62","","강원특별자치도 춘천시 온의동 593","강원특별자치도 춘천시 스포츠타운길 459, 춘천센트럴파크플라자 (온의동)","24428","GS THE FRESH 춘천온의점","2025-04-18 13:53:14","U","2025-04-20 02:40:00","구분없음","262227.458407332","485293.745684132","준대규모점포"
"414","대규모점포","08_25_01_P","4490000","2023449037507500001","2023-06-21","","01","영업/정상","1","정상영업","","","","","041-571-0300","8316.34","","충청남도 천안시 서북구 쌍용동 1367","충청남도 천안시 서북구 월봉로 95 (쌍용동)","31171","대하식자재마트 천안점","2023-09-05 13:14:57","U","2023-09-07 02:40:00","대형마트","210350.365980618","366539.832359485","대규모점포"
"415","대규모점포","08_25_01_P","4241000","2006424001007500001","2006-08-14","","01","영업/정상","1","정상영업","","","","","0335718000","13710.13","","강원특별자치도 삼척시 당저동 33번지 3호","강원특별자치도 삼척시  중앙로  258 (당저동)","","홈플러스(주)삼척점","2024-03-05 09:03:48","U","2024-03-07 02:40:00","대형마트","391815.78579528","440452.323948572","대규모점포"
"416","대규모점포","08_25_01_P","4241000","2006424001007500002","2006-10-24","","01","영업/정상","1","정상영업","","","","","033 573 6972","13710.13","","강원특별자치도 삼척시 당저동 33번지 3  호","강원특별자치도 삼척시 중앙로 258 (당저동)","","삼성테스코(주)홈플러스삼척점","2011-10-31 14:27:41","I","2023-06-13 00:00:00","대형마트","391815.78579528","440452.323948572",""
"417","대규모점포","08_25_01_P","4241000","2009424011307500001","2009-04-17","","01","영업/정상","1","정상영업","","","","","","27420","245-070","강원특별자치도 삼척시 당저동","","","삼성데스코 홈플러스 삼척점","2011-10-31 14:21:29","I","2023-06-13 00:00:00","그 밖의 대규모점포","","",""
"431","대규모점포","08_25_01_P","4201000","2010420011507500001","2002-12-13","","01","영업/정상","1","정상영업","","","","2002-12-13","033-649-1052","8263.39","210-140","강원특별자치도 강릉시 송정동 1008번지 7호","강원특별자치도 강릉시 경강로 2398-10 (송정동)","","(주)이마트강릉점","2024-04-22 16:13:29","U","2024-04-24 02:40:00","대형마트","369334.629080122","475954.381315576","대규모점포"
"440","대규모점포","08_25_01_P","3250000","1988325001407500003","1988-07-21","","01","영업/정상","1","정상영업","","","","","051 2467334","","","부산광역시 중구 중앙동1가 26호","","","롯데1번가","2007-07-07 09:56:14","I","2018-08-31 23:59:59","그 밖의 대규모점포","385560.432671851","179859.631631612",""
"441","대규모점포","08_25_01_P","3250000","1995325001407500017","1995-02-27","","01","영업/정상","1","정상영업","","","","","051 2567751","","","부산광역시 중구 부평동2가 2호","부산광역시 중구 대청로 60 (부평동2가)","","월드밸리","2007-07-07 09:56:14","I","2018-08-31 23:59:59","그 밖의 대규모점포","384691.305122868","180070.025389847",""
"442","대규모점포","08_25_01_P","3250000","2005325001407500001","1995-02-27","","01","영업/정상","1","정상영업","","","","","051-256-7751","9584.08","","부산광역시 중구 부평동2가 2호","부산광역시 중구 대청로 60 (부평동2가)","600-806","월드밸리","2025-07-01 15:03:39","U","2025-07-03 02:40:00","그 밖의 대규모점포","384691.305122868","180070.025389847","대규모점포"
"443","대규모점포","08_25_01_P","3250000","2009325008307500001","2009-11-30","","01","영업/정상","1","정상영업","","","","","678-2500","104322","600-017","부산광역시 중구 중앙동7가","부산광역시 중구 중앙대로 2 (중앙동7가)","600-017","롯데백화점 광복점","2025-04-29 20:05:09","U","2025-05-01 02:40:00","백화점","385590.814676765","179553.867031936","대규모점포"
"445","대규모점포","08_25_01_P","3250000","2011325008307500001","2011-01-05","","01","영업/정상","1","정상영업","","","","","0516782500","12347","600-017","부산광역시 중구 중앙동7가 20번지 1호","부산광역시 중구 중앙대로 2 (중앙동7가)","600-017","롯데마트 광복점","2025-04-29 20:01:57","U","2025-05-01 02:40:00","대형마트","385590.814676765","179553.867031936","대규모점포"
"447","대규모점포","08_25_01_P","3250000","2014325008307500001","2014-07-23","","01","영업/정상","1","정상영업","","","","","051-678-2500","3331.35","","","부산광역시 중구 중앙대로 2 (중앙동7가)","600-017","롯데전문점 광복점","2025-04-29 19:40:28","U","2025-05-01 02:40:00","전문점","385590.814676765","179553.867031936","대규모점포"
"453","대규모점포","08_25_01_P","3380000","2009338006207500001","2009-06-26","","01","영업/정상","1","정상영업","","","","","051-757-7100","11001.87","","부산광역시 수영구 망미동 195번지 1호","부산광역시 수영구 구락로 137 (망미동, 코스트코홀세일 부산점)","48212","코스트코 홀세일 부산점","2015-12-08 12:58:50","I","2018-08-31 23:59:59","대형마트","392622.306077375","188645.622106447","대규모점포"
"456","대규모점포","08_25_01_P","3270000","2009327007707500001","1995-08-24","","01","영업/정상","1","정상영업","","","","","051-667-0010","20401.54","601-062","부산광역시 동구 범일2동 62번지 5호","부산광역시 동구 범일로 125 (범일동)","","커넥트현대 부산점","2024-11-13 17:10:41","U","2024-11-15 02:40:00","쇼핑센터","387539.767677801","184402.96650913","대규모점포"
"458","대규모점포","08_25_01_P","3270000","2012327008607500001","2012-04-04","","01","영업/정상","1","정상영업","","","","","051 647 8564","996.17","601-051","부산광역시 동구 좌천1동 688번지 1호","부산광역시 동구 고관로 143 (좌천동)","","홈플러스 익스프레스 좌천점","2024-03-27 17:45:55","U","2024-03-29 02:40:00","구분없음","386667.501987688","183237.18038787","준대규모점포"
"461","대규모점포","08_25_01_P","5100000","2005510007207500001","2005-04-11","","01","영업/정상","1","정상영업","","","","","054 330 1252","4970.27","","경상북도 영천시 오수동 286호","경상북도 영천시 최무선로 83 (오수동)","","(주)이마트영천점","2024-04-16 14:38:44","U","2024-04-18 02:40:00","대형마트","372336.077241114","274785.0162073","대규모점포"
"469","대규모점포","08_25_01_P","5330000","2003533001507500001","2020-02-11","","01","영업/정상","1","정상영업","","","","","055 640 2500","8638.05","","경상남도 통영시 무전동 1069호","경상남도 통영시 무전대로 65 (무전동)","","롯데쇼핑(주)롯데마트통영점","2025-05-16 18:01:26","U","2025-05-18 02:40:00","그 밖의 대규모점포","330528.677424652","152263.189898881","대규모점포"
"471","대규모점포","08_25_01_P","5330000","2008533015707500001","2008-11-20","","01","영업/정상","1","정상영업","","","","","0556435112","0","","경상남도 통영시 광도면 죽림리 1584번지 5호","경상남도 통영시 광도면 신죽1길 18","53017","탑마트 통영죽림점","2015-09-22 11:30:19","I","2018-08-31 23:59:59","구분없음","329345.087263931","154002.19245445","준대규모점포"
"474","대규모점포","08_25_01_P","3710000","2007371006707500001","2009-04-09","","01","영업/정상","1","정상영업","","","","","005202504604","13544","","울산광역시 동구 서부동 105번지 3호","울산광역시 동구 방어진순환도로 899 (서부동)","682-713","(주)현대백화점 동구점","2024-04-01 13:58:14","U","2024-04-03 02:40:00","백화점","420520.452195917","227362.248793607","대규모점포"
"476","대규모점포","08_25_01_P","3710000","2012371008807500001","2012-07-04","","01","영업/정상","1","정상영업","","","","","","380.16","682-800","울산광역시 동구 동부동 150번지","울산광역시 동구 안산로 50 (동부동)","682-800","GS THE FRESH 울산동부점","2025-05-21 10:40:15","U","2025-05-23 02:40:00","구분없음","420453.447141143","229712.521318384","준대규모점포"
"483","대규모점포","08_25_01_P","6520000","2005550001307500002","2005-12-27","","01","영업/정상","1","정상영업","","","","","064-731-8000","6441","","제주특별자치도 서귀포시 동홍동 1560번지 1호","제주특별자치도 서귀포시 중앙로 180 (동홍동)","697-839","홈플러스(주) 서귀포점","2024-03-08 10:44:03","U","2024-03-10 02:40:00","대형마트","158926.90550064","-26074.3935350279","대규모점포"
"484","대규모점포","08_25_01_P","6520000","2006550001307500001","2006-05-19","","01","영업/정상","1","정상영업","","","","","064-797-1051","7537.19","","제주특별자치도 서귀포시 법환동 841-2 이마트서귀포점","제주특별자치도 서귀포시 일주동로 9209, 이마트서귀포점 (법환동)","63572","(주)이마트 서귀포점","2024-04-22 16:50:20","U","2024-04-24 02:40:00","대형마트","154149.891505173","-27413.998305054","대규모점포"
"486","대규모점포","08_25_01_P","3140000","2012314011407500005","2012-05-23","","01","영업/정상","1","정상영업","","","","","2692-5600","240.66","","서울특별시 양천구 신정동 1290-4 대우미래사랑5차아파트","서울특별시 양천구 신정로13길 3, 대우미래사랑5차아파트 103~105호 (신정동)","08081","롯데프레시 신정점","2021-02-15 17:53:34","U","2021-02-17 02:40:00","그 밖의 대규모점포","186071.979697827","445297.986765501","준대규모점포"
"487","대규모점포","08_25_01_P","3140000","2012314011407500006","2012-05-31","","01","영업/정상","1","정상영업","","","","","02-6716-1234","1943.87","158-822","서울특별시 양천구 신월5동 26번지","서울특별시 양천구 화곡로 59 (신월동)","","(주)이마트 신월점","2024-04-23 09:17:24","U","2024-04-25 02:40:00","백화점","184796.999053109","448625.389554748","준대규모점포"
"488","대규모점포","08_25_01_P","3140000","2012314011407500007","2012-05-31","","01","영업/정상","1","정상영업","","","","","02-2646-4331","468.92","158-754","서울특별시 양천구 목5동 904번지 목동4단지아파트 관리동 105호","서울특별시 양천구 목동서로 130, 관리동 105호 (목동,목동4단지아파트)","","(주)이마트에브리데이 목동점","2024-08-06 09:21:27","U","2024-08-08 02:40:00","구분없음","188580.483661607","447750.845210817","준대규모점포"
"489","대규모점포","08_25_01_P","3070000","2012307018907500011","2012-05-21","","01","영업/정상","1","정상영업","","","","","02   9155603","685.6","136-140","서울특별시 성북구 장위동 316번지 3호","서울특별시 성북구 월계로40길 7 (장위동)","136-140","롯데슈퍼 장위점","2025-05-13 15:58:28","U","2025-05-15 02:40:00","구분없음","204208.631200867","457844.348010616","준대규모점포"
"490","대규모점포","08_25_01_P","3070000","2012307018907500012","2012-05-21","","01","영업/정상","1","정상영업","","","","","02  914 5601","257","136-854","서울특별시 성북구 정릉3동 1034번지","서울특별시 성북구 정릉로 307 (정릉동)","136-100","롯데슈퍼 정릉점","2025-05-13 15:57:56","U","2025-05-15 02:40:00","구분없음","201548.495615664","455659.81785175","준대규모점포"
"491","대규모점포","08_25_01_P","3070000","2012307018907500013","2012-05-21","","01","영업/정상","1","정상영업","","","","","02-921-8545","215","136-087","서울특별시 성북구 보문동7가 25번지 1호","서울특별시 성북구 보문로 61 (보문동7가)","136-087","홈플러스익스프레스 보문점","2025-01-22 18:10:30","U","2025-01-24 02:40:00","그 밖의 대규모점포","201826.002331378","453162.376311852","준대규모점포"
"494","대규모점포","08_25_01_P","3070000","2014307021607500001","2008-05-29","","01","영업/정상","1","정상영업","","","","","02-944-1052","10006","136-800","서울특별시 성북구 길음동 25번지 2호","서울특별시 성북구 도봉로 17 (길음동)","136-800","이마트 미아점","2024-04-29 13:49:19","U","2024-05-01 02:40:00","대형마트","202555.30089577","456503.066230481","대규모점포"
"495","대규모점포","08_25_01_P","3070000","2014307021607500002","2012-02-24","","01","영업/정상","1","정상영업","","","","","02-6936-1251","10745","136-735","서울특별시 성북구 하월곡동 230번지 동일하이빌뉴시티아파트","서울특별시 성북구 종암로 167 (하월곡동, 동일하이빌뉴시티아파트)","136-735","이마트 하월곡점","2025-05-26 14:52:53","U","2025-05-28 02:40:00","대형마트","202667.468802014","455858.920803881","대규모점포"
"496","대규모점포","08_25_01_P","3070000","2017307021607500001","2017-04-26","","01","영업/정상","1","정상영업","","","","","02-2006-3215","301.45","","","서울특별시 성북구 보문사길 111 (보문동6가, 보문파크뷰자이)","02874","GS더프레시 성북보문점","2025-05-13 15:52:44","U","2025-05-15 02:40:00","구분없음","201562.571790335","453092.434673285","준대규모점포"
"504","대규모점포","08_25_01_P","3070000","2001307013407500001","2001-08-11","","01","영업/정상","1","정상영업","","","","","02  21173014","36583","","서울특별시 성북구 길음동 20번지 1호","서울특별시 성북구 동소문로 315 (길음동, 현대백화점미아점)","136-719","현대백화점 미아점","2024-04-08 17:44:03","U","2024-04-10 02:40:00","백화점","202466.801084521","456227.571720914","대규모점포"
"506","대규모점포","08_25_01_P","3070000","2004307009907500001","2008-05-29","","01","영업/정상","1","정상영업","","","","","000203805234","10006","","서울특별시 성북구 길음동 25번지 2호","","","신세계이마트미아점","2008-06-01 10:57:11","I","2018-08-31 23:59:59","대형마트","202555.30089577","456503.066230481",""
"507","대규모점포","08_25_01_P","3070000","2004307018907500001","2004-09-22","","01","영업/정상","1","정상영업","","","","","02-944-1234","18964","136-111","서울특별시 성북구 길음동 25번지 2호","서울특별시 성북구  도봉로  17 (길음동)","136-111","이마트 미아점","2014-02-24 13:48:56","I","2018-08-31 23:59:59","대형마트","202555.30089577","456503.066230481","대규모점포"
"509","대규모점포","08_25_01_P","3070000","2008307013407500002","2008-10-27","","01","영업/정상","1","정상영업","","","","","000209413506","4382.65","","서울특별시 성북구 종암동 132번지","서울특별시 성북구 종암로 132 (종암동, 종암우림카이저팰리스)","02797","종암우림카이저팰리스주상복합","2016-03-10 13:18:37","I","2018-08-31 23:59:59","그 밖의 대규모점포","202887.735294472","455516.204264925","대규모점포"
"510","대규모점포","08_25_01_P","3070000","2010307013407500001","2010-04-28","","01","영업/정상","1","정상영업","","","","","9203485","10006","","서울특별시 성북구 길음동 25번지 2호 신세계 이마트 미아점","서울특별시 성북구 도봉로 17, 신세계 이마트 미아점 (길음동)","02729","이마트 미아점","2020-04-22 10:13:56","U","2020-04-24 02:40:00","대형마트","202555.30089577","456503.066230481","대규모점포"
"511","대규모점포","08_25_01_P","3070000","2010307013407500002","2010-05-19","","01","영업/정상","1","정상영업","","","","","02-3669-8000","17817","","서울특별시 성북구 하월곡동 46-73 코업스타클래스","서울특별시 성북구 화랑로 76, 코업스타클래스 (하월곡동)","02751","홈플러스 월곡점","2025-05-08 19:21:06","U","2025-05-10 02:40:00","대형마트","203502.004139568","455500.568972657","대규모점포"
"512","대규모점포","08_25_01_P","3070000","2010307013407500003","2010-06-30","","01","영업/정상","1","정상영업","","","","","02-944-1051","19201","136-735","서울특별시 성북구 길음2동 230번지 동일하이빌뉴시티아파트","서울특별시 성북구 종암로 167,  동 (하월곡동)","136-130","이마트 하월곡점","2014-02-24 13:42:32","I","2018-08-31 23:59:59","대형마트","202667.468802014","455858.920803881","대규모점포"
"513","대규모점포","08_25_01_P","3070000","2011307018907500001","2011-09-02","","01","영업/정상","1","정상영업","","","","","929 8053","1202","","","서울특별시 성북구 성북로4길 52 (돈암동, 한진아파트)","136-753","GS더프레시 동소문점","2025-05-13 15:57:29","U","2025-05-15 02:40:00","구분없음","200841.726990037","454721.505180141","준대규모점포"
"514","대규모점포","08_25_01_P","3070000","2011307018907500002","2011-09-08","","01","영업/정상","1","정상영업","","","","","02  32913333","331","136-062","서울특별시 성북구 돈암2동 636번지","서울특별시 성북구 북악산로 844 (돈암동, 돈암이수브라운스톤아파트)","136-793","GS더프레시 성북돈암점","2025-05-13 15:57:03","U","2025-05-15 02:40:00","구분없음","201501.474496909","455061.698603977","준대규모점포"
"515","대규모점포","08_25_01_P","3070000","2012307018907500001","2012-04-12","","01","영업/정상","1","정상영업","","","","","02  60531252","202","136-720","서울특별시 성북구 길음1동 1284번지 삼성래미안3차아파트","서울특별시 성북구 길음로 33 (길음동, 길음뉴타운8단지아파트)","136-731","GS더프레시 길음뉴타운점","2025-05-13 15:48:10","U","2025-05-15 02:40:00","구분없음","201514.970976778","456137.102062808","준대규모점포"
"516","대규모점포","08_25_01_P","3070000","2012307018907500002","2012-04-12","","01","영업/정상","1","정상영업","","","","","02   9412227","198","136-111","서울특별시 성북구 길음1동 1280번지 6호","서울특별시 성북구 길음로 103 (길음동)","136-110","GS수퍼마켓 길음점","2016-02-12 15:36:40","I","2018-08-31 23:59:59","그 밖의 대규모점포","201517.385329678","456504.561867278","준대규모점포"
"517","대규모점포","08_25_01_P","3070000","2012307018907500003","2012-04-20","","01","영업/정상","1","정상영업","","","","","918-5651","80.49","136-131","서울특별시 성북구 월곡1동 62번지 1호","","","롯데슈퍼하월곡점","2012-05-14 10:14:29","I","2018-08-31 23:59:59","","203353.798850162","455765.417145198","준대규모점포"
"522","대규모점포","08_25_01_P","3120000","1992312010707500001","1992-11-19","","01","영업/정상","1","정상영업","","","","","02-3145-3154","35471.76","120-834","서울특별시 서대문구 창천동 30번지 33호","서울특별시 서대문구 신촌로 83 (창천동)","","현대백화점 신촌점","2024-05-23 10:21:58","U","2024-05-25 02:40:00","백화점","194265.067639805","450433.691021245","대규모점포"
"527","대규모점포","08_25_01_P","3120000","2013312014507500001","2013-06-16","","01","영업/정상","1","정상영업","","","","2007-06-28","302-8023","232.7","120-130","서울특별시 서대문구 북가좌동 279번지 11호","서울특별시 서대문구 응암로 112 (북가좌동)","","홈플러스(주) 익스프레스 북가좌점","2024-03-20 08:28:21","U","2024-03-22 02:40:00","구분없음","192301.135452392","453354.065487403","준대규모점포"
"530","대규모점포","08_25_01_P","3120000","2018312018307500001","2012-02-07","","01","영업/정상","1","정상영업","","","","","02-739-6780","1573","","서울특별시 서대문구 홍제동 469번지 인왕산 한신휴플러스","서울특별시 서대문구 통일로 397, 지4층 (홍제동, 인왕산 한신휴플러스)","03730","롯데슈퍼 홍제2점","2024-12-03 21:05:39","U","2024-12-05 02:40:00","구분없음","195281.395461663","453657.534811024","준대규모점포"
"539","대규모점포","08_25_01_P","4050000","2019405048407500001","2019-08-12","","01","영업/정상","1","정상영업","","","","","02-310-8700","24775.89","","경기도 용인시 기흥구 고매동 산 41-7 IKEA Korea 기흥점","경기도 용인시 기흥구 신고매로 62, IKEA Korea 기흥점 (고매동)","17086","이케아 기흥점","2024-02-13 15:21:50","U","2024-02-15 02:40:00","전문점","210247.571320786","413380.673935188","대규모점포"
"544","대규모점포","08_25_01_P","4010000","2022401031707500001","2021-10-20","","01","영업/정상","1","정상영업","","","","","031-8042-2293","205.9","","경기도 시흥시 배곧동 191 시흥배곧 C1 호반 써밋플레이스","경기도 시흥시 서울대학로278번길 19-13(배곧동, 시흥배곧 C1 호반 써밋플레이스)","15010","홈플러스 익스프레스 시흥배곧점","2022-04-12 15:08:34","I","2022-04-14 00:22:33","구분없음","175778.500048456","429887.847826116","준대규모점포"
"547","대규모점포","08_25_01_P","3230000","2023323029107500001","2023-02-01","","01","영업/정상","1","정상영업","","","","","02-2006-2747","164.83","","서울특별시 송파구 거여동 202-180 송파시그니처롯데캐슬","서울특별시 송파구 거마로 56(거여동, 송파시그니처롯데캐슬)","05767","GS THE FRESH 송파시그니처점","2025-05-08 11:15:05","U","2025-05-10 02:40:00","구분없음","213149.522764117","443705.473072412","준대규모점포"
"548","대규모점포","08_25_01_P","3540000","2022354016107500001","2022-04-15","","01","영업/정상","1","정상영업","","","","","02-2006-2364","210.06","","인천광역시 부평구 십정동 289-8","인천광역시 부평구 열우물로 90, 더샵부평센트럴시티 B동 1층 101~104호 (십정동)","21443","GS THE FRESH 부평열우물점","2025-05-12 14:44:31","U","2025-05-14 02:40:00","대형마트","173203.244129782","441511.67815385","준대규모점포"
"549","대규모점포","08_25_01_P","3540000","2022354016107500002","2022-04-15","","01","영업/정상","1","정상영업","","","","","02-2006-2364","338.98","","인천광역시 부평구 십정동 289-8","인천광역시 부평구 열우물로 90, 더샵부평센트럴시티 E동 1층 101호 (십정동)","21443","GS THE FRESH 부평더샵점","2025-05-12 15:50:47","U","2025-05-14 02:40:00","대형마트","173203.244129782","441511.67815385","준대규모점포"
"553","대규모점포","08_25_01_P","4301000","2014430006907500001","2014-03-19","","01","영업/정상","1","정상영업","","","","","033-455-7300","1174","","","강원특별자치도 철원군 동송읍 이평2로 14","269-818","롯데슈퍼 철원점","2024-11-13 15:51:03","U","2024-11-15 02:40:00","그 밖의 대규모점포","219276.113407794","522598.469112606","준대규모점포"
"558","대규모점포","08_25_01_P","4271000","2011427005907500001","2011-06-24","","01","영업/정상","1","정상영업","","","","","033-373-5601","764.5","230-808","강원특별자치도 영월군 영월읍 하송리 251번지 2호","강원특별자치도 영월군 영월읍 중앙로 5-10","230-881","롯데쇼핑(주) 롯데슈퍼 영월점","2025-04-24 15:05:43","U","2025-04-26 02:40:00","그 밖의 대규모점포","329961.246335626","410133.019258366","준대규모점포"
"560","대규모점포","08_25_01_P","4211000","2003421009307500001","2003-12-24","","01","영업/정상","1","정상영업","","","","","033-539-7051","6585.16","","강원특별자치도 동해시 천곡동 831호","강원특별자치도 동해시 천곡로 100 (천곡동)","240-010","(주)이마트 동해점","2024-04-22 14:31:35","U","2024-04-24 02:40:00","대형마트","387085.790410418","448958.829445114","대규모점포"
"561","대규모점포","08_25_01_P","4231000","2003423005107500001","2003-10-30","","01","영업/정상","1","정상영업","","","","","033-630-1054","9448","","강원특별자치도 속초시 청호동 459-134 E마트","강원특별자치도 속초시 설악금강대교로 12, E마트 (청호동)","24885","(주)이마트 속초점","2024-04-17 13:22:16","U","2024-04-19 02:40:00","대형마트","339761.153723826","522089.806016399","대규모점포"
"563","대규모점포","08_25_01_P","4231000","2010423006407500001","2010-09-15","","01","영업/정상","1","정상영업","","","","","033 637 1501","6813.14","217-060","강원특별자치도 속초시 교동 673번지 1호","강원특별자치도 속초시 동해대로 4202 (교동)","217-803","속초농협하나로마트엑스포지점","2021-11-24 09:38:31","I","2023-06-13 00:00:00","대형마트","338253.717723804","522445.158586875","대규모점포"
"570","대규모점포","08_25_01_P","4221000","2006422001007500001","2006-10-30","","01","영업/정상","1","정상영업","","","","","033 554 0672","3123","","강원특별자치도 태백시 화전동 113호","강원특별자치도 태백시 굴거랑길 4 (화전동)","","(주)이마트","2024-04-15 14:05:58","U","2024-04-17 02:40:00","그 밖의 대규모점포","374110.235734391","412725.109444359","대규모점포"
"573","대규모점포","08_25_01_P","3300000","2024330011907500001","2024-09-27","","01","영업/정상","1","정상영업","","","","","051-634-5542","495.8","","부산광역시 동래구 온천동 1248-4 월드메디컬타워","부산광역시 동래구 아시아드대로 239-1, 월드메디컬타워 1층 (온천동)","47851","GS THE FRESH 부산미남역점","2024-11-20 10:28:24","U","2024-11-22 02:40:00","구분없음","388189.034202454","191546.670279537","준대규모점포"
"574","대규모점포","08_25_01_P","3100000","2024310018407500002","2024-10-18","","01","영업/정상","1","정상영업","","","","","02-2006-2364","294.21","","서울특별시 노원구 상계동 453-2 1층","서울특별시 노원구 한글비석로 452, 1층 (상계동)","01656","GS THE FRESH 노원비석로점","2025-05-21 09:41:44","U","2025-05-23 02:40:00","구분없음","205914.462686563","462406.850661648","준대규모점포"
"575","대규모점포","08_25_01_P","3180000","2024318025507500001","2024-10-16","","01","영업/정상","1","정상영업","","","","","02-380-5042","958.6","","서울특별시 영등포구 신길동 3608 비스타동원","서울특별시 영등포구 신풍로 28, B137호 (신길동, 비스타동원)","07430","(주)이마트에브리데이 신풍역점","2024-10-16 17:00:04","I","2024-10-18 00:12:54","구분없음","191902.269810046","444157.372393042","준대규모점포"
"576","대규모점포","08_25_01_P","3230000","2024323029107500002","2024-08-27","","01","영업/정상","1","정상영업","","","","","02-2006-2364","281.64","","서울특별시 송파구 문정동 55-6 문정역 마에스트로","서울특별시 송파구 문정로 1, 지층 B104호-B107호 (문정동, 문정역 마에스트로)","05806","GS THE FRESH 문정역점","2025-05-08 11:25:25","U","2025-05-10 02:40:00","구분없음","210813.51310976","442691.180644406","준대규모점포"
"577","대규모점포","08_25_01_P","5080000","2024508034907500001","2024-08-26","","01","영업/정상","1","정상영업","","","","","054-455-7700","3027.82","","경상북도 구미시 고아읍 원호리 223-3","경상북도 구미시 고아읍 들성로 119-11","39146","Market Ville","2025-05-01 09:14:55","U","2025-05-03 02:40:00","대형마트","319916.169862581","296003.377355709","대규모점포"
"579","대규모점포","08_25_01_P","3120000","2024312021907500004","2024-11-12","","01","영업/정상","1","정상영업","","","","","02-2006-2364","237.6","","서울특별시 서대문구 홍제동 474 홍제역해링턴플레이스","서울특별시 서대문구 세무서8길 30, 32동 1호 (홍제동, 홍제역해링턴플레이스)","03626","GS THE FRESH 홍제해링턴점","2025-04-25 13:17:05","U","2025-04-27 02:40:00","구분없음","195387.622258064","454191.447092985","준대규모점포"
"580","대규모점포","08_25_01_P","3380000","2024338009407500001","2024-10-07","","01","영업/정상","1","정상영업","","","","","","253.5","","부산광역시 수영구 남천동 258-4 남천오피스","부산광역시 수영구 수영로384번길 8, 남천오피스 (남천동)","48312","GS THE FRESH 부산남천역점","2025-05-21 13:40:16","U","2025-05-23 02:40:00","구분없음","391940.915455362","184397.43642228","준대규모점포"
"583","대규모점포","08_25_01_P","3240000","2024324028907500002","2024-11-11","","01","영업/정상","1","정상영업","","","","","02-2006-2364","239.58","","서울특별시 강동구 성내동 293-12 바로빌딩","서울특별시 강동구 풍성로38길 9, 바로빌딩 1층 (성내동)","05393","GS THE FRESH 강동성내점","2025-06-09 14:50:47","U","2025-06-12 02:40:00","구분없음","211027.51175299","447708.22061393","준대규모점포"
"593","대규모점포","08_25_01_P","3410000","2011341007107500002","2011-08-17","","01","영업/정상","1","정상영업","","","","","053)252-5601","870.7","700-808","대구광역시 중구 남산4동 2971번지 11호","대구광역시 중구 달구벌대로 1936 (남산동)","700-444","롯데쇼핑(주) 롯데슈퍼남산점","2025-04-24 10:15:20","U","2025-04-26 02:40:00","구분없음","342303.123487642","263634.294525217","준대규모점포"
"599","대규모점포","08_25_01_P","3410000","2017341012007500001","2017-04-26","","01","영업/정상","1","정상영업","","","","2017-09-01","051-330-2583","7643","","대구광역시 중구 남산동 3006 반월당효성해링턴플레이스","대구광역시 중구 중앙대로66길 20 (남산동, 반월당효성해링턴플레이스)","41961","탑마트 대구점","2025-04-25 10:45:17","U","2025-04-27 02:40:00","대형마트","343902.080116286","263530.80993882","대규모점포"
"600","대규모점포","08_25_01_P","3440000","2005344001407500001","2005-01-12","","01","영업/정상","1","정상영업","","","","","0536598000","8262","","대구광역시 남구 대명동 959번지 1호","대구광역시 남구 대명로 116 (대명동)","705-806","홈플러스(주)남대구점","2024-03-06 09:45:34","U","2024-03-08 02:40:00","대형마트","341799.016824881","261012.250978533","대규모점포"
"612","대규모점포","08_25_01_P","5130000","2006513001707500001","2006-06-05","","01","영업/정상","1","정상영업","","","","2006-06-05","053 940 1052","15129","712-280","경상북도 경산시 중산동 623번지","경상북도 옥산로 227","712-280","(주)이마트경산점","2024-04-19 11:11:56","U","2024-04-21 02:40:00","대형마트","355355.508106476","260760.335978186","대규모점포"
"615","대규모점포","08_25_01_P","5130000","2013513014807500002","2013-04-23","","01","영업/정상","1","정상영업","","","","","053 715 8124","23380.29","712-060","경상북도 경산시 중방동 896번지","경상북도 경산시 경안로 288 (중방동)","","홈플러스 경산점","2024-02-29 11:42:00","U","2024-03-02 02:40:00","대형마트","356759.626317364","260575.764529063","대규모점포"
"616","대규모점포","08_25_01_P","5050000","2005505010007500001","2005-05-11","","01","영업/정상","1","정상영업","","","","","054 770 8000","3144.51","780-950","경상북도 경주시 용강동 800번지 11호","경상북도 경주시  공단로  97 (용강동)","780-950","홈플러스(주)경주점","2024-03-13 20:55:21","U","2024-03-16 02:40:00","대형마트","400842.311928564","265950.991877537","대규모점포"
"618","대규모점포","08_25_01_P","5050000","2014505021307500001","2014-10-02","","01","영업/정상","1","정상영업","","","","","054-749-2007","1487.95","780-040","경상북도 경주시 동부동 105번지 1호","경상북도 경주시  중앙로  60 (동부동)","780-040","탑마트 경주동부점","2025-04-28 13:57:39","U","2025-04-30 02:40:00","구분없음","399781.468150029","262837.211916801","준대규모점포"
"619","대규모점포","08_25_01_P","5060000","1997506001207500001","1997-12-22","","01","영업/정상","1","정상영업","","","","","054-420-1052","6318","","경상북도 김천시 신음동 990번지 1호","경상북도 김천시 시청로 75 (신음동)","740-150","(주)이마트 김천점","2024-04-16 09:55:50","U","2024-04-18 02:40:00","대형마트","300454.619845122","293292.616281666","대규모점포"
"621","대규모점포","08_25_01_P","5050000","2014505021307500002","2014-10-02","","01","영업/정상","1","정상영업","","","","","054-744-5588","1580.55","780-955","경상북도 경주시 황성동 903번지 8호","경상북도 경주시 용담로104번길 25 (황성동)","780-955","탑마트 경주황성점","2025-04-28 13:50:53","U","2025-04-30 02:40:00","구분없음","399650.194452188","265188.804677552","준대규모점포"
"622","대규모점포","08_25_01_P","5050000","2014505021307500003","2014-10-02","","01","영업/정상","1","정상영업","","","","","054-761-3113","1061.31","780-807","경상북도 경주시 안강읍 안강리 366번지 2호","경상북도 경주시 안강읍 비화동길  41","780-807","탑마트 안강점","2025-04-28 13:55:55","U","2025-04-30 02:40:00","구분없음","400640.60546017","278727.01233877","준대규모점포"
"624","대규모점포","08_25_01_P","5060000","1998506001207500001","1998-07-29","","01","영업/정상","1","정상영업","","","","","0544202200","3679","","경상북도 김천시 평화동 28번지 8   호","경상북도 김천시 자산로 147 (평화동)","","김천농협 하나로마트","2022-03-17 18:03:38","U","2022-03-19 02:40:00","대형마트","300544.530835278","292034.065172524","대규모점포"
"627","대규모점포","08_25_01_P","4820000","2000482000007500023","2000-02-02","","01","영업/정상","1","정상영업","","","","","061 7219001","","","전라남도 순천시 해룡면 상삼리 426호","","","블루마트","2007-07-21 11:08:49","I","2018-08-31 23:59:59","그 밖의 대규모점포","248717.499864558","161072.786856417",""
"629","대규모점포","08_25_01_P","4820000","2004482011807500003","2004-11-16","","01","영업/정상","1","정상영업","","","","","061-729-8121","1489","","전라남도 순천시 조례동 975번지 1호 외 39필지","전라남도 순천시 신월큰길 10 (조례동,외 39필지)","","홈플러스(주) 순천점","2024-03-05 11:15:01","U","2024-03-07 02:40:00","대형마트","247445.068249994","162608.714838679","대규모점포"
"630","대규모점포","08_25_01_P","4820000","2005482011807500001","2014-09-17","","01","영업/정상","1","정상영업","","","","","749-1052","9507.52","","전라남도 순천시 덕암동 169호 외 4필지","전라남도 순천시 팔마로 191 (덕암동,외 4필지)","","(주)이마트 순천점","2024-04-16 15:25:57","U","2024-04-18 02:40:00","대형마트","246400.830087538","160517.102712463","대규모점포"
"635","대규모점포","08_25_01_P","4820000","2012482015207500003","2014-09-17","","01","영업/정상","1","정상영업","","","","","061-754-9292","247.47","","","전라남도 순천시 월등면 월등로 1040","540-830","순천농협황전지점 경제과","2015-06-02 18:31:14","I","2018-08-31 23:59:59","그 밖의 대규모점포","238990.396377924","178284.163859483","준대규모점포"
"636","대규모점포","08_25_01_P","4820000","2006482011807500005","2006-06-21","","01","영업/정상","1","정상영업","","","","","","416.63","","전라남도 순천시 남정동 10호","전라남도 순천시 남산로 46 (남정동)","","순천원예농협 하나로마트","2013-01-07 17:00:41","I","2018-08-31 23:59:59","대형마트","","","대규모점포"
"639","대규모점포","08_25_01_P","4820000","2011482015207500001","2014-09-17","","01","영업/정상","1","정상영업","","","","","061 746 2080","16224.04","540-745","전라남도 순천시 풍덕동 300번지","전라남도 순천시  팔마로  222 (풍덕동)","540-745","홈플러스(주)순천풍덕점","2024-03-05 11:10:59","U","2024-03-07 02:40:00","대형마트","246427.675879142","160255.485969845","대규모점포"
"640","대규모점포","08_25_01_P","4820000","2012482015207500004","2012-03-20","","01","영업/정상","1","정상영업","","","","","061-743-3580","205","","","전라남도 순천시 주암면 주석로 5","540-840","순천농협주암지점","2012-03-20 14:48:28","I","2018-08-31 23:59:59","그 밖의 대규모점포","221371.601206614","175376.177399102","준대규모점포"
"648","대규모점포","08_25_01_P","4820000","2012482015207500005","2014-09-17","","01","영업/정상","1","정상영업","","","","","061-754-4991","625.62","","","전라남도 순천시 주암면 동주로 2480","540-840","순천농협오성지점","2023-10-18 18:02:15","U","2023-10-20 02:40:00","그 밖의 대규모점포","225073.000760834","173467.444881897","준대규모점포"
"650","대규모점포","08_25_01_P","4880000","2012488014707500001","2012-04-16","","01","영업/정상","1","정상영업","","2019-05-01","2020-02-29","","061-832-1336","489","548-802","전라남도 고흥군 고흥읍 남계리 231번지 1호","전라남도 고흥군 고흥읍 고흥로 1871","548-804","(주)이마트에브리데이 고흥점","2021-04-20 17:59:49","U","2021-04-22 02:40:00","그 밖의 대규모점포","226677.510632951","124257.624920785","준대규모점포"
"656","대규모점포","08_25_01_P","4820000","2000482000007500013","1992-12-07","","01","영업/정상","1","정상영업","","","","","061 7205000","6700","","전라남도 순천시 조례동 766번지 시대아파트","전라남도 순천시 비봉2길 22 (조례동, 시대아파트)","57929","뉴코아순천점","2019-08-26 19:33:43","U","2019-08-28 02:40:00","백화점","247410.736823692","163957.828214531","대규모점포"
"661","대규모점포","08_25_01_P","4820000","2000482000007500020","1995-06-23","","01","영업/정상","1","정상영업","","","","","061  515232","","","전라남도 순천시 남내동 65호","전라남도 순천시 별미길 18 (남내동)","","월드마트","2007-07-21 11:08:49","I","2018-08-31 23:59:59","그 밖의 대규모점포","244238.055511945","161759.709547599",""
"662","대규모점포","08_25_01_P","4950000","2011495009707500001","2011-06-27","","01","영업/정상","1","정상영업","","","","","061-454-9400","901","","전라남도 무안군 무안읍 성남리 813번지 18호","전라남도 무안군 무안읍 면성1길 131","58529","주식회사 롯데슈퍼 무안점","2018-04-17 13:35:07","I","2018-08-31 23:59:59","그 밖의 대규모점포","151821.824787706","165412.261458537","준대규모점포"
"664","대규모점포","08_25_01_P","4840000","1992484001207500001","1992-12-30","","01","영업/정상","1","정상영업","","","","","0617901585","8377.02","545-876","전라남도 광양시 금호동 716번지","전라남도 광양시 폭포사랑길 99 (금호동)","","백운쇼핑센터","2015-02-09 17:38:17","I","2018-08-31 23:59:59","쇼핑센터","266789.909341529","160414.248689205","대규모점포"
"665","대규모점포","08_25_01_P","4840000","2006484005107500001","2005-08-31","","01","영업/정상","1","정상영업","","","","","061-760-8122","13558.2","545-827","전라남도 광양시 중동 1811번지 1호","전라남도 광양시 항만11로 70 (중동)","","홈플러스 광양점","2024-03-14 17:32:08","U","2024-03-16 02:40:00","대형마트","263409.919971471","159060.647898764","대규모점포"
"667","대규모점포","08_25_01_P","4980000","2008498006307500001","2008-12-01","","01","영업/정상","1","정상영업","","","","","0613907777","0","515-801","전라남도 장성군 장성읍 영천리 1040번지","","","농협하나로마트","2008-12-09 17:08:14","I","2018-08-31 23:59:59","그 밖의 대규모점포","","",""
"670","대규모점포","08_25_01_P","4800000","2006480013207500002","2006-09-21","","01","영업/정상","1","정상영업","","","","","02-3455-7724","18651.38","","전라남도 목포시 상동 860번지 1호","전라남도 목포시 옥암로 95 (상동)","530-825","포르모 큐브","2014-09-17 13:18:47","I","2018-08-31 23:59:59","그 밖의 대규모점포","147387.700646288","145561.081821084","대규모점포"
"671","대규모점포","08_25_01_P","4800000","2008480013207500001","2008-01-15","","01","영업/정상","1","정상영업","","","","","273-8504","13780.4","530-360","전라남도 목포시 용당동 1087번지 1호","전라남도 목포시 영산로 313 (용당동)","530-836","홈플러스(주) 목포점","2024-03-06 08:37:53","U","2024-03-08 02:40:00","대형마트","144991.481278312","145423.716150726","대규모점포"
"685","대규모점포","08_25_01_P","4800000","2002480001307500012","2002-05-16","","01","영업/정상","1","정상영업","","2021-09-23","2022-01-30","","061 2802542","10361.1","","전라남도 목포시 상동 1134호","전라남도 목포시 원형서로 15 (상동)","530-826","롯데쇼핑(주)롯데마트맥스 목포점","2025-05-07 14:29:27","U","2025-05-09 02:40:00","대형마트","147706.171172646","144446.120390505","대규모점포"
"687","대규모점포","08_25_01_P","4860000","2009486008107500001","2008-07-07","","01","영업/정상","1","정상영업","","","","","061-362-3612","0","516-800","전라남도 곡성군 곡성읍","","","곡성농협","2009-03-19 11:20:58","I","2018-08-31 23:59:59","대형마트","","",""
"688","대규모점포","08_25_01_P","4830000","2012483013707500001","2012-04-27","","01","영업/정상","1","정상영업","","","","","061 339 3200","3464.47","520-130","전라남도 나주시 송월동 1106번지 2호","전라남도 나주시 내동길 15 (송월동)","520-130","롯데쇼핑(주) 롯데마트 나주점","2025-05-14 16:08:01","U","2025-05-16 02:40:00","대형마트","173723.946573431","168292.405472667","대규모점포"
"689","대규모점포","08_25_01_P","4810000","2006481001907500001","2006-05-12","","01","영업/정상","1","정상영업","","","","","061 640 2500","14477","","전라남도 여수시 국동 호 37-100번지 외4필지","전라남도 여수시 국포1로 36 (국동, 외 4필지)","550-806","롯데쇼핑(주) 롯데몰 여수점","2025-05-13 09:09:20","U","2025-05-15 02:40:00","대형마트","266009.018232866","136883.364567217","대규모점포"
"692","대규모점포","08_25_01_P","4810000","2005481001907500002","2005-11-02","","01","영업/정상","1","정상영업","","","","","650-2510","7900","","전라남도 여수시 선원동 1268번지 2호","전라남도 여수시 무선로 187 (선원동)","","롯데쇼핑(주) 롯데마트 여천점","2025-05-13 09:09:40","U","2025-05-15 02:40:00","대형마트","259541.66563628","142254.373781411","대규모점포"
"695","대규모점포","08_25_01_P","6510000","2011651001907500001","2011-05-31","","01","영업/정상","1","정상영업","","","","","798-1053","7148.4","","","제주특별자치도 제주시 1100로 3348 (노형동)","690-802","(주)이마트 신제주점","2024-04-29 13:19:24","U","2024-05-01 02:40:00","대형마트","151626.960526165","-1123.90701929614","대규모점포"
"696","대규모점포","08_25_01_P","6510000","1996549000007500002","1996-10-22","","01","영업/정상","1","정상영업","","","","","064 7444600","","","제주특별자치도 제주시 연동 303번지 17  호","","","뉴월드마트","2007-06-30 13:46:00","I","2018-08-31 23:59:59","대형마트","","",""
"699","대규모점포","08_25_01_P","6510000","1999549000007500000","1999-12-29","","01","영업/정상","1","정상영업","","","","","064 7291050","","","제주특별자치도 제주시 삼도이동 1259호","제주특별자치도 제주시 탑동로 38 (삼도이동)","","이마트","2007-06-30 13:46:00","I","2018-08-31 23:59:59","대형마트","155386.294321155","2511.37601255475",""
"701","대규모점포","08_25_01_P","6510000","2001549007507500003","2001-11-29","","01","영업/정상","1","정상영업","","","","","064  7130500","5071","","제주특별자치도 제주시 연동 262번지 5호","제주특별자치도 제주시 신광로 52 (연동)","","셀비즈백화점","2010-07-29 10:38:31","I","2018-08-31 23:59:59","백화점","152495.151347759","-885.089142987237",""
"717","대규모점포","08_25_01_P","6510000","2005549012307500001","1999-12-29","","01","영업/정상","1","정상영업","","","","","064-729-1053","8014.22","","제주특별자치도 제주시 삼도이동 1259호","제주특별자치도 제주시 탑동로 38 (삼도이동)","","(주)이마트 제주점","2024-04-30 09:04:39","U","2024-05-02 02:40:00","대형마트","155386.294321155","2511.37601255475","대규모점포"
"718","대규모점포","08_25_01_P","6510000","2005549012307500002","2004-04-09","","01","영업/정상","1","정상영업","","","","","064729 1053","8014","690-802","제주특별자치도 제주시 노형동 919번지","제주특별자치도 제주시 1100로 3348 (노형동)","","(주)신세계 이마트 신제주점","2014-09-19 11:21:36","I","2018-08-31 23:59:59","대형마트","151626.960526165","-1123.90701929614","대규모점포"
"719","대규모점포","08_25_01_P","6510000","2007651001907500002","2007-08-08","","01","영업/정상","1","정상영업","","","","","064-712-9582","11235.53","","제주특별자치도 제주시 노형동 708번지 외 2필지","제주특별자치도 제주시 연북로 1 (노형동,외 2필지)","","롯데쇼핑(주) 롯데마트제주점","2025-05-28 09:05:58","U","2025-05-30 02:40:00","대형마트","151724.182129656","-1426.12446748641","대규모점포"
"732","대규모점포","08_25_01_P","3060000","2011306009507500001","2011-07-04","","01","영업/정상","1","정상영업","","","","","024918546","466.1","131-122","서울특별시 중랑구 중화2동 314번지 1호","서울특별시 중랑구 동일로129길 35 (중화동)","131-883","홈플러스(주) 익스프레스 태릉점","2024-04-15 15:31:33","U","2024-04-17 02:40:00","그 밖의 대규모점포","206771.217305763","455221.989517331","준대규모점포"
"733","대규모점포","08_25_01_P","3060000","2011306009507500002","2011-08-09","","01","영업/정상","1","정상영업","","","","","024938545","361.1","131-812","서울특별시 중랑구 면목3.8동 499번지 4호","서울특별시 중랑구 면목로 357 (면목동)","131-831","홈플러스(주)익스프레스 면목점","2024-04-15 15:27:32","U","2024-04-17 02:40:00","그 밖의 대규모점포","207708.364765906","453525.741161528","준대규모점포"
"734","대규모점포","08_25_01_P","3060000","2011306009507500003","2011-08-09","","01","영업/정상","1","정상영업","","","","","024348546","364.6","131-233","서울특별시 중랑구 망우3동 410번지 1호","서울특별시 중랑구 용마산로 494 (망우동)","131-806","홈플러스(주)익스프레스 망우점","2024-04-15 15:27:19","U","2024-04-17 02:40:00","그 밖의 대규모점포","208781.999418607","454740.62692431","준대규모점포"
"735","대규모점포","08_25_01_P","3060000","2011306009507500004","2012-01-06","","01","영업/정상","1","정상영업","","","","","02-380-5042","1440.66","131-828","서울특별시 중랑구 면목7동 650번지 카멜리아 쇼핑센타 1층","서울특별시 중랑구 면목로39길 11 (면목동)","131-828","(주)이마트에브리데이 면목동점","2024-08-06 11:26:39","U","2024-08-08 02:40:00","그 밖의 대규모점포","207553.170404939","453031.11581883","준대규모점포"
"736","대규모점포","08_25_01_P","3060000","2006306009507500001","2006-08-28","","01","영업/정상","1","정상영업","","","","","0220248124","11101","131-132","서울특별시 중랑구 신내2동 645번지","서울특별시 중랑구 신내로 201 (신내동)","131-872","홈플러스 신내점","2024-03-04 14:56:59","U","2024-03-06 02:40:00","대형마트","208208.786684767","457054.793655589","대규모점포"
"737","대규모점포","08_25_01_P","3060000","2006306009507500002","2006-10-26","","01","영업/정상","1","정상영업","","","","","024372080","8128.82","","서울특별시 중랑구 면목동 168번지 2호","서울특별시 중랑구 사가정로 332 (면목동)","131-822","홈플러스(주)면목점","2024-05-22 09:57:55","U","2024-05-24 02:40:00","대형마트","207090.86716546","453072.936040777","대규모점포"
"738","대규모점포","08_25_01_P","3060000","2010306009507500002","2010-07-21","","01","영업/정상","1","정상영업","","","","","02-380-9426","5100.83","131-141","서울특별시 중랑구 묵1동 170번지 1호 외 35필지","서울특별시 중랑구 동일로 932 (묵동)","131-757","주식회사 이마트 묵동점","2024-04-18 13:11:10","U","2024-04-20 02:40:00","대형마트","206777.731391054","456837.219624564","대규모점포"
"739","대규모점포","08_25_01_P","3060000","2010306009507500003","2010-12-29","","01","영업/정상","1","정상영업","","","","","0269228100","22618.65","131-221","서울특별시 중랑구 상봉1동 500번지","서울특별시 망우로 353-0 (상봉동, 프레미어스 엠코)","131-857","홈플러스(주) 서울 상봉점","2024-02-29 18:12:48","U","2024-03-02 02:40:00","대형마트","207923.745922676","455090.718335439","대규모점포"
"741","대규모점포","08_25_01_P","3060000","2005306007507500001","2001-04-18","","01","영업/정상","1","정상영업","","","","","02-439-1144","9776.28","","서울특별시 중랑구 상봉동 81호","서울특별시 중랑구 망우로 336 (상봉동)","131-858","코스트코홀세일 상봉점","2015-12-03 17:54:05","I","2018-08-31 23:59:59","대형마트","207897.260402153","454953.363448013","대규모점포"
"742","대규모점포","08_25_01_P","3030000","2012303010307500001","2012-02-14","","01","영업/정상","1","정상영업","","","","","3459-8000","264.3","133-858","서울특별시 성동구 왕십리2동 966번지 11호","서울특별시 성동구 왕십리로 333 (하왕십리동)","133-020","홈플러스(주) 익스프레스 왕십리점","2024-03-28 14:11:28","U","2024-03-30 02:40:00","구분없음","202806.018487131","451160.356013436","준대규모점포"
"744","대규모점포","08_25_01_P","3110000","2005311009907500002","2005-09-01","","01","영업/정상","1","정상영업","","","","","02  350 7032","9350.53","","서울특별시 은평구 대조동 240호","서울특별시 은평구 불광로 20 (대조동)","","팜스퀘어","2014-10-14 20:16:34","I","2018-08-31 23:59:59","쇼핑센터","193661.732383169","456379.193899276","대규모점포"
"745","대규모점포","08_25_01_P","3110000","2007311011107500001","2007-04-11","","01","영업/정상","1","정상영업","","","","","02-3417-2001","16972.65","","서울특별시 은평구 대조동 240호","서울특별시 은평구 불광로 20 (대조동)","","엔씨백화점 불광점","2024-11-25 09:02:24","U","2024-11-27 02:40:00","쇼핑센터","193661.732383169","456379.193899276","대규모점포"
"748","대규모점포","08_25_01_P","3110000","2012311013107500001","2011-09-16","","01","영업/정상","1","정상영업","","","","","02  22905853","1508.4","122-859","서울특별시 은평구 불광1동 308번지 1호","서울특별시 은평구 통일로 842 (불광동)","122-859","롯데쇼핑(주)롯데슈퍼범서점","2025-04-22 15:35:27","U","2025-04-24 02:40:00","그 밖의 대규모점포","193035.279146132","457365.911737494","준대규모점포"
"753","대규모점포","08_25_01_P","3030000","2005303007407500005","1968-12-07","","01","영업/정상","1","정상영업","","","","","02-464-2095","3225","133-120","서울특별시 성동구 성수동2가 289번지 4호","서울특별시 성동구 아차산로7길 28 (성수동2가)","","(주)인트램","2018-10-02 11:31:11","U","2018-10-04 02:37:24","그 밖의 대규모점포","204830.977323063","449477.448459906","대규모점포"
"756","대규모점포","08_25_01_P","3030000","2008303010307500001","2008-06-27","","01","영업/정상","1","정상영업","","","","","02  22001234","11573","133-071","서울특별시 성동구 행당동 168번지 1호","서울특별시 성동구 왕십리광장로 17 (행당동)","133-866","(주)이마트 왕십리점","2024-04-26 10:27:13","U","2024-04-28 02:40:00","대형마트","203292.151783332","451267.730992123","대규모점포"
"758","대규모점포","08_25_01_P","3030000","2012303010307500002","2012-02-24","","01","영업/정상","1","정상영업","","","","","2253-8542","578.96","133-807","서울특별시 성동구 금호동3가 1331번지","서울특별시 성동구 동호로 100 (금호동3가)","133-751","홈플러스(주) 익프스레스 금호2점","2024-03-28 14:08:02","U","2024-03-30 02:40:00","구분없음","201383.023709556","449744.280482389","준대규모점포"
"759","대규모점포","08_25_01_P","3030000","2012303010307500003","2012-03-21","","01","영업/정상","1","정상영업","","","","","02-2292-8545","293.34","133-091","서울특별시 성동구 금호동1가 481번지 5호","서울특별시 성동구 행당로 6 (금호동1가)","133-091","홈플러스(주) 익스프레스 금호점","2024-03-29 13:33:32","U","2024-03-31 02:40:00","구분없음","201772.807083568","450250.366445197","준대규모점포"
"763","대규모점포","08_25_01_P","3110000","2012311013107500005","2012-02-06","","01","영업/정상","1","정상영업","","","","","02-352-8546","189.1","122-881","서울특별시 은평구 신사1동 20번지 7호","서울특별시 은평구 갈현로 10 (신사동)","","홈플러스(주)익스프레스 신사점","2024-03-27 14:55:29","U","2024-03-29 02:40:00","그 밖의 대규모점포","192012.208564616","455177.704494531","준대규모점포"
"764","대규모점포","08_25_01_P","3110000","2012311013107500007","2012-03-23","","01","영업/정상","1","정상영업","","","","","02-359-8547","246.18","122-816","서울특별시 은평구 갈현2동 527번지 13호","서울특별시 은평구 서오릉로 222 (갈현동)","122-816","홈플러스 익스프레스 갈현점","2021-04-30 14:23:03","U","2021-05-02 02:40:00","그 밖의 대규모점포","191953.940215578","456960.687756827","준대규모점포"
"769","대규모점포","08_25_01_P","3110000","2012311013107500008","2012-03-20","","01","영업/정상","1","정상영업","","","","","02  22905853","191.9","122-896","서울특별시 은평구 역촌동 17번지 1호","서울특별시 은평구 진흥로 103 (역촌동)","122-896","롯데쇼핑(주) 롯데슈퍼 역촌점","2025-04-22 15:33:23","U","2025-04-24 02:40:00","그 밖의 대규모점포","193083.765685506","455978.010581693","준대규모점포"
"770","대규모점포","08_25_01_P","3110000","2016311013107500001","2016-04-27","","01","영업/정상","1","정상영업","","","","","02-6975-5901","57505","","서울특별시 은평구 진관동 79번지 15호","서울특별시 은평구 통일로 1050 (진관동, 롯데몰은평점)","03306","롯데몰 은평","2022-05-23 16:29:49","U","2022-05-25 02:40:00","쇼핑센터","192694.92374224","459461.236119623","대규모점포"
"771","대규모점포","08_25_01_P","3110000","2009311013107500001","2009-09-28","","01","영업/정상","1","정상영업","","","","","02  69431052","6881.2","122-090","서울특별시 은평구 수색동 75번지","서울특별시 은평구 수색로 217 (수색동)","","(주)이마트 수색점","2024-04-16 13:24:14","U","2024-04-18 02:40:00","대형마트","190977.850603548","453037.787995874","대규모점포"
"772","대규모점포","08_25_01_P","3110000","2010311013107500001","2001-10-31","","01","영업/정상","1","정상영업","","","","","02-380-1054","16105.48","122-010","서울특별시 은평구 응암동 90번지 1호","서울특별시 은평구 은평로 111 (응암동)","","(주)이마트 은평점","2024-04-16 13:18:26","U","2024-04-18 02:40:00","대형마트","192882.837727443","455340.54056388","대규모점포"
"774","대규모점포","08_25_01_P","3110000","2011311013107500002","2011-07-25","","01","영업/정상","1","정상영업","","","","","02-358-8546","510","122-819","서울특별시 은평구 구산동 1번지 24호","서울특별시 은평구 서오릉로 145 (구산동)","","홈플러스(주)익스프레스구산점","2024-03-27 14:52:31","U","2024-03-29 02:40:00","그 밖의 대규모점포","192563.874496397","456570.084566278","준대규모점포"
"775","대규모점포","08_25_01_P","3110000","2011311013107500003","2011-08-11","","01","영업/정상","1","정상영업","","","","","02  386 8547","272","122-923","서울특별시 은평구 응암3동 124번지 17호","서울특별시 은평구 응암로 247 (응암동)","122-923","홈플러스(주)익스프레스응암점","2024-03-27 14:50:40","U","2024-03-29 02:40:00","그 밖의 대규모점포","192674.132684249","454664.166810326","준대규모점포"
"776","대규모점포","08_25_01_P","3110000","2012311013107500002","2011-12-19","","01","영업/정상","1","정상영업","","","","","02-356-8545","200.9","122-856","서울특별시 은평구 불광1동 239번지 9호","서울특별시 은평구 불광로 121 (불광동)","122-856","홈플러스(주)익스프레스 불광점","2024-03-27 14:01:00","U","2024-03-29 02:40:00","그 밖의 대규모점포","194003.88391829","457260.736492005","준대규모점포"
"777","대규모점포","08_25_01_P","3020000","2012302009507500003","2012-03-23","","01","영업/정상","1","정상영업","","","","","02-793-9633","181.89","","서울특별시 용산구 한남동 631번지 5호 허준빌딩","서울특별시 용산구 대사관로34길 26, 허준빌딩 1층 (한남동)","04402","롯데슈퍼 한남점(가맹점)","2019-03-19 14:40:19","U","2019-03-21 02:40:00","구분없음","200431.145594386","447763.414163072","준대규모점포"
"778","대규모점포","08_25_01_P","3020000","2014302009507500001","2014-07-31","","01","영업/정상","1","정상영업","","","","","027135602","121.7","140-160","서울특별시 용산구 남영동 93번지 30호","서울특별시 한강대로77길 12","140-807","롯데프레시 갈월점","2022-09-21 09:08:42","U","2022-09-23 02:40:00","구분없음","197443.881826007","448884.957554763","준대규모점포"
"780","대규모점포","08_25_01_P","3020000","1985302007407500008","1985-07-01","","01","영업/정상","1","정상영업","","","","","","","","서울특별시 용산구 한강로1가 191호","","","국제센터아케이드","2007-07-21 10:15:07","I","2018-08-31 23:59:59","그 밖의 대규모점포","197646.514005514","447909.070650149",""
"782","대규모점포","08_25_01_P","3020000","2004302007407500001","2004-09-21","","01","영업/정상","1","정상영업","","","","","02-2012-0101","106290.33","","서울특별시 용산구 한강로3가 40번지 999호","서울특별시 용산구 한강대로23길 55 (한강로3가)","140-780","아이파크몰(I PARK MALL)","2022-08-11 09:29:42","U","2022-08-13 02:40:00","쇼핑센터","196762.077394917","447480.039577359","대규모점포"
"783","대규모점포","08_25_01_P","3020000","2004302007407500002","2004-12-22","","01","영업/정상","1","정상영업","","","","","02  799 7114","6876.34","","서울특별시 용산구 한강로2가 191호","서울특별시 용산구 한강대로 92 (한강로2가)","140-702","LS Avenue","2012-10-15 09:45:52","I","2018-08-31 23:59:59","그 밖의 대규모점포","197099.381481836","447328.548832245","대규모점포"
"784","대규모점포","08_25_01_P","3140000","2012314011407500003","2012-05-23","","01","영업/정상","1","정상영업","","","","","0226975602","263","158-095","서울특별시 양천구 신월5동 20번지 28호 외 1필지","서울특별시 양천구 월정로46길 11 (신월동,외 1필지)","","롯데쇼핑(주)롯데슈퍼 신월점","2022-04-22 17:15:54","U","2022-04-24 02:40:00","구분없음","185164.559946017","448756.033565786","준대규모점포"
"786","대규모점포","08_25_01_P","3020000","2006302007407500004","2006-08-25","","01","영업/정상","1","정상영업","","","","","02)2012-0101","17898.53","","서울특별시 용산구 한강로3가 40번지 999호","서울특별시 용산구 한강대로23길 55 (한강로3가)","140-780","아이파크(I PARK)백화점","2022-08-11 09:34:48","U","2022-08-13 02:40:00","백화점","196762.077394917","447480.039577359","대규모점포"
"789","대규모점포","08_25_01_P","3020000","2008302009507500003","1987-10-31","","01","영업/정상","1","정상영업","","","","","02  707 4628","62555.57","140-013","서울특별시 용산구 한강로3가 16번지 9호","서울특별시 용산구 청파로 74 (한강로3가)","","(주)에스와이에스홀딩스","2014-10-24 10:25:20","I","2018-08-31 23:59:59","전문점","196370.746398773","447841.698787531","대규모점포"
"796","대규모점포","08_25_01_P","3140000","2002314011407500001","2002-08-09","","01","영업/정상","1","정상영업","","","","2002-08-09","0221632233","38258","","서울특별시 양천구 목동 916호","서울특별시 양천구 목동동로 257 (목동)","","현대백화점목동점","2024-05-08 09:19:59","U","2024-05-10 02:40:00","백화점","188884.075622342","447186.888604306","대규모점포"
"797","대규모점포","08_25_01_P","3140000","2004314010207599100","2004-06-04","","01","영업/정상","1","정상영업","","","","","0266789236","24319","","서울특별시 양천구 목동 917번지 6호","서울특별시 양천구 목동동로 309 (목동)","","행복한백화점","2023-05-04 10:21:49","U","2023-05-07 02:40:00","백화점","188977.171050288","447466.355031447","대규모점포"
"801","대규모점포","08_25_01_P","3140000","2011314011407500005","2011-09-15","","01","영업/정상","1","정상영업","","","","","2006-2637","346","","서울특별시 양천구 신정동 201번지 1호 세양청마루2차 지상1층","서울특별시 양천구 목동남로4길 2 (신정동, 세양청마루2차주상복합)","08104","(주)지에스리테일 신정2점","2025-04-21 13:01:27","U","2025-04-23 02:40:00","구분없음","187954.189632117","445124.131588947","준대규모점포"
"802","대규모점포","08_25_01_P","3140000","2011314011407500007","2011-09-15","","01","영업/정상","1","정상영업","","","","","2062-8546","244.9","158-053","서울특별시 양천구 목3동 657번지 21호","서울특별시 양천구 등촌로 172 (목동)","","홈플러스(주)익스프레스 목동2점","2024-03-21 16:37:29","U","2024-03-23 02:40:00","구분없음","187788.82257199","449204.635182585","준대규모점포"
"804","대규모점포","08_25_01_P","3140000","2012314011407500002","2012-04-10","","01","영업/정상","1","정상영업","","","","","2644-8720","161.37","158-077","서울특별시 양천구 신정7동 324번지 10호 굿모닝탑  103~108호","서울특별시 양천구 목동동로 53, 103~108호 (신정동,굿모닝탑)","","홈플러스(주)익스프레스 신정3점","2024-03-19 13:51:41","U","2024-03-21 02:40:00","구분없음","187619.993071747","445879.054862903","준대규모점포"
"809","대규모점포","08_25_01_P","3140000","2011314011407500001","2011-05-20","","01","영업/정상","1","정상영업","","","","","0269231234","14074.76","158-766","서울특별시 양천구 목1동 962번지 1호 목동트라팰리스 내","서울특별시 양천구 오목로 299 (목동)","158-766","(주)이마트 목동점","2024-04-23 09:29:35","U","2024-04-25 02:40:00","대형마트","188551.299139509","447076.288051741","대규모점포"
"810","대규모점포","08_25_01_P","3140000","2011314011407500002","2011-06-30","","01","영업/정상","1","정상영업","","","","","2696-8546","213","158-073","서울특별시 양천구 신정3동 1183번지 12호","서울특별시 양천구 중앙로 255-1 (신정동)","","홈플러스(주)익스프레스 신정점","2024-03-22 08:51:42","U","2024-03-24 02:40:00","구분없음","186934.14769332","446336.680481997","준대규모점포"
"811","대규모점포","08_25_01_P","3180000","2001318007607500032","2001-12-03","","01","영업/정상","1","정상영업","","","","","0221658101","35687.74","150-991","서울특별시 영등포구 문래동3가 55번지 3호","서울특별시 영등포구  당산로  42 (문래동3가)","150-991","홈플러스(주) 영등포점","2024-03-06 16:33:10","U","2024-03-08 02:40:00","대형마트","190729.506453391","446227.07504062","대규모점포"
"813","대규모점포","08_25_01_P","3180000","2005318007607500003","2005-11-11","","01","영업/정상","1","정상영업","","","","","02-2630-2651","8724.73","","서울특별시 영등포구 양평동3가 65호","서울특별시 영등포구 선유로 156 (양평동3가)","","코스트코 홀세일","2017-07-07 10:36:41","I","2018-08-31 23:59:59","대형마트","190408.509134733","447298.022173646","대규모점포"
"816","대규모점포","08_25_01_P","3010000","2010301010007500001","1973-04-10","","01","영업/정상","1","정상영업","","","","","02-310-1041","78348.39","100-747","서울특별시 중구 충무로1가 52번지 5호 신세계백화점건물","서울특별시 중구 소공로 63 (충무로1가,신세계백화점건물)","","신세계백화점","2025-01-31 16:39:05","U","2025-02-02 02:40:00","백화점","198263.90839194","450960.762964932","대규모점포"
"817","대규모점포","08_25_01_P","3180000","2017318016307500001","2017-04-25","","01","영업/정상","1","정상영업","","","","","21458178","18016.52","","","서울특별시 영등포구 선유로 138 (양평동3가)","150-103","롯데쇼핑(주) 롯데마트 양평점","2025-05-14 10:34:15","U","2025-05-16 02:40:00","대형마트","190352.321686588","447095.641206789","대규모점포"
"818","대규모점포","08_25_01_P","3180000","1991318011707500001","1991-05-01","","01","영업/정상","1","정상영업","","","","","0226708832","53086.27","","서울특별시 영등포구 영등포동 618-496","서울특별시 영등포구 경인로 846 (영등포동)","07306","롯데백화점 영등포점","2024-04-22 14:45:43","U","2024-04-24 02:40:00","백화점","191741.345847708","445970.307641467","대규모점포"
"819","대규모점포","08_25_01_P","3180000","2001318007607500002","1994-10-07","","01","영업/정상","1","정상영업","","","","","0226302653","","","서울특별시 영등포구 양평동3가 65호","서울특별시 영등포구 선유로 156 (양평동3가)","","코스트코홀세일","2007-07-07 12:24:36","I","2018-08-31 23:59:59","그 밖의 대규모점포","190408.509134733","447298.022173646",""
"821","대규모점포","08_25_01_P","3180000","2001318007607500010","1975-06-09","","01","영업/정상","1","정상영업","","","","","02 7824581","","","서울특별시 영등포구 여의도동 42번지 1   호","","","한화스토아여의점","2007-07-07 12:24:36","I","2018-08-31 23:59:59","그 밖의 대규모점포","","",""
"828","대규모점포","08_25_01_P","3180000","2001318007607500027","1996-12-03","","01","영업/정상","1","정상영업","","","","","02 6791134","","","서울특별시 영등포구 당산동1가 9번지 1   호","","","영등포농축수산물쎈타","2020-03-17 10:59:47","U","2020-03-19 02:40:00","그 밖의 대규모점포","","",""
"835","대규모점포","08_25_01_P","3180000","2001318007607500030","2001-06-20","","01","영업/정상","1","정상영업","","2019-07-01","2020-06-30","","02-2630-0220","4447.16","","서울특별시 영등포구 당산동5가 16번지 7호","서울특별시 영등포구 양평로 47 (당산동5가)","150-045","이랜드리테일 당산점","2024-12-02 15:53:26","U","2024-12-04 02:40:00","그 밖의 대규모점포","191177.584475692","447965.645513185","대규모점포"
"836","대규모점포","08_25_01_P","3180000","2001318007607500031","2001-09-25","","01","영업/정상","1","정상영업","","","","","02-2165-2521","12066.16","","서울특별시 영등포구 영등포동8가 62번지 1호","서울특별시 영등포구 영중로 125 (영등포동8가)","150-038","롯데쇼핑(주) 롯데마트맥스 영등포점","2025-05-14 10:32:39","U","2025-05-16 02:40:00","대형마트","191503.386111551","447289.548355449","대규모점포"
"838","대규모점포","08_25_01_P","3180000","2008318011707500002","2008-05-07","","01","영업/정상","1","정상영업","","","","","","3536.87","150-010","서울특별시 영등포구 여의도동 47번지 여의도자이(아) 지하 1층","서울특별시 영등포구 여의동로3길 10 (여의도동,여의도자이(아) 지하 1층)","","신세계 이마트 여의도점","2010-04-14 15:20:28","I","2018-08-31 23:59:59","대형마트","193393.096553574","446218.443828439",""
"839","대규모점포","08_25_01_P","3180000","2008318011707500003","1994-08-26","","01","영업/정상","1","정상영업","","2008-05-29","2009-08-29","","26382000","94319.57","150-798","서울특별시 영등포구 영등포동4가 441번지 10호 타임스퀘어","서울특별시 영등포구 영중로 15 (영등포동4가)","150-798","타임스퀘어","2014-12-11 18:01:54","I","2018-08-31 23:59:59","쇼핑센터","191385.057392247","446098.555926507","대규모점포"
"844","대규모점포","08_25_01_P","3010000","2014301013007500017","1996-08-31","","01","영업/정상","1","정상영업","","","","","02-2073-5111","33008.72","","","서울특별시 중구 장충단로 13-20 (을지로6가)","100-851","현대시티타워","2017-05-08 13:51:41","I","2018-08-31 23:59:59","쇼핑센터","","","대규모점포"
"846","대규모점포","08_25_01_P","3180000","2011318016307500007","2011-11-22","","01","영업/정상","1","정상영업","","","","","02-831-4400","1398.36","150-816","서울특별시 영등포구 대림3동 784번지","서울특별시 영등포구 대림로 251 (대림동)","150-816","롯데슈퍼 대림점","2024-11-19 13:11:13","U","2024-11-21 02:40:00","구분없음","190721.417931753","444571.769293729","준대규모점포"
"847","대규모점포","08_25_01_P","3180000","2012318016307500001","2012-03-26","","01","영업/정상","1","정상영업","","","","","02-846-8545","390.2","","","서울특별시 영등포구 여의대방로 65 (신길동)","150-860","홈플러스(주) 익스프레스 신길점","2024-04-04 13:30:29","U","2024-04-06 02:40:00","구분없음","192275.299730624","443891.073398846","준대규모점포"
"850","대규모점포","08_25_01_P","3180000","2009318011707500002","1982-12-15","","01","영업/정상","1","정상영업","","","","2009-08-21","02-2639-1041","11893.83","150-985","서울특별시 영등포구 영등포동4가 434번지 5호 신세계백화점","서울특별시 영등포구 영중로 9 (영등포동4가, 신세계백화점)","150-985","(주)신세계 타임스퀘어점","2024-04-24 16:07:18","U","2024-04-26 02:40:00","백화점","191581.500265536","446108.807192753","대규모점포"
"852","대규모점포","08_25_01_P","3180000","2011318016307500001","2011-05-23","","01","영업/정상","1","정상영업","","","","","02-2280-1234","3536.87","","","서울특별시 영등포구 여의동로3길 10 (여의도동)","150-893","(주)이마트 여의도점","2024-04-19 17:32:27","U","2024-04-21 02:40:00","대형마트","193393.096553574","446218.443828439","대규모점포"
"853","대규모점포","08_25_01_P","3180000","2011318016307500002","2011-06-30","","01","영업/정상","1","정상영업","","","","","02-833-8535","240.5","150-833","서울특별시 영등포구 도림동 251번지 5호","서울특별시 영등포구 도신로 75 (도림동)","150-833","홈플러스(주) 익스프레스 도림점","2024-04-15 13:16:07","U","2024-04-17 02:40:00","구분없음","191157.139334361","444953.005202762","준대규모점포"
"854","대규모점포","08_25_01_P","3180000","2011318016307500003","2011-10-02","","01","영업/정상","1","정상영업","","","","","02-832-8546","396.3","150-847","서울특별시 영등포구 신길3동 259번지 4호","서울특별시 영등포구 가마산로69가길 12 (신길동)","150-841","홈플러스(주) 익스프레스 신길3점","2024-04-04 17:25:44","U","2024-04-06 02:40:00","구분없음","191936.254364904","444885.168731883","준대규모점포"
"855","대규모점포","08_25_01_P","3180000","2011318016307500005","2011-10-02","","01","영업/정상","1","정상영업","","","","","843 8545","248.2","150-050","서울특별시 영등포구 신길동 101번지 7호","서울특별시 영등포구 영등포로 364 (신길동)","150-050","홈플러스(주) 익스프레스 신길2점","2024-04-11 18:09:12","U","2024-04-13 02:40:00","구분없음","192712.769279545","445770.103022217","준대규모점포"
"860","대규모점포","08_25_01_P","3010000","2012301010007500002","1979-12-27","","01","영업/정상","1","정상영업","","","","1997-12-27","02-772-3871","59979.25","","","서울특별시 중구 남대문로 81 (소공동)","100-721","롯데백화점 본점","2022-05-10 09:22:51","U","2022-05-12 02:40:00","백화점","198259.65357739","451392.198218657","대규모점포"
"865","대규모점포","08_25_01_P","3010000","2014301013007500001","2014-01-10","","01","영업/정상","1","정상영업","","","","","02-2006-2156","492.56","","","서울특별시 중구 다산로 32 (신당동)","100-450","(주)지에스리테일 남산타운점","2025-04-14 18:54:10","U","2025-04-16 02:40:00","구분없음","200750.455125653","449638.824308081","준대규모점포"
"875","대규모점포","08_25_01_P","5120000","2019512022107500001","2019-11-15","","01","영업/정상","1","정상영업","","","","","054-553-8899","297","","경상북도 문경시 모전동 862번지","경상북도 문경시 당교로 242 (모전동)","36986","노브랜드문경모전점","2024-12-11 08:46:46","U","2024-12-13 02:40:00","그 밖의 대규모점포","306400.55237364","343402.200302868","준대규모점포"
"880","대규모점포","08_25_01_P","5670000","2022567057407500001","2022-04-06","","01","영업/정상","1","정상영업","","","","","055-544-1501~2","1219.7","","경상남도 창원시 진해구 경화동 1174-3","경상남도 창원시 진해구 충장로 281-9 (경화동)","51667","탑마트 진해경화점","2025-04-28 17:00:46","U","2025-04-30 02:40:00","그 밖의 대규모점포","353241.977997001","185120.55817638","준대규모점포"
"881","대규모점포","08_25_01_P","3300000","2022330011007500001","2022-03-29","","01","영업/정상","1","정상영업","","","","","051-507-3511","189.74","","부산광역시 동래구 사직동 1017 사직 쌍용 예가","부산광역시 동래구 사직로 80, 222동 B101,B102,B105호 (사직동, 사직 쌍용 예가)","47863","GS THE FRESH 사직쌍용점","2022-06-21 16:31:55","U","2022-06-23 02:40:00","구분없음","387144.17668815","190534.020672018","준대규모점포"
"882","대규모점포","08_25_01_P","3120000","2022312019207500001","2022-04-05","","01","영업/정상","1","정상영업","","","","","02-380-5042","998.27","","서울특별시 서대문구 남가좌동 50-3 명지대학교","서울특별시 서대문구 거북골로 34, 명지대학교 (남가좌동)","03674","이마트에브리데이 명지대점","2024-08-22 17:49:07","U","2024-08-24 02:40:00","구분없음","193139.52394401","453106.002592232","준대규모점포"
"884","대규모점포","08_25_01_P","3160000","2022316015907500001","2022-03-18","","01","영업/정상","1","정상영업","","","","","02-528-0450","40883.22","","서울특별시 구로구 고척동 100-7","","","고척아이파크쇼핑센터","2023-10-12 17:09:57","U","2023-10-14 02:40:00","쇼핑센터","187477.579440706","444045.294921843","대규모점포"
"885","대규모점포","08_25_01_P","3100000","2022310018407500001","2022-03-18","","01","영업/정상","1","정상영업","","","","","02-380-5042","500.84","","서울특별시 노원구 중계동 160-1 기업은행","서울특별시 노원구 덕릉로 690, 1층 (중계동)","01715","(주)이마트에브리데이 상계역점","2024-08-06 11:16:24","U","2024-08-08 02:40:00","구분없음","206616.300077726","461867.94710054","준대규모점포"
"888","대규모점포","08_25_01_P","4191000","1997419007907500002","1997-08-29","","01","영업/정상","1","정상영업","","","","","033-749-1205","8136.9","220-150","강원특별자치도 원주시 무실동 1062번지 1호 외3필지","강원특별자치도 원주시 북원로 1928 (무실동)","220-150","(주)이마트원주점","2024-05-08 11:10:13","U","2024-05-10 02:40:00","대형마트","281366.703634706","424684.582635502","대규모점포"
"889","대규모점포","08_25_01_P","4191000","2001419000007500001","2001-06-27","","01","영업/정상","1","정상영업","","","","","033-749-8888","3495.91","","강원특별자치도 원주시 단계동 803번지 2호 원주원예농협하나로클럽","강원특별자치도 원주시 무실로 182, 원주원예농협하나로클럽 (단계동)","26434","원주원예농협하나로클럽","2019-08-23 09:23:10","I","2023-06-13 00:00:00","쇼핑센터","283125.943357781","426975.404734288","대규모점포"
"893","대규모점포","08_25_01_P","4191000","2011419020307500001","2011-12-27","","01","영업/정상","1","정상영업","","","","","033-749-2500","12044.4","220-100","강원특별자치도 원주시 단계동 1123번지","강원특별자치도 원주시 봉화로 1 (단계동)","220-100","롯데쇼핑(주)롯데마트 원주점","2025-05-21 16:38:00","U","2025-05-23 02:40:00","대형마트","282120.73395865","427477.545400161","대규모점포"
"895","대규모점포","08_25_01_P","4191000","2012419020307500002","2012-07-06","","01","영업/정상","1","정상영업","","","","","033-649-8027","18737.35","220-934","강원특별자치도 원주시 관설동 1453번지","강원특별자치도 원주시 치악로 1489 (관설동)","","홈플러스 원주점","2024-03-06 16:26:41","U","2024-03-08 02:40:00","대형마트","285677.402683418","424408.068770392","대규모점포"
"896","대규모점포","08_25_01_P","4191000","2018419024107500001","2018-05-21","","01","영업/정상","1","정상영업","","","","","02-549-6693","3300.29","","강원특별자치도 원주시 무실동 630번지 3호 외 1","강원특별자치도 원주시 북원로 2054 (무실동)","26394","원주 무실동 판매시설(CROSS AVENUE WONJU)","2021-04-30 13:34:28","I","2023-06-13 00:00:00","전문점","281918.041268589","425757.187016122","대규모점포"
"901","대규모점포","08_25_01_P","4251000","2011425009607500001","2011-07-26","","01","영업/정상","1","정상영업","","","","","033-435-0085","1441","250-805","강원특별자치도 홍천군 홍천읍 신장대리 62번지 1호","강원특별자치도 홍천군 홍천읍 홍천로 344","250-800","(주)지에스리테일홍천점","2016-02-05 14:23:14","I","2023-06-13 00:00:00","그 밖의 대규모점포","277870.200862898","465464.803193958","준대규모점포"
"903","대규모점포","08_25_01_P","4251000","2016425012107500001","2016-02-05","","01","영업/정상","1","정상영업","","","","","0334330085","1441","","","강원특별자치도 홍천군 홍천읍 홍천로 344","25139","(주) 지에스리테일 홍천점","2025-04-14 11:55:05","U","2025-04-16 02:40:00","그 밖의 대규모점포","277870.200862898","465464.803193958","준대규모점포"
"905","대규모점포","08_25_01_P","4251000","1998425004207500001","1998-02-27","","01","영업/정상","1","정상영업","","","","","033 4355000","","","강원특별자치도 홍천군 북방면 소매곡리 산34호","강원특별자치도 홍천군 북방면 온천길 183","","홍천종합온천장","2007-06-30 10:43:21","I","2023-06-13 00:00:00","그 밖의 대규모점포","273789.496455895","466226.934730527",""
"906","대규모점포","08_25_01_P","3510500","2024351057907500008","2024-06-28","","01","영업/정상","1","정상영업","","","","","02-2006-2364","193.52","","인천광역시 미추홀구 주안동 1545-2","인천광역시 미추홀구 구월로8번길 18-62 (주안동)","22146","GS THE FRESH 인천석바위점","2025-04-30 13:42:02","U","2025-05-02 02:40:00","구분없음","172657.490901483","439438.481562346","준대규모점포"
"907","대규모점포","08_25_01_P","3290000","2024329016907500002","2024-06-27","","01","영업/정상","1","정상영업","","","","","","235.5","","부산광역시 부산진구 당감동 480-12 무궁화아파트","부산광역시 부산진구 당감서로 21, 1층 (당감동, 무궁화아파트)","47178","GS THE FRESH 부산당감점","2025-01-15 10:18:13","U","2025-01-17 02:40:00","구분없음","385418.974408842","186736.181524438","준대규모점포"
"908","대규모점포","08_25_01_P","3560000","2024356022207500001","2024-06-27","","01","영업/정상","1","정상영업","","","","","","3139.28","","인천광역시 서구 청라동 165-12 지젤엠청라","인천광역시 서구 청라에메랄드로 99, 지젤엠청라 (청라동)","22738","주식회사 청라지젤엠","2024-06-27 13:36:07","I","2024-06-29 00:14:02","그 밖의 대규모점포","169500","447993.88","대규모점포"
"909","대규모점포","08_25_01_P","3040000","2024304019007500002","2024-07-04","","01","영업/정상","1","정상영업","","","","","02-446-2923","162.28","","서울특별시 광진구 능동 234-1","서울특별시 광진구 천호대로112길 25, 1층 (능동)","04986","GS THE FRESH 광진능동점","2025-04-14 13:37:17","U","2025-04-16 02:40:00","대형마트","207108.67238502","450297.066731294","준대규모점포"
"911","대규모점포","08_25_01_P","3320000","2024332010707500001","2024-06-24","","01","영업/정상","1","정상영업","","","","","051-343-6722","242.5","","부산광역시 북구 구포동 1091","부산광역시 북구 백양대로 1013 (구포동)","46650","GS THE FRESH 부산구남점","2024-08-05 09:29:27","U","2024-08-07 02:40:00","그 밖의 대규모점포","381552.521372783","190386.518166956","준대규모점포"
"912","대규모점포","08_25_01_P","3120000","2024312021907500003","2024-07-25","","01","영업/정상","1","정상영업","","","","","02-304-4025","7391.45","","서울특별시 서대문구 남가좌동 396 DMC금호리첸시아","서울특별시 서대문구 수색로2길 39, B1,1,2층 (남가좌동, DMC금호리첸시아)","03712","DMC금호리첸시아몰","2024-07-26 11:58:21","I","2024-07-28 00:14:06","그 밖의 대규모점포","192482.416512858","452143.491541077","대규모점포"
"913","대규모점포","08_25_01_P","3240000","2024324028907500001","2024-06-18","","01","영업/정상","1","정상영업","","","","","02-479-2384","31500.83","","서울특별시 강동구 천호동 423-200","","","강동밀레니얼 중흥S-클래스 쇼핑센터","2024-12-05 09:09:19","U","2024-12-07 02:40:00","쇼핑센터","211150.812213612","448805.145144628","대규모점포"
"914","대규모점포","08_25_01_P","3290000","2024329016907500001","2024-06-26","","01","영업/정상","1","정상영업","","","","","051-853-3003","564.3","","부산광역시 부산진구 양정동 386-5","부산광역시 부산진구 동평로 404, 1층 (양정동)","47212","GS THE FRESH 부산양정역점","2024-07-24 09:24:46","U","2024-07-26 02:40:00","구분없음","388415.250350946","188023.91387035","준대규모점포"
"915","대규모점포","08_25_01_P","3090000","2024309018507500001","2024-07-08","","01","영업/정상","1","정상영업","","","","","02-2006-2364","292.8","","서울특별시 도봉구 창동 297-16","서울특별시 도봉구 해등로12길 3 (창동)","01402","GS THE FRESH 창동점","2025-04-14 14:23:40","U","2025-04-16 02:40:00","구분없음","203589.033642356","461254.349369279","준대규모점포"
"916","대규모점포","08_25_01_P","4090000","2024409046507500001","2024-07-02","","01","영업/정상","1","정상영업","","","","","","236.66","","경기도 김포시 구래동 6874-23","경기도 김포시 김포한강4로420번길 88, 슈퍼스타타워 101호, 102호, 113호, 114호, 115호 (구래동)","10063","GS THE FRESH 김포구래점","2024-07-16 17:36:10","U","2024-07-18 02:40:00","구분없음","167542.995851124","460979.452892696","준대규모점포"
"918","대규모점포","08_25_01_P","3930000","2024393048207500001","2024-07-23","","01","영업/정상","1","정상영업","","","","","484-5332","19927.49","","경기도 안산시 단원구 고잔동 533","경기도 안산시 단원구 당곡로 20 (고잔동)","15360","현대타워랜드","2024-07-25 14:18:15","I","2024-07-27 00:13:37","그 밖의 대규모점포","185196.01753702","424100.3316153","대규모점포"
"921","대규모점포","08_25_01_P","3600000","1999360000007500011","1997-02-04","","01","영업/정상","1","정상영업","","","","","062 3802611","","","광주광역시 서구 쌍촌동 885-11호","","","파워마트","2007-07-21 10:15:34","I","2018-08-31 23:59:59","대형마트","","",""
"932","대규모점포","08_25_01_P","3620000","2000362001207500017","2000-03-28","","01","영업/정상","1","정상영업","","","","","006205749368","","","광주광역시 북구 일곡동 839번지 1호","광주광역시 북구 설죽로 490 (일곡동)","","(주)마트앤마트","2007-06-16 11:13:33","I","2018-08-31 23:59:59","그 밖의 대규모점포","190724.076411401","189336.911607023",""
"933","대규모점포","08_25_01_P","3620000","2004362007207500001","2002-10-23","","01","영업/정상","1","정상영업","","","","","062-250-8015","15111","500-102","광주광역시 북구 두암2동 575번지 1호","광주광역시 북구 동문대로 200 (두암동)","500-812","홈플러스(주) 동광주점","2024-02-29 13:53:21","U","2024-03-02 02:40:00","대형마트","193592.366836384","186709.260367801","대규모점포"
"934","대규모점포","08_25_01_P","3620000","2007362007207500001","2007-08-02","","01","영업/정상","1","정상영업","","","","","062-675-8900","3104.84","500-120","광주광역시 북구 각화동 320번지 6호","광주광역시 북구 동문대로248번길 39 (각화동)","500-800","에이치에스인베스트먼트(주)","2022-06-27 16:36:13","U","2022-06-29 02:40:00","그 밖의 대규모점포","194195.312327268","187128.395406826","대규모점포"
"935","대규모점포","08_25_01_P","3620000","2011362007907500001","1995-03-09","","01","영업/정상","1","정상영업","","","","","062 519 2233","21532.45","500-827","광주광역시 북구 신안동 6번지 1호","광주광역시 북구 경열로 249 (신안동)","500-721","NC백화점 광주점","2024-11-29 11:06:14","U","2024-12-01 02:40:00","백화점","191482.021147695","184739.201719547","대규모점포"
"936","대규모점포","08_25_01_P","3620000","2012362007907500002","2012-01-31","","01","영업/정상","1","정상영업","","","","","062-263-0011","1483.7","500-100","광주광역시 북구 두암동 985번지 1호","광주광역시 북구 삼정로3번길 21 (두암동)","500-100","롯데쇼핑(주)롯데슈퍼두암점","2025-05-07 13:28:30","U","2025-05-09 02:40:00","구분없음","193999.034505249","184817.707884727","준대규모점포"
"942","대규모점포","08_25_01_P","3410000","1971341004607500002","1971-11-12","","01","영업/정상","1","정상영업","","","","","053 4274378","","","대구광역시 중구 대봉동 55번지 61  호","","","대구맨션마켓","2007-07-14 13:31:56","I","2018-08-31 23:59:59","그 밖의 대규모점포","","",""
"949","대규모점포","08_25_01_P","5090000","2012509007907500001","2012-04-23","","01","영업/정상","1","정상영업","","","","","054-632-5601","1628.33","750-050","경상북도 영주시 휴천동 693번지 9호","경상북도 영주시 구성로 256 (휴천동)","","롯데쇼핑(주)롯데슈퍼 영주점","2025-04-23 15:41:10","U","2025-04-25 02:40:00","구분없음","345200.857882274","369525.647407351","준대규모점포"
"950","대규모점포","08_25_01_P","5090000","2012509007907500003","2012-05-21","","01","영업/정상","1","정상영업","","","","","054-635-2857","123.02","750-050","경상북도 영주시 휴천동 698번지 13호","경상북도 영주시 번영로 62 (휴천동)","","영주농협남부지점 하나로마트","2014-09-22 09:23:02","I","2018-08-31 23:59:59","구분없음","345274.041200316","369680.159668102","준대규모점포"
"954","대규모점포","08_25_01_P","5080000","2005508010807500001","2002-04-17","","01","영업/정상","1","정상영업","","","","","054 467 1053","9551.12","","경상북도 구미시 광평동 65번지 1호","경상북도 구미시 구미대로 256 (광평동)","730-080","(주)이마트 구미점","2024-04-19 11:14:31","U","2024-04-21 02:40:00","그 밖의 대규모점포","322824.51490748","290746.468249832","대규모점포"
"955","대규모점포","08_25_01_P","5080000","2005508013307500002","2005-12-09","","01","영업/정상","1","정상영업","","","","","054 4598000","15376","","경상북도 구미시 광평동 792-21 홈플러스 구미광평점","경상북도 구미시 구미대로 174, 홈플러스 구미광평점 (광평동)","39347","홈플러스(주) 구미점","2024-03-13 09:44:55","U","2024-03-16 02:40:00","대형마트","322735.286027559","290001.107358242","대규모점포"
"957","대규모점포","08_25_01_P","5080000","2009508013307500001","1990-05-12","","01","영업/정상","1","정상영업","","","","","054 459 0220","5755.53","730-729","경상북도 구미시 송정동 60번지 동아백화점","경상북도 구미시 송원동로 28 (송정동, 동아백화점)","730-729","동아백화점구미점","2024-11-25 20:35:50","U","2024-11-27 02:40:00","대형마트","321336.908311758","291866.814770578","대규모점포"
"958","대규모점포","08_25_01_P","5080000","2011508013307500001","2011-02-23","","01","영업/정상","1","정상영업","","","","","054-480-1234","12976.74","","경상북도 구미시 임수동 92-28","경상북도 구미시 이계북로 23 (임수동)","39393","(주)이마트 동구미점","2024-04-18 15:17:34","U","2024-04-20 02:40:00","대형마트","326413.552127775","290452.303117835","대규모점포"
"962","대규모점포","08_25_01_P","5090000","2007509007907500001","2007-07-26","","01","영업/정상","1","정상영업","","","","","054)639-3000","3514","750-120","경상북도 영주시 조암동 962번지 5호","경상북도 영주시 구성로 25 (조암동)","","영주농협 파머스마켓","2014-10-14 10:40:35","I","2018-08-31 23:59:59","대형마트","345554.361214286","367260.361864504","대규모점포"
"967","대규모점포","08_25_01_P","5310000","2010531001307500001","2014-09-17","","01","영업/정상","1","정상영업","","","","","055-771-8121","10703","","경상남도 진주시 상대동 181-1 홈플러스","경상남도 진주시 대신로 304, 홈플러스 (상대동)","52775","홈플러스 진주점","2021-06-16 17:11:06","U","2021-06-18 02:40:00","대형마트","301729.02108352","188168.815314509","대규모점포"
"968","대규모점포","08_25_01_P","5310000","2011531014307500001","2011-11-18","","01","영업/정상","1","정상영업","","","","","055-743-7464","1482","660-992","경상남도 진주시 평거동 204번지 1호","경상남도 진주시 순환로 546 (평거동)","660-992","(주)지에스리테일 진주평거점","2025-04-23 14:00:19","U","2025-04-25 02:40:00","구분없음","296568.70616118","186495.418965126","준대규모점포"
"979","대규모점포","08_25_01_P","5380000","2004538001007500004","2004-06-16","","01","영업/정상","1","정상영업","","","","","023805678","10936","","경상남도 양산시 중부동 705호","경상남도 양산시 양산역6길 12 (중부동)","626-050","(주)이마트 양산점","2024-05-03 15:16:36","U","2024-05-05 02:40:00","대형마트","384162.859309528","206040.977485389","대규모점포"
"980","대규모점포","08_25_01_P","5380000","2004538001007500005","2004-12-24","","01","영업/정상","1","정상영업","","","","","055 379 2500","0","","경상남도 양산시 삼호동 7B-1L호","","","롯데쇼핑(주)롯데마트 웅상점","2012-03-15 17:24:15","I","2018-08-31 23:59:59","대형마트","","",""
"992","대규모점포","08_25_01_P","5380000","2004538012907500001","2004-12-24","","01","영업/정상","1","정상영업","","","","","055-379-2500","8595.08","626-270","경상남도 양산시 삼호동 7B-1L외18필지","경상남도 양산시 삼호1길 34 (삼호동)","626-270","롯데쇼핑(주) 롯데마트 웅상점","2025-05-07 13:28:30","U","2025-05-09 02:40:00","대형마트","396764.399355907","214721.460538956","대규모점포"
"993","대규모점포","08_25_01_P","5380000","2012538012907500001","2012-04-17","","01","영업/정상","1","정상영업","","","","","0553887770","2636.7","626-240","경상남도 양산시 덕계동 732번지","경상남도 양산시 덕계로 60 (덕계동)","626-240","(주)메가마트 덕계점","2024-12-20 11:47:44","U","2024-12-22 02:40:00","구분없음","395434.324833665","210384.571380568","준대규모점포"
"998","대규모점포","08_25_01_P","5380000","2013538012907500001","2013-04-19","","01","영업/정상","1","정상영업","","","","","055 371 8050","8027.66","","경상남도 양산시 평산동 96번지","경상남도 양산시 평산로 16 (평산동)","50548","트레이더스 홀세일클럽 양산점","2024-04-15 10:19:23","U","2024-04-17 02:40:00","그 밖의 대규모점포","395549.598198962","211323.657984759","대규모점포"
"999","대규모점포","08_25_01_P","5380000","2015538018707500001","2015-02-12","","01","영업/정상","1","정상영업","","","","","055-380-4800","3599.19","","","경상남도 양산시 동면 수질정화공원로 40","626-821","박스스토어","2015-02-20 15:50:08","I","2018-08-31 23:59:59","그 밖의 대규모점포","384040.051012233","202516.471968794","대규모점포"
"1000","대규모점포","08_25_01_P","5380000","2015538018707500002","2015-10-13","","01","영업/정상","1","정상영업","","","","","02-2006-3053","272.16","","","경상남도 양산시 양주로 156, 123동 101호 (중부동, 대동황토방아파트)","50625","GS더프레시 양산중부점","2025-05-08 12:04:21","U","2025-05-10 02:40:00","구분없음","384840.106810764","206210.196079308","준대규모점포"
"1004","대규모점포","08_25_01_P","5310000","2004531001307500001","2012-04-23","","01","영업/정상","1","정상영업","","","","","055  7911000","23584.44","660-725","경상남도 진주시 평안동 195번지 한화갤러리아백화점","경상남도 진주시 진주대로 1095 (평안동)","660-725","갤러리아백화점 진주점","2013-07-25 14:49:41","I","2018-08-31 23:59:59","백화점","298496.244248712","189144.044742329","대규모점포"
"1005","대규모점포","08_25_01_P","5310000","2005531001307500001","2020-04-29","","01","영업/정상","1","정상영업","","","","","055 749 1052","11028","660-020","경상남도 진주시 인사동 3번지","경상남도 진주시 진양호로 477 (인사동)","660-020","(주)이마트 진주점","2024-04-24 18:07:33","U","2024-04-26 02:40:00","대형마트","298054.527527208","188573.551987221","대규모점포"
"1006","대규모점포","08_25_01_P","5310000","2007531001307500001","2007-05-31","","01","영업/정상","1","정상영업","","","","","055-771-8000","10708.3","","경상남도 진주시 상대동 181번지 1   호","경상남도 진주시 대신로 181-1 (하대동)","660-993","홈플러스 진주점","2011-11-09 11:21:08","I","2018-08-31 23:59:59","대형마트","301729.02108352","188168.815314509","대규모점포"
"1007","대규모점포","08_25_01_P","5310000","2012531014307500001","2014-12-29","","01","영업/정상","1","정상영업","","","","","055-791-1000","23584","","경상남도 진주시 평안동 195번지 한화갤러리아백화점","경상남도 진주시 진주대로 1095, 한화갤러리아백화점 (평안동)","52683","한화갤러리아(주) 진주점","2023-11-29 17:53:38","U","2023-12-01 02:40:00","백화점","298496.244248712","189144.044742329","대규모점포"
"1008","대규모점포","08_25_01_P","5310000","2012531014307500002","2012-05-09","","01","영업/정상","1","정상영업","","","","","","260","","경상남도 진주시 신안동 582-8","경상남도 진주시 진양호로 270 (신안동)","52697","홈플러스(주)익스프레스 신안점","2024-03-25 15:26:46","U","2024-03-27 02:40:00","구분없음","296831.469799527","187012.515018214","준대규모점포"
"1009","대규모점포","08_25_01_P","5310000","2012531014307500003","2012-06-13","","01","영업/정상","1","정상영업","","","","","055-762-3756","186.8","660-290","경상남도 진주시 주약동 156번지 5호","경상남도 진주시 진주대로 847 (주약동)","","롯데쇼핑(주) 롯데슈퍼 주약가맹점","2015-03-12 14:18:29","I","2018-08-31 23:59:59","구분없음","299405.466916425","186883.448711247","준대규모점포"
"1010","대규모점포","08_25_01_P","5310000","2012531014307500004","2012-06-13","","01","영업/정상","1","정상영업","","","","","055-761-4977","382.5","660-844","경상남도 진주시 문산읍 삼곡리 1279번지 1호","경상남도 진주시 문산읍 월아산로 1080","","롯데쇼핑(주) 롯데슈퍼문산가맹점","2015-03-12 14:20:46","I","2018-08-31 23:59:59","구분없음","305904.34666491","185966.439494224","준대규모점포"
"1011","대규모점포","08_25_01_P","5310000","2014531014307500001","2000-08-29","","01","영업/정상","1","정상영업","","","","","055-749-1234","10370","","","경상남도 진주시 진양호로 477-0 (인사동)","660-020","(주)이마트 진주점","2015-03-12 13:36:00","I","2018-08-31 23:59:59","대형마트","298054.527527208","188573.551987221","대규모점포"
"1016","대규모점포","08_25_01_P","5310000","2016531014307500001","2016-04-01","","01","영업/정상","1","정상영업","","","","","02-2006-3059","234.55","","경상남도 진주시 신안동 581번지 1호","경상남도 진주시 진양호로 302 (신안동)","52697","(주)지에스리테일 진주신안점","2025-04-23 14:01:36","U","2025-04-25 02:40:00","구분없음","296992.175715797","187280.490024175","준대규모점포"
"1025","대규모점포","08_25_01_P","3490000","2001349001207500012","2001-01-06","","01","영업/정상","1","정상영업","","","","","032-451-1053","10337","","인천광역시 중구 신생동 38호","인천광역시 중구 인중로 134 (신생동)","","(주)이마트  동인천점","2024-04-18 09:55:24","U","2024-04-20 02:40:00","대형마트","167064.283437375","440556.281252162","대규모점포"
"1031","대규모점포","08_25_01_P","3530000","2000353000007500007","1981-07-13","","01","영업/정상","1","정상영업","","","","","032 4715131","","","인천광역시 남동구 구월동 8번지 2호","","","만수종합쇼핑","2007-07-14 10:42:02","I","2018-08-31 23:59:59","쇼핑센터","","",""
"1042","대규모점포","08_25_01_P","3530000","2004353004907500005","2004-12-27","","01","영업/정상","1","정상영업","","","","","032 434 1234","15746.86","","인천광역시 남동구 간석동 205번지 1호","인천광역시 남동구 남동대로 880 (간석동)","","(주)동보올리브백화점","2017-05-08 09:43:11","I","2018-08-31 23:59:59","백화점","174172.521279","439905.780965785","대규모점포"
"1043","대규모점포","08_25_01_P","3530000","2009353007007500001","2013-06-03","","01","영업/정상","1","정상영업","","","","","032 870 8124","32550.72","405-230","인천광역시 남동구 간석동 616번지 3호 외 2필지","인천광역시 남동구 경원대로 971 (간석동,외 2필지)","","홈플러스(주) 간석점","2024-02-29 13:43:48","U","2024-03-02 02:40:00","대형마트","172419.743721009","440865.63488269","대규모점포"
"1045","대규모점포","08_25_01_P","3530000","2010353007007500002","2013-06-03","","01","영업/정상","1","정상영업","","","","","032 455 8121","17949.92","405-825","인천광역시 남동구 논현동 650번지 1호","인천광역시 남동구 청능대로 596 (논현동)","","홈플러스(주) 인천논현점","2024-02-29 13:46:32","U","2024-03-02 02:40:00","쇼핑센터","175633.883082614","433196.453155142","대규모점포"
"1046","대규모점포","08_25_01_P","3530000","2011353010407500001","2011-08-12","","01","영업/정상","1","정상영업","","","","","032 461 3417","356.08","405-854","인천광역시 남동구 만수4동 18번지 제가동 제121호 제207호 제109호 제119호","인천광역시 남동구 만수로50번길 53 (만수동,제가동 제121호 제207호 제109호 제119호)","","GS더프레시 만수점","2025-05-13 15:31:10","U","2025-05-15 02:40:00","구분없음","176600.648268113","439685.968559441","준대규모점포"
"1049","대규모점포","08_25_01_P","3530000","2011353010407500004","2013-06-03","","01","영업/정상","1","정상영업","","","","","032 463 8547","232.8","405-837","인천광역시 남동구 구월1동 1214번지 1호","인천광역시 남동구 구월남로 198 (구월동)","","홈플러스(주)익스프레스 구월점","2024-03-26 09:53:12","U","2024-03-28 02:40:00","구분없음","174401.042628505","438978.615575738","준대규모점포"
"1051","대규모점포","08_25_01_P","3540000","2006354006107500001","2006-12-22","","01","영업/정상","1","정상영업","","","","","032 509 2500","1606.6","","인천광역시 부평구 산곡동 159-52 롯데마트 부평점","인천광역시 부평구 마장로 296, 롯데마트 부평점 (산곡동)","21362","롯데쇼핑(주)롯데마트부평점","2025-05-13 09:27:12","U","2025-05-15 02:40:00","대형마트","173767.426219215","444794.439991356","대규모점포"
"1052","대규모점포","08_25_01_P","3540000","2007354006107500001","2014-10-01","","01","영업/정상","1","정상영업","","","","","0324522812","18601.4","","인천광역시 부평구 부평동 70번지 127호","인천광역시 부평구 부평문화로 35 (부평동, 롯데백화점)","21387","롯데백화점 부평점","2017-06-13 10:04:09","I","2018-08-31 23:59:59","백화점","175119.872281497","443502.318221991","대규모점포"
"1053","대규모점포","08_25_01_P","3540000","2007354006107500002","2014-10-01","","01","영업/정상","1","정상영업","","","","","032-363-2500","15652.92","","인천광역시 부평구 삼산동 465번지 1호","인천광역시 부평구 길주로 623 (삼산동, 대덕리치아노)","21344","롯데쇼핑(주)롯데마트 삼산점","2020-02-13 09:25:31","U","2020-02-15 02:40:00","대형마트","176238.624820895","445107.924835985","대규모점포"
"1054","대규모점포","08_25_01_P","3540000","2007354006107500003","2007-12-20","","01","영업/정상","1","정상영업","","","","","363-2500","15652.92","","인천광역시 부평구 삼산동 465-1 대덕리치아노","인천광역시 부평구 길주로 623, 대덕리치아노 (삼산동)","21344","롯데쇼핑(주)롯데마트삼산점","2025-05-13 09:28:07","U","2025-05-15 02:40:00","대형마트","176238.624820895","445107.924835985","대규모점포"
"1056","대규모점포","08_25_01_P","3540000","2009354006107500001","2004-12-16","","01","영업/정상","1","정상영업","","","","","3635407","10506.81","403-020","인천광역시 부평구 산곡동 311번지 151호","","","(주)이랜드리테일","2010-09-26 15:08:25","I","2018-08-31 23:59:59","쇼핑센터","174296.583284585","443196.9838165",""
"1057","대규모점포","08_25_01_P","3540000","2012354011907500001","2012-03-06","","01","영업/정상","1","정상영업","","","","","032-521-8545","185.5","","인천광역시 부평구 부개동 210번지 송신빌딩","인천광역시 부평구 부일로 87 (부개동)","21401","홈플러스 익스프레스 부개역점","2021-06-15 09:40:04","U","2021-06-17 02:40:00","그 밖의 대규모점포","176907.460015287","443010.109379065","준대규모점포"
"1058","대규모점포","08_25_01_P","3540000","2014354011907500001","2014-10-15","","01","영업/정상","1","정상영업","","","","","454-2520","8695","403-011","인천광역시 부평구 부평동 16번지","인천광역시 부평구 광장로 16-0 (부평동)","403-011","롯데쇼핑(주)롯데마트 부평역점","2021-12-24 13:42:58","U","2021-12-26 02:40:00","대형마트","175405.11373693","443089.591009306","대규모점포"
"1059","대규모점포","08_25_01_P","3540000","2014354011907500002","2014-07-01","","01","영업/정상","1","정상영업","","","","","509-2524","13763","","","인천광역시 부평구 마장로 296-0 (산곡동, 롯데마트 부평점)","21362","롯데쇼핑(주)롯데마트 부평점","2020-02-13 09:20:44","U","2020-02-15 02:40:00","대형마트","173767.426219215","444794.439991356","대규모점포"
"1071","대규모점포","08_25_01_P","3510500","2008351009207500002","2008-11-06","","01","영업/정상","1","정상영업","","","","","032-763-2080","15198","402-024","인천광역시 남구 용현동 648번지","인천광역시 남구 소성로 6 (용현동)","402-020","홈플러스(주) 인하점","2021-06-04 16:28:16","U","2021-06-06 02:40:00","대형마트","169028.062637712","438450.444079289","대규모점포"
"1072","대규모점포","08_25_01_P","3510500","2010351009207500001","1997-11-08","","01","영업/정상","1","정상영업","","","","","032-728-2221","59168.33","","인천광역시 미추홀구 관교동 15번지","인천광역시 미추홀구 연남로 35 (관교동)","22242","롯데쇼핑(주)인천점","2025-04-23 11:15:35","U","2025-04-25 02:40:00","백화점","173499.267314606","437739.32138498","대규모점포"
"1073","대규모점포","08_25_01_P","3510500","2011351009207500001","2011-06-30","","01","영업/정상","1","정상영업","","","","","032-441-8546","501","","인천광역시 미추홀구 주안동 892-1 두산주상복합아파트","인천광역시 미추홀구 석산로 42 (주안동, 두산주상복합아파트)","22144","홈플러스(주)익스프레스 주안점","2024-04-01 11:25:55","U","2024-04-03 02:40:00","그 밖의 대규모점포","173092.342931106","439957.957398464","준대규모점포"
"1074","대규모점포","08_25_01_P","3510500","2011351009207500003","2011-08-05","","01","영업/정상","1","정상영업","","","","","032-874-1476","1489","","인천광역시 미추홀구 학익동 256-19","인천광역시 미추홀구 소성로 146 (학익동)","22224","GS THE FRESH 학익점","2025-04-21 15:26:06","U","2025-04-23 02:40:00","그 밖의 대규모점포","170216.500357923","437843.275382345","준대규모점포"
"1075","대규모점포","08_25_01_P","3510500","2011351009207500004","2011-09-26","","01","영업/정상","1","정상영업","","","","","032-719-2000","19460.55","402-010","인천광역시 남구 숭의동 393번지 3호","인천광역시 남구 석정로 51 (숭의동)","","홈플러스 인천숭의점","2021-06-04 16:19:01","U","2021-06-06 02:40:00","대형마트","","","대규모점포"
"1077","대규모점포","08_25_01_P","3540000","2014354011907500004","2014-10-01","","01","영업/정상","1","정상영업","","","","","032-330-8545","282.3","403-815","인천광역시 부평구 부개동 496번지 17호","인천광역시 부평구 부개로 73 (부개동)","403-815","홈플러스 익스프레스 부개점","2024-04-09 17:58:15","U","2024-04-11 02:40:00","그 밖의 대규모점포","176912.147054188","444705.062542123","준대규모점포"
"1087","대규모점포","08_25_01_P","3510500","2011351009207500005","2011-10-05","","01","영업/정상","1","정상영업","","","","","872-5601","165","402-820","인천광역시 남구 용현1,4동 92번지 17호","인천광역시 남구 인하로 107 (용현동)","402-820","롯데쇼핑(주)롯데슈퍼 인하대점","2022-04-29 13:04:33","U","2022-05-03 02:40:00","그 밖의 대규모점포","169860.034040713","438759.181290214","준대규모점포"
"1088","대규모점포","08_25_01_P","3510500","2012351009207500001","2012-01-27","","01","영업/정상","1","정상영업","","","","","032-873-8561","438.9","402-042","인천광역시 남구 학익2동 663번지 1호","인천광역시 남구 매소홀로488번길 6-32 (학익동)","402-040","홈플러스 익스프레스 인천학익점","2020-09-02 17:36:50","U","2020-09-04 02:40:00","그 밖의 대규모점포","171184.306327126","437467.24635828","준대규모점포"
"1101","대규모점포","08_25_01_P","3540000","1998354004707500001","1998-11-27","","01","영업/정상","1","정상영업","","","","","032 5150151","0","","인천광역시 부평구 부평동 738번지 21호","","","부평민자역사지하매장","2008-03-27 14:54:14","I","2018-08-31 23:59:59","그 밖의 대규모점포","175405.11373693","443089.591009306",""
"1102","대규모점포","08_25_01_P","3540000","2000354004707500001","2000-02-08","","01","영업/정상","1","정상영업","","","","","032 5062500","8082","","인천광역시 부평구 부평동 738-21 부평민자역사","인천광역시 부평구 광장로 16(부평동)","21404","롯데쇼핑(주)롯데마트부평역점","2025-05-13 09:25:43","U","2025-05-15 02:40:00","대형마트","175405.11373693","443089.591009306","대규모점포"
"1104","대규모점포","08_25_01_P","3540000","2005354006107500001","2005-04-14","","01","영업/정상","1","정상영업","","","","","032 5001052","0","","인천광역시 부평구 갈산동 171호","","","(주)이마트 부평점","2011-05-20 15:06:43","I","2018-08-31 23:59:59","대형마트","175692.267024162","446088.959564706",""
"1113","대규모점포","08_25_01_P","3900000","2010390012307500001","2023-07-03","","01","영업/정상","1","정상영업","","","","","02-6918-1234","14847.87","423-051","경기도 광명시 소하1동 1339번지 3호","경기도 광명시 소하로 97 (소하동)","423-051","(주) 이마트 광명소하점","2024-05-20 14:06:40","U","2024-05-22 02:40:00","대형마트","189714.449800306","438279.937828733","대규모점포"
"1115","대규모점포","08_25_01_P","3900000","2011390014007500002","2011-10-17","","01","영업/정상","1","정상영업","","","","","02-2083-3723","13736.11","423-090","경기도 광명시 일직동 163번지 3호","경기도 광명시 일직로 40 (일직동, costco 광명점)","423-052","코스트코 홀세일 광명점","2017-12-13 09:21:35","I","2018-08-31 23:59:59","대형마트","189878.788781586","435405.631407888","대규모점포"
"1116","대규모점포","08_25_01_P","3900000","2014390016207500001","2014-07-25","","01","영업/정상","1","정상영업","","","","","02-310-8700","27668.48","","","경기도 광명시 일직로 17 (일직동)","423-090","이케아 광명점","2024-02-26 09:26:55","U","2024-02-28 02:40:00","전문점","","","대규모점포"
"1118","대규모점포","08_25_01_P","3930000","2003393014107500001","2003-06-13","","01","영업/정상","1","정상영업","","","","","0315991051","13872","425-080","경기도 안산시 단원구 초지동 742번지 4호","경기도 안산시 단원구 원포공원1로 46-0 (초지동)","425-867","(주)이마트 안산고잔점","2024-05-02 17:29:21","U","2024-05-04 02:40:00","대형마트","183256.582373298","422372.55371816","대규모점포"
"1119","대규모점포","08_25_01_P","3930000","2005393017607500001","2005-09-13","","01","영업/정상","1","정상영업","","","","","0314128811","15987.56","","경기도 안산시상록구 성포동 590호","경기도 안산시 상록구 항가울로 422 (성포동)","426-837","롯데쇼핑(주)롯데마트안산점","2025-05-07 09:46:07","U","2025-05-10 02:40:00","쇼핑센터","186396.067737112","423947.236380533","대규모점포"
"1120","대규모점포","08_25_01_P","3930000","2005393017607500007","2005-12-07","","01","영업/정상","1","정상영업","","","","","031-400-8000","9350.94","","경기도 안산시 단원구 선부동 1077번지 1호 홈플러스","경기도 안산시 단원구 삼일로 316 (선부동)","15368","홈플러스(주)안산선부점","2024-03-20 09:35:47","U","2024-03-22 02:40:00","대형마트","183322.266879279","425768.716754194","대규모점포"
"1123","대규모점포","08_25_01_P","3930000","2007393017607500002","2007-10-29","","01","영업/정상","1","정상영업","","","","","0314052001","15823.57","","경기도 안산시 단원구 고잔동 725번지 1호","경기도 안산시 단원구 광덕대로 194 (고잔동)","15462","NC고잔점","2024-12-03 18:05:14","U","2024-12-05 02:40:00","쇼핑센터","184953.121683517","423556.960051606","대규모점포"
"1126","대규모점포","08_25_01_P","3930000","2011393027607500003","2011-06-22","","01","영업/정상","1","정상영업","","","","","02-380-9422","9207.06","","경기도 안산시 단원구 신길동 1687번지 이마트트레이더스","경기도 안산시 단원구 중앙대로 397, 이마트트레이더스 (신길동)","15402","트레이더스 홀세일클럽 안산점","2023-06-30 17:46:41","U","2023-07-02 02:40:00","대형마트","180873.786214121","425492.088360076","대규모점포"
"1134","대규모점포","08_25_01_P","3930000","1999393000007500001","1999-12-01","","01","영업/정상","1","정상영업","","","","","031-412-1085","25462","","경기도 안산시단원구 고잔동 536번지 2   호","경기도 안산시 단원구 고잔1길 12 (고잔동)","425-868","롯데쇼핑(주) 안산점","2022-05-03 09:09:06","U","2022-05-05 02:40:00","백화점","185262.981866275","424012.30109378","대규모점포"
"1140","대규모점포","08_25_01_P","3930000","2000393000007500008","1993-12-20","","01","영업/정상","1","정상영업","","","","","031-410-6666","13310.36","","경기도 안산시상록구 월피동 445호","경기도 안산시 상록구 예술광장로 1 (월피동)","426-853","다농마트","2018-07-16 17:58:16","I","2018-08-31 23:59:59","그 밖의 대규모점포","186106.832558134","425161.59402192","대규모점포"
"1148","대규모점포","08_25_01_P","3930000","2002393011407500003","2002-07-24","","01","영업/정상","1","정상영업","","","","","031-445-2080","15909.39","425-807","경기도 안산시 단원구 고잔동 707번지 2호","경기도 안산시 단원구 광덕대로 175 (고잔동)","425-807","홈플러스(주)안산고잔점","2024-03-20 09:23:38","U","2024-03-22 02:40:00","대형마트","184766.070784522","423338.223688148","대규모점포"
"1150","대규모점포","08_25_01_P","3940000","2010394021807500002","2010-08-04","","01","영업/정상","1","정상영업","","","","","031-932-1558","20138","411-410","경기도 고양시 일산서구 대화동 2602번지","경기도 고양시 일산서구 호수로 817 (대화동)","411-410","홈플러스(주) 킨텍스점","2024-03-04 10:30:57","U","2024-03-06 02:40:00","대형마트","178006.080301401","462865.812502378","대규모점포"
"1151","대규모점포","08_25_01_P","3940000","2010394021807500003","2010-08-26","","01","영업/정상","1","정상영업","","","","","0319121170","7121","411-410","경기도 고양시 일산서구 대화동 2602번지","경기도 고양시 일산서구 호수로 817 (대화동)","411-410","레이킨스몰","2016-02-02 10:11:59","I","2018-08-31 23:59:59","그 밖의 대규모점포","178006.080301401","462865.812502378","대규모점포"
"1152","대규모점포","08_25_01_P","3940000","2011394025707500001","2011-06-15","","01","영업/정상","1","정상영업","","2014-07-25","2014-12-15","2014-10-16","031-960-8264","18422.06","410-816","경기도 고양시 일산동구 백석동 1242번지","경기도 고양시 일산동구 중앙로 1036-0 (백석동)","410-816","홈플러스(주) 고양터미널점","2024-03-04 10:37:27","U","2024-03-06 02:40:00","대형마트","181369.967204096","460117.354561195","대규모점포"
"1153","대규모점포","08_25_01_P","3940000","2012394025707500003","2012-03-22","","01","영업/정상","1","정상영업","","","","","031-916-8545","363","411-320","경기도 고양시 일산서구 탄현동 139번지 32호","경기도 고양시 일산서구 일현로 123 (탄현동)","411-840","홈플러스(주)익스프레스 탄현점","2017-04-06 10:52:52","I","2018-08-31 23:59:59","구분없음","179240.700409735","466193.295792191","준대규모점포"
"1154","대규모점포","08_25_01_P","3940000","2012394025707500004","2012-03-22","","01","영업/정상","1","정상영업","","","","","031-917-8545","189","411-320","경기도 고양시 일산서구 탄현동 1576번지 5호","경기도 고양시 일산서구 산현로17번길 9 (탄현동)","411-320","홈플러스(주) 익스프레스 탄현2점","2024-03-28 14:48:10","U","2024-03-31 02:40:00","구분없음","179058.795","465330.68","준대규모점포"
"1155","대규모점포","08_25_01_P","3940000","2012394025707500005","2012-03-26","","01","영업/정상","1","정상영업","","","","","031-976-5600","1119.2","410-831","경기도 고양시 일산동구 중산동 1669번지 3호","경기도 고양시 일산동구 고봉로 250 (중산동)","410-831","롯데쇼핑(주) 롯데슈퍼일산점","2025-05-13 10:54:29","U","2025-05-15 02:40:00","구분없음","180396.246472763","464432.961173643","준대규모점포"
"1156","대규모점포","08_25_01_P","3940000","2012394025707500011","2012-11-21","","01","영업/정상","1","정상영업","","","","","02-380-9414","12545","","경기도 고양시 일산동구 중산동 1809번지","경기도 고양시 일산동구 무궁화로 237 (중산동)","10311","이마트 풍산점","2024-04-22 09:32:39","U","2024-04-25 02:40:00","대형마트","181149.682181138","463521.801944649","대규모점포"
"1159","대규모점포","08_25_01_P","3940000","2013394025707500003","2013-05-30","","01","영업/정상","1","정상영업","","","","","031-724-7081","1775.01","411-320","경기도 고양시 일산서구 탄현동 1640번지 위브더제니스 스퀘어","경기도 고양시 일산서구 일현로 97-11 (탄현동, 위브더제니스 스퀘어)","411-320","(주)이마트에브리데이 탄현역점","2024-07-19 15:53:14","U","2024-07-21 02:40:00","구분없음","179005.665068939","465786.029740427","준대규모점포"
"1160","대규모점포","08_25_01_P","3940000","2013394025707500004","2013-06-04","","01","영업/정상","1","정상영업","","","","","031-978-8560","302.3","412-818","경기도 고양시 덕양구 토당동 387번지 1호","경기도 고양시 덕양구 지도로35번길 12-3 (토당동)","412-821","홈플러스(주) 익스프레스 고양토당점","2024-03-28 14:46:08","U","2024-03-31 02:40:00","구분없음","184353.219963187","457627.740291999","준대규모점포"
"1163","대규모점포","08_25_01_P","3940000","2016394029807500004","2016-10-28","","01","영업/정상","1","정상영업","","","","","02-310-8700","25226.79","","경기도 고양시 덕양구 도내동 1003번지","경기도 고양시 덕양구 권율대로 420 (도내동, 이케아고양점)","10551","이케아 고양점","2024-02-14 11:14:20","U","2024-02-16 02:40:00","전문점","187849.01957446","458589.280565554","대규모점포"
"1164","대규모점포","08_25_01_P","3940000","2018394029807500001","2018-04-10","","01","영업/정상","1","정상영업","","","","","031-782-3752","11120.34","","경기도 고양시 덕양구 동산동 369번지","경기도 고양시 덕양구 동송로 33 (동산동)","10595","e-편한세상 시티 삼송(World Avenue)","2019-01-29 13:51:14","U","2019-01-31 02:40:00","그 밖의 대규모점포","190793.745581355","460809.3267951","대규모점포"
"1165","대규모점포","08_25_01_P","3940000","2007394015907500001","2007-04-16","","01","영업/정상","1","정상영업","","","","","031 9328408","32905.73","","경기도 고양시일산동구 장항동 867호","","","웨스턴돔","2009-01-15 18:20:17","I","2018-08-31 23:59:59","쇼핑센터","179810.178969729","461526.164368873",""
"1166","대규모점포","08_25_01_P","3940000","2007394015907500002","2007-05-01","","01","영업/정상","1","정상영업","","","","","031-909-2714","34419","","경기도 고양시일산동구 장항동 784호","경기도 고양시 일산동구 중앙로 1283 (장항동, 롯데백화점일산점)","410-738","롯데쇼핑(주) 롯데백화점 일산점","2025-05-13 10:17:14","U","2025-05-15 02:40:00","백화점","179812.331183859","462059.506265122","대규모점포"
"1167","대규모점포","08_25_01_P","3940000","2007394015907500003","2007-09-11","","01","영업/정상","1","정상영업","","","","","031-926-8035","12885","410-837","경기도 고양시 일산동구 장항동 755번지","경기도 고양시 일산동구 중앙로1275번길 64 (장항동)","410-837","홈플러스(주) 일산점","2024-03-04 10:36:48","U","2024-03-06 02:40:00","대형마트","179536.212704008","461876.531597015","대규모점포"
"1168","대규모점포","08_25_01_P","3940000","2008394015907500001","1997-01-29","","01","영업/정상","1","정상영업","","","","","0319951052","8988","412-270","경기도 고양시덕양구 화정동 976번지","경기도 고양시 덕양구 백양로 79 (화정동, 이마트)","412-749","(주)이마트 화정점","2024-04-22 09:33:38","U","2024-04-25 02:40:00","그 밖의 대규모점포","185226.158241731","458936.976683497","대규모점포"
"1169","대규모점포","08_25_01_P","3940000","2008394015907500003","2008-01-02","","01","영업/정상","1","정상영업","","","","","031-904-3300","14989","410-360","경기도 고양시일산동구 백석동 1312번지","","","코스트코 홀세일 일산점","2015-12-04 16:30:57","I","2018-08-31 23:59:59","대형마트","181269.282136063","459854.286250466","대규모점포"
"1171","대규모점포","08_25_01_P","3940000","2009394017807500002","1996-10-10","","01","영업/정상","1","정상영업","","","","","031-930-7008","11214.7","","경기도 고양시 덕양구 행신동 941 롯데마트 고양점","경기도 고양시 덕양구 충장로 150, 및 중앙로558번길 21 (행신동)","10495","롯데쇼핑(주) 롯데마트 고양점","2025-05-15 18:10:43","U","2025-05-17 02:40:00","대형마트","185469.285638831","458105.907013269","대규모점포"
"1172","대규모점포","08_25_01_P","3940000","2010394021807500001","2010-07-13","","01","영업/정상","1","정상영업","","","","","031 822 2233","37832.73","","경기도 고양시 일산서구 대화동 2602번지","경기도 고양시 일산서구 호수로 817 (대화동)","10391","현대백화점 킨텍스점","2024-04-15 13:21:48","U","2024-04-17 02:40:00","백화점","178006.080301401","462865.812502378","대규모점포"
"1179","대규모점포","08_25_01_P","3940000","2000394000007500008","1996-05-24","","01","영업/정상","1","정상영업","","","","","905-4051","7133.47","","경기도 고양시일산동구 장항동 902호","","","대우로얄마트","2009-01-15 18:29:14","I","2018-08-31 23:59:59","그 밖의 대규모점포","180458.844874681","460748.278360947",""
"1180","대규모점포","08_25_01_P","3940000","2000394000007500010","1996-11-15","","01","영업/정상","1","정상영업","","","","","917-0144","18957.13","","경기도 고양시일산서구 주엽동 22호","","","그랜드백화점일산점","2012-11-27 13:31:22","I","2018-08-31 23:59:59","백화점","178859.791398959","463205.227173138","대규모점포"
"1181","대규모점포","08_25_01_P","3940000","2000394000007500013","1996-12-31","","01","영업/정상","1","정상영업","","","","","031 9037888","5768.57","","경기도 고양시일산동구 마두동 802,3호","","","뉴삼창마트","2017-04-06 14:34:23","I","2018-08-31 23:59:59","그 밖의 대규모점포","","","대규모점포"
"1185","대규모점포","08_25_01_P","3940000","2000394000007500022","1999-09-20","","01","영업/정상","1","정상영업","","","","","031 9092701","","","경기도 고양시일산동구 장항동 784-2호","","","롯데백화점 일산점","2007-06-30 13:26:54","I","2018-08-31 23:59:59","백화점","","",""
"1186","대규모점포","08_25_01_P","3940000","2000394000007500023","2000-01-10","","01","영업/정상","1","정상영업","","","","","910-3312,3315,3323","9665","","경기도 고양시일산서구 주엽동 15호","경기도 고양시 일산서구 중앙로 1496 (주엽동, 문촌마을11단지아파트)","411-748","롯데쇼핑(주) 롯데마트 주엽점","2025-05-15 17:58:08","U","2025-05-17 02:40:00","대형마트","178348.883331191","463464.183725362","대규모점포"
"1187","대규모점포","08_25_01_P","3940000","2000394029807500008","1996-05-24","","01","영업/정상","1","정상영업","","","","","031-905-4501","4026","","경기도 고양시 일산동구 장항동 902번지","경기도 고양시 일산동구 중앙로 1129 (장항동, 호수마을1단지아파트)","10422","대우로얄마트","2017-04-06 18:05:30","I","2018-08-31 23:59:59","그 밖의 대규모점포","180458.844874681","460748.278360947","대규모점포"
"1188","대규모점포","08_25_01_P","3940000","2001394005707500024","2001-05-26","","01","영업/정상","1","정상영업","","","","","947-2500, 930-2011","6916.04","","경기도 고양시덕양구 화정동 982호","경기도 고양시 덕양구 화중로 66 (화정동)","412-827","롯데쇼핑(주) 롯데마트 화정점","2025-05-15 18:11:26","U","2025-05-17 02:40:00","대형마트","185024.681774615","458969.125315118","대규모점포"
"1192","대규모점포","08_25_01_P","3940000","2012394025707500010","2012-06-01","","01","영업/정상","1","정상영업","","","","","","997.28","411-852","경기도 고양시 일산서구 일산동 588번지 1호","경기도 고양시 일산서구 일청로 46 (일산동)","411-852","(주)이마트에브리데이 일산2호점","2024-07-19 16:27:12","U","2024-07-21 02:40:00","구분없음","179899.116192876","465058.323539311","준대규모점포"
"1195","대규모점포","08_25_01_P","3940000","1998394015907500003","1998-09-17","","01","영업/정상","1","정상영업","","","","","0319069100","12733.77","410-380","경기도 고양시일산동구 장항동 755번지","","","홈플러스테스코 일산점","2008-10-23 16:29:25","I","2018-08-31 23:59:59","대형마트","179536.212704008","461876.531597015",""
"1196","대규모점포","08_25_01_P","3780000","2000378000007520005","2000-04-01","","01","영업/정상","1","정상영업","","","","","031-705-2080","10370","","경기도 성남시분당구 야탑동 341호","경기도 성남시 분당구 성남대로925번길 16 (야탑동)","","홈플러스(주) 야탑점","2024-02-29 16:08:00","U","2024-03-02 02:40:00","대형마트","211202.148849893","434560.911834998","대규모점포"
"1197","대규모점포","08_25_01_P","3780000","2000378000007530007","1999-03-26","","01","영업/정상","1","정상영업","","","","","031-738-2500","22347.85","","경기도 성남시 분당구 수내동 14번지","경기도 성남시 분당구 황새울로200번길 45 (수내동, 롯데백화점)","13595","롯데백화점 분당점","2022-05-09 13:52:02","U","2022-05-11 02:40:00","백화점","210053.033510874","430715.591035213","대규모점포"
"1199","대규모점포","08_25_01_P","3780000","2015378021907500001","2015-04-14","","01","영업/정상","1","정상영업","","","","","070-7204-9702","59887.88","","경기도 성남시 분당구 백현동 541 현대백화점 판교점","경기도 성남시 분당구 판교역로146번길 20, 현대백화점 판교점 (백현동)","13529","현대백화점 판교점","2024-03-04 16:12:15","U","2024-03-06 02:40:00","백화점","209850.446960528","432304.149379043","대규모점포"
"1214","대규모점포","08_25_01_P","3780000","2000378000007520001","1998-09-17","","01","영업/정상","1","정상영업","","","","","031-710-1234","7772.51","","경기도 성남시분당구 정자동 211호","경기도 성남시 분당구 불정로 134 (정자동)","","(주)이마트분당점","2023-07-05 14:30:01","U","2023-07-07 02:40:00","대형마트","210542.529800466","428535.664844133","대규모점포"
"1217","대규모점포","08_25_01_P","3780000","2012378021907500005","2012-04-27","","01","영업/정상","1","정상영업","","2013-06-17","2014-06-15","","031-8016-8543","482.5","463-420","경기도 성남시 분당구 백현동 551번지   B101호","경기도 성남시 분당구 동판교로 59, B101호 (백현동)","","홈플러스(주) 익스프레스 분당동판교점","2024-03-29 14:36:30","U","2024-03-31 02:40:00","구분없음","210115.085178947","431815.870958616","준대규모점포"
"1219","대규모점포","08_25_01_P","3780000","2013378021907500001","2013-01-15","","01","영업/정상","1","정상영업","","","","","02-2145-8000","6214.88","463-400","경기도 성남시 분당구 삼평동 741번지","경기도 성남시 분당구 대왕판교로606번길 58 (삼평동)","","롯데마트 판교점","2025-05-13 16:44:51","U","2025-05-15 02:40:00","대형마트","209993.600292929","432609.081811328","대규모점포"
"1221","대규모점포","08_25_01_P","3780000","2013378021907500003","2013-06-14","","01","영업/정상","1","정상영업","","","","","031-717-8531","307.8","463-010","경기도 성남시 분당구 정자동 117번지 1호  스포라이프 스포츠센터 101~105","경기도 성남시 분당구 내정로 58 (정자동,스포라이프 스포츠센터 101~105)","","홈플러스(주) 익스프레스 분당정자점","2024-03-28 17:50:51","U","2024-03-30 02:40:00","구분없음","210134.637941368","429264.635322598","준대규모점포"
"1222","대규모점포","08_25_01_P","3780000","2013378021907500004","2013-06-14","","01","영업/정상","1","정상영업","","","","","031-781-8547","260","463-050","경기도 성남시 분당구 서현동 306번지 1호","경기도 성남시 분당구 불정로 382 (서현동)","","홈플러스(주) 익스프레스 서현점","2024-03-29 14:59:19","U","2024-03-31 02:40:00","구분없음","212079.053383154","430243.356013186","준대규모점포"
"1223","대규모점포","08_25_01_P","3780000","2013378021907500005","2013-06-14","","01","영업/정상","1","정상영업","","","","","031-726-8546","385.85","463-020","경기도 성남시 분당구 수내동 83번지 3호","경기도 성남시 분당구 불정로 255 (수내동)","","홈플러스(주) 익스프레스 푸른마을점","2024-03-29 14:34:44","U","2024-03-31 02:40:00","구분없음","211126.322091631","429438.144792554","준대규모점포"
"1224","대규모점포","08_25_01_P","3780000","2000378000007530973","1995-09-04","","01","영업/정상","1","정상영업","","","","","031-780-3502","25663.32","","경기도 성남시 분당구 야탑동 산 357번지 1호","경기도 성남시 분당구 야탑로81번길 11 (야탑동, NC백화점)","13497","NC백화점 야탑점","2024-11-22 09:32:12","U","2024-11-24 02:40:00","백화점","211200.046775342","434263.681539619","대규모점포"
"1232","대규모점포","08_25_01_P","3780000","2002378007607500003","2002-09-27","","01","영업/정상","1","정상영업","","","","","0317803000","25571.68","","경기도 성남시분당구 야탑동 357-1호","","","뉴코아백화점","2014-11-25 17:00:57","I","2018-08-31 23:59:59","백화점","","","대규모점포"
"1235","대규모점포","08_25_01_P","3780000","2013378021907500006","2013-06-14","","01","영업/정상","1","정상영업","","","","","031-723-8545","291.9","461-180","경기도 성남시 수정구 수진동 2번지","경기도 성남시 수정구 수정로 140 (수진동)","","홈플러스(주) 익스프레스 수진점","2024-03-28 17:49:20","U","2024-03-30 02:40:00","구분없음","211935.912354932","437751.740876423","준대규모점포"
"1236","대규모점포","08_25_01_P","3780000","2014378021907500001","2014-10-02","","01","영업/정상","1","정상영업","","","","","031-701-8549","295","","","경기도 성남시 분당구 장안로 39 (분당동)","463-831","홈플러스(주) 익스프레스 분당점","2024-03-29 14:37:33","U","2024-03-31 02:40:00","구분없음","212637.407607508","429830.868576239","준대규모점포"
"1237","대규모점포","08_25_01_P","3780000","2005378010607500003","1996-11-02","","01","영업/정상","1","정상영업","","","","","031-710-1052","11371.32","","경기도 성남시분당구 정자동 211호","경기도 성남시 분당구 불정로 134 (정자동)","","(주)이마트분당점","2024-04-17 10:50:36","U","2024-04-19 02:40:00","대형마트","210542.529800466","428535.664844133","대규모점포"
"1238","대규모점포","08_25_01_P","3780000","2005378010607500008","2005-07-25","","01","영업/정상","1","정상영업","","","","","031-725-0713","6288.98","","경기도 성남시분당구 야탑동 341호","경기도 성남시 분당구 성남대로925번길 16 (야탑동)","","테마폴리스 지하2층점","2018-02-12 11:48:13","I","2018-08-31 23:59:59","그 밖의 대규모점포","211202.148849893","434560.911834998","대규모점포"
"1240","대규모점포","08_25_01_P","3780000","2005378010607500010","2005-08-23","","01","영업/정상","1","정상영업","","","","","003107250131","4575.76","","경기도 성남시분당구 야탑동 341호","경기도 성남시 분당구 성남대로925번길 16 (야탑동)","","테마폴리스지하1층점","2008-11-28 10:37:25","I","2018-08-31 23:59:59","그 밖의 대규모점포","211202.148849893","434560.911834998",""
"1243","대규모점포","08_25_01_P","3780000","2005378010607500015","2005-05-27","","01","영업/정상","1","정상영업","","","","","031-702-5574","7440.61","463-828","경기도 성남시분당구 야탑동 341번지 테마폴리스 지상1,2층","경기도 성남시 분당구 성남대로925번길 16 (야탑동,테마폴리스 지상1,2층)","","테마폴리스 지상1,2층","2018-02-12 11:46:35","I","2018-08-31 23:59:59","그 밖의 대규모점포","211202.148849893","434560.911834998","대규모점포"
"1245","대규모점포","08_25_01_P","3780000","2009378019307500001","2009-03-12","","01","영업/정상","1","정상영업","","","","","031-884-2080","8854","","경기도 성남시 분당구 구미동 159호","경기도 성남시 분당구 탄천상로151번길 20 (구미동)","13636","홈플러스(주) 분당오리점","2024-02-29 16:16:07","U","2024-03-02 02:40:00","대형마트","209409.160207927","426451.358939753","대규모점포"
"1246","대규모점포","08_25_01_P","3780000","2010378019307500001","2010-08-31","","01","영업/정상","1","정상영업","","","","","031-8023-1200","14172.39","461-826","경기도 성남시 수정구 태평4동 7336번지","경기도 성남시 수정구 수정로 201 (태평동)","","(주)이마트 성남점","2024-04-17 12:56:40","U","2024-04-19 02:40:00","쇼핑센터","212442.882832125","438023.009514472","대규모점포"
"1247","대규모점포","08_25_01_P","3780000","2010378021907500002","2010-08-24","","01","영업/정상","1","정상영업","","","","","031-707-5602","300.2","463-060","경기도 성남시 분당구 이매동 120번지 4호","경기도 성남시 분당구 양현로94번길 15 (이매동)","","롯데프레시 분당이매점","2023-06-14 09:52:45","U","2023-06-17 02:40:00","구분없음","211079.124182939","432158.013981543","준대규모점포"
"1248","대규모점포","08_25_01_P","3780000","2011378019307500002","2011-08-11","","01","영업/정상","1","정상영업","","","","","031-781-2141","555","463-050","경기도 성남시 분당구 서현동 89번지 서현파크 제158호,제159호","경기도 성남시 분당구 중앙공원로31번길 42 (서현동,서현파크 제158호,제159호)","","GS수퍼마켓 분당시범단지점","2025-04-24 16:23:56","U","2025-04-26 02:40:00","구분없음","211043.779309531","431230.68949626","준대규모점포"
"1249","대규모점포","08_25_01_P","3780000","2011378019307500003","2011-08-11","","01","영업/정상","1","정상영업","","","","","031-701-1913","670","463-819","경기도 성남시 분당구 서현동 312번지 3호 (312-4)","경기도 성남시 분당구 불정로376번길 37 (서현동,(312-4))","","GS수퍼마켓 미래점","2025-04-24 16:11:39","U","2025-04-26 02:40:00","구분없음","212277.21202208","429964.013853484","준대규모점포"
"1250","대규모점포","08_25_01_P","3780000","2011378019307500005","2011-09-23","","01","영업/정상","1","정상영업","","","","","031-752-5601","96.9","461-182","경기도 성남시 수정구 수진2동 4518번지","","","롯데쇼핑(주)롯데슈퍼수진점(Mareket999)","2017-04-14 16:59:40","I","2018-08-31 23:59:59","구분없음","211397.775782995","436910.315190825","준대규모점포"
"1260","대규모점포","08_25_01_P","4010000","2000401007807500001","2000-02-26","","01","영업/정상","1","정상영업","","2012-01-30","2012-09-19","2012-09-12","031 435 7500","7480","429-874","경기도 시흥시 대야동 542번지","경기도 시흥시 비둘기공원로 28 (대야동)","429-874","롯데쇼핑(주) 롯데마트 시흥점","2025-05-01 14:39:39","U","2025-05-03 02:40:00","대형마트","181520.673307238","437898.181862031","대규모점포"
"1261","대규모점포","08_25_01_P","4010000","2000401007807500002","2000-04-12","","01","영업/정상","1","정상영업","","","","","0313655050","12684.89","429-450","경기도 시흥시 정왕동 1734번지 1호","경기도 시흥시 정왕대로 210 (정왕동)","429-861","성담스퀘어","2024-04-19 14:16:58","U","2024-04-21 02:40:00","쇼핑센터","176599.546077229","427145.740913738","대규모점포"
"1264","대규모점포","08_25_01_P","4010000","2012401019907500003","2012-04-19","","01","영업/정상","1","정상영업","","","","","031-433-3859","168.9","429-452","경기도 시흥시 정왕2동 2319번지 3호   101호","경기도 시흥시 오동마을로 14 (정왕동)","429-450","롯데마켓 999 시흥정왕역점","2013-09-30 08:46:10","I","2018-08-31 23:59:59","","177169.734152622","427882.357489452","준대규모점포"
"1265","대규모점포","08_25_01_P","4010000","2016401023907500001","2016-09-22","","01","영업/정상","1","정상영업","","","","","02-2145-8487","13550.1","","","경기도 시흥시 서울대학로278번길 67 (정왕동, 롯데마트(시흥배곧점))","15011","롯데쇼핑(주) 롯데마트 시흥배곧점","2025-05-01 14:31:37","U","2025-05-03 02:40:00","대형마트","176109.153092015","429698.791930655","대규모점포"
"1268","대규모점포","08_25_01_P","4010000","2004401011307500001","2004-03-17","","01","영업/정상","1","정상영업","","","","","031 434 7684","19305","","경기도 시흥시 정왕동 2166번지 4호","경기도 시흥시 희망공원로 269 (정왕동)","429-450","홈플러스(주)시화점","2024-02-29 18:02:32","U","2024-03-02 02:40:00","대형마트","175571.408649221","427063.061719326","대규모점포"
"1269","대규모점포","08_25_01_P","4010000","2005401011307500001","2005-03-31","","01","영업/정상","1","정상영업","","","","","031 496 7722","2512","","경기도 시흥시 정왕동 1366번지 4호","경기도 시흥시 마유로238번길 26 (정왕동)","429-853","롯데쇼핑(주) 롯데마트 시화점","2025-05-01 14:35:59","U","2025-05-03 02:40:00","대형마트","176013.580530478","426137.322631345","대규모점포"
"1270","대규모점포","08_25_01_P","4010000","2008401016707500001","2008-02-20","","01","영업/정상","1","정상영업","","","","","031-8041-4500","214876.79","429-450","경기도 시흥시 정왕동 2210,2212,2213번지","경기도 시흥시 오이도로 21 (정왕동)","429-937","스틸랜드 관리단","2024-12-11 10:33:52","U","2024-12-13 02:40:00","전문점","173354.884787312","426990.403993901","대규모점포"
"1274","대규모점포","08_25_01_P","3040000","2008304010307500002","2008-09-03","","01","영업/정상","1","정상영업","","","","","02-466-6767","3741.82","143-150","서울특별시 광진구 군자동 503번지","서울특별시 광진구 광나루로 369 (군자동)","143-840","파크에비뉴","2012-01-04 11:10:42","I","2018-08-31 23:59:59","그 밖의 대규모점포","206212.244268239","449577.174890763","대규모점포"
"1275","대규모점포","08_25_01_P","3040000","2011304015507500002","2011-09-22","","01","영업/정상","1","정상영업","","","","","02-463-1903","662.55","143-903","서울특별시 광진구 중곡1동 229번지 5호","서울특별시 광진구 긴고랑로11길 11 (중곡동)","143-903","(주)이마트에브리데이 중곡동점","2024-07-25 13:06:17","U","2024-07-27 02:40:00","구분없음","207114.498872176","451296.049443757","준대규모점포"
"1276","대규모점포","08_25_01_P","3040000","2011304015507500003","2011-10-04","","01","영업/정상","1","정상영업","","","","","02-469-1333","1162","143-914","서울특별시 광진구 화양동 10번지 1호","서울특별시 광진구 능동로13길 39 (화양동)","143-914","(주)지에스리테일GS수퍼 광진화양점","2025-04-14 13:39:19","U","2025-04-16 02:40:00","구분없음","206107.775163579","449029.342177779","준대규모점포"
"1277","대규모점포","08_25_01_P","3040000","2011304015507500004","2011-10-05","","01","영업/정상","1","정상영업","","","","","02-3437-8546","235.8","143-888","서울특별시 광진구 중곡4동 93번지 2호","서울특별시 광진구 용마산로 10 (중곡동)","143-888","홈플러스익스프레스 중곡2점","2022-09-28 15:13:40","U","2022-09-30 02:40:00","구분없음","207778.71422042","450256.437261231","준대규모점포"
"1278","대규모점포","08_25_01_P","3040000","2012304015507500001","2012-03-06","","01","영업/정상","1","정상영업","","","","","024478545","274.4","143-898","서울특별시 광진구 중곡2동 157번지 1호","서울특별시 광진구 능동로 314 (중곡동)","143-898","홈플러스(주)익스프레스 중곡점","2024-04-11 17:28:16","U","2024-04-13 02:40:00","구분없음","207001.872308692","450597.61492646","준대규모점포"
"1283","대규모점포","08_25_01_P","3170000","2002317006707500001","2002-06-18","","01","영업/정상","1","정상영업","","2012-01-30","2012-06-24","2012-06-25","028092500","12561","","서울특별시 금천구 독산동 295-10 롯데마트 맥스 금천점","서울특별시 금천구 두산로 71, 롯데마트 맥스 금천점 (독산동)","08524","롯데쇼핑(주) 롯데마트맥스 금천점","2025-05-28 16:43:16","U","2025-05-30 02:40:00","대형마트","190704.904312713","440940.384414334","대규모점포"
"1286","대규모점포","08_25_01_P","3040000","2001304007307500015","1998-03-23","","01","영업/정상","1","정상영업","","","","","02-3424-0323","49840","","서울특별시 광진구 구의동 546번지 4호","서울특별시 광진구 광나루로56길 85 (구의동)","143-721","테크노-마트21","2018-09-06 15:42:55","U","2018-09-06 23:59:59","그 밖의 대규모점포","208394.416382167","448165.279999905","대규모점포"
"1291","대규모점포","08_25_01_P","3040000","2001304007307500016","1998-03-23","","01","영업/정상","1","정상영업","","","","2004-04-30","02-3424-2500","4122","","서울특별시 광진구 구의동 546번지 4호","서울특별시 광진구 광나루로56길 85 (구의동)","143-721","롯데쇼핑(주)롯데마트 강변점","2025-05-12 11:14:32","U","2025-05-14 02:40:00","대형마트","208394.416382167","448165.279999905","대규모점포"
"1293","대규모점포","08_25_01_P","3040000","2006304007307500002","2006-12-14","","01","영업/정상","1","정상영업","","","","","02-6742-1234","11320.4","","서울특별시 광진구 자양동 227번지 7호","서울특별시 광진구 아차산로 272 (자양동)","143-758","(주)이마트 자양점","2025-04-01 10:12:15","U","2025-04-03 02:40:00","대형마트","206349.675048285","448396.939704285","대규모점포"
"1294","대규모점포","08_25_01_P","3040000","2008304010307500001","2008-08-22","","01","영업/정상","1","정상영업","","","","","0002 22182802","26203.17","143-003","서울특별시 광진구 자양동 227번지 342호 롯데백화점 스타시티점","서울특별시 광진구 능동로 92 (자양동)","143-854","롯데백화점 건대스타시티점","2025-04-29 09:14:55","U","2025-05-01 02:40:00","백화점","206217.434726027","448506.218743834","대규모점포"
"1296","대규모점포","08_25_01_P","3080000","2012308013907500003","2012-03-22","","01","영업/정상","1","정상영업","","","","","02-980-8547","245.37","","","서울특별시 강북구 도봉로 172 (미아동)","142-808","홈플러스(주)익스프레스미아점","2024-03-25 18:03:11","U","2024-03-27 02:40:00","구분없음","202344.117949112","457986.172253906","준대규모점포"
"1299","대규모점포","08_25_01_P","3190000","2011319012807500007","2011-10-04","","01","영업/정상","1","정상영업","","","","","02-823-3651","280","156-030","서울특별시 동작구 상도동 527번지","서울특별시 동작구 상도로31길 19 (상도동)","","(주)이마트에브리데이 상도동점","2024-05-16 11:32:11","U","2024-05-18 02:40:00","그 밖의 대규모점포","194963.274671696","444866.845573417","준대규모점포"
"1302","대규모점포","08_25_01_P","3050000","2003305008207500001","2003-10-23","","01","영업/정상","1","정상영업","","","","","0221738121","12010","130-817","서울특별시 동대문구 용두동 33번지 1호","서울특별시 동대문구 천호대로 133 (용두동)","130-817","홈플러스(주) 동대문점","2024-02-29 14:49:59","U","2024-03-03 02:40:00","대형마트","203356.957362754","452469.300221465","대규모점포"
"1303","대규모점포","08_25_01_P","3170000","2003317008307500001","2003-10-02","","01","영업/정상","1","정상영업","","","","","02  890 8125","29885.04","","서울특별시 금천구 독산동 291-7 홈플러스 금천점","서울특별시 금천구 시흥대로 391, 홈플러스 금천점 (독산동)","08584","홈플러스(주) 금천점","2024-03-04 13:53:48","U","2024-03-06 02:40:00","대형마트","190809.507840375","440728.382273075","대규모점포"
"1304","대규모점포","08_25_01_P","3100000","2012310018407500001","2012-03-26","","01","영업/정상","1","정상영업","","","","","02-3459-8000","324.4","139-240","서울특별시 노원구 공릉동 323번지 35호","서울특별시 노원구 동일로 1101 (공릉동)","139-241","홈플러스(주)익스프레스 공릉점","2024-03-26 13:08:30","U","2024-03-28 02:40:00","구분없음","206222.082661025","458423.440177534","준대규모점포"
"1306","대규모점포","08_25_01_P","3190000","2012319012807500002","2012-03-27","","01","영업/정상","1","정상영업","","","","","8138545","292.5","156-020","서울특별시 동작구 대방동 341번지 2호","서울특별시 동작구 노량진로 4 (대방동)","156-020","(주)홈플러스 대방점","2024-03-20 14:20:13","U","2024-03-22 02:40:00","그 밖의 대규모점포","193393.306385172","445577.513247441","준대규모점포"
"1307","대규모점포","08_25_01_P","3190000","2012319012807500005","2012-04-24","","01","영업/정상","1","정상영업","","","","","02-816-8546","507.4","156-718","서울특별시 동작구 상도2동 414번지","서울특별시 동작구 만양로 26 (상도동)","","홈플러스 익스프레스 상도2점","2014-10-08 09:09:37","I","2018-08-31 23:59:59","구분없음","195489.423430508","444995.675592494","준대규모점포"
"1308","대규모점포","08_25_01_P","3190000","2012319012807500006","2012-04-24","","01","영업/정상","1","정상영업","","","","","3280-8545","258","156-842","서울특별시 동작구 상도동 530번지","서울특별시 동작구  양녕로  170 (상도동)","156-842","홈플러스 익스프레스 상도3점","2025-02-27 09:56:07","U","2025-03-02 02:40:00","구분없음","194941.030627361","443848.078951741","준대규모점포"
"1317","대규모점포","08_25_01_P","3050000","2010305010007500001","2010-07-23","","01","영업/정상","1","정상영업","","","","","0237072903","40346.6","130-851","서울특별시 동대문구 전농1동 591번지 53호","서울특별시 동대문구 왕산로 214 (전농동)","130-851","롯데백화점 청량리역사점","2025-05-15 13:35:04","U","2025-05-17 02:40:00","백화점","204081.282117393","453187.395154017","대규모점포"
"1318","대규모점포","08_25_01_P","3050000","2010305010007500002","2010-08-11","","01","영업/정상","1","정상영업","","","","","02-3706-4710","10910.6","130-851","서울특별시 동대문구 전농1동 591번지 53호","서울특별시 동대문구 왕산로 214 (전농동)","130-851","롯데쇼핑(주)롯데마트 청량리점","2025-05-07 16:22:35","U","2025-05-09 02:40:00","대형마트","204081.282117393","453187.395154017","대규모점포"
"1322","대규모점포","08_25_01_P","3150000","2011315012307500008","2011-10-05","","01","영업/정상","1","정상영업","","","","","000226055602","162.4","157-881","서울특별시 강서구 화곡1동 343번지 52호","서울특별시 강서구 강서로 43 (화곡동)","157-881","롯데쇼핑(주)롯데슈퍼화곡점","2025-04-28 13:06:18","U","2025-05-01 02:40:00","그 밖의 대규모점포","186366.013413728","447719.836723478","준대규모점포"
"1323","대규모점포","08_25_01_P","3150000","2012315014507500002","2012-03-12","","01","영업/정상","1","정상영업","","","","","000222813651","317","","","서울특별시 강서구 화곡로 274 (화곡동, 외4필지 크라운뷰 1층 104~109)","157-915","(주)이마트에브리데이 화곡동점","2024-07-30 16:50:24","U","2024-08-02 02:40:00","구분없음","186456.187657133","449645.45192818","준대규모점포"
"1324","대규모점포","08_25_01_P","3150000","2011315012307500007","2011-10-05","","01","영업/정상","1","정상영업","","","","","000226915601","117","157-922","서울특별시 강서구 화곡3동 1051번지 27호","서울특별시 강서구 강서로 179 (화곡동)","157-010","롯데쇼핑(주)롯데슈퍼화곡3동점","2017-04-27 09:26:28","I","2018-08-31 23:59:59","그 밖의 대규모점포","185725.161390724","448911.264785071","준대규모점포"
"1325","대규모점포","08_25_01_P","3150000","2011315012307500005","2011-09-19","","01","영업/정상","1","정상영업","","","","","2667-9000","34547.21","157-930","서울특별시 강서구 등촌3동 689번지 외 2","서울특별시 강서구 강서로56길 17 (등촌동)","157-930","(주) 이랜드리테일 강서점","2024-12-03 09:03:39","U","2024-12-05 02:40:00","백화점","185824.428508883","450866.252126246","대규모점포"
"1328","대규모점포","08_25_01_P","3150000","2011315012307500006","2011-10-04","","01","영업/정상","1","정상영업","","","","","000226645606","735.3","157-850","서울특별시 강서구 방화2동 533번지 9호","서울특별시 양천로6길 15","157-850","롯데쇼핑(주)롯데슈퍼개화산점","2025-04-28 13:02:08","U","2025-05-01 02:40:00","그 밖의 대규모점포","182944.731406147","452207.427296372","준대규모점포"
"1331","대규모점포","08_25_01_P","3150000","2011315012307500002","2011-07-01","","01","영업/정상","1","정상영업","","","","","02-2065-8534","236","157-924","서울특별시 강서구 화곡3동 1065번지 8호","서울특별시 강서구 화곡로 153 (화곡동)","157-924","홈플러스(주) 익스프레스 화곡점","2024-04-04 15:32:50","U","2024-04-06 02:40:00","그 밖의 대규모점포","185681.122656637","448813.441620263","준대규모점포"
"1339","대규모점포","08_25_01_P","3050000","2013305014007500002","2013-11-27","","01","영업/정상","1","정상영업","","","","","02-957-2116","3824.55","130-050","서울특별시 동대문구 회기동 346번지 18호","서울특별시 동대문구  이문로  37 (회기동)","130-050","베라체캠퍼스 에비뉴","2022-04-06 11:28:46","U","2022-04-08 02:40:00","그 밖의 대규모점포","204881.313219146","454280.040555974","대규모점포"
"1355","대규모점포","08_25_01_P","3150000","2005315010007500001","2005-08-26","","01","영업/정상","1","정상영업","","","","","000226608121","22173","157-840","서울특별시 강서구 등촌동 639번지 11호","서울특별시 강서구  화곡로  398 (등촌동)","157-840","홈플러스(주) 강서점","2024-02-29 08:58:35","U","2024-03-02 02:40:00","대형마트","187119.948165892","450691.593173724","대규모점포"
"1356","대규모점포","08_25_01_P","3050000","2014305014007500003","2014-09-25","","01","영업/정상","1","정상영업","","","","","029598545","141","","","서울특별시 동대문구 경희대로 20 (회기동)","130-872","홈플러스 익스프레스 서울회기점","2024-03-25 09:56:13","U","2024-03-27 02:40:00","구분없음","204599.373004139","454552.779662883","준대규모점포"
"1359","대규모점포","08_25_01_P","3150000","2012315014507500005","2012-03-29","","01","영업/정상","1","정상영업","","","","","000220645601","461.2","157-703","서울특별시 강서구 내발산동 719번지 6호","서울특별시 강서구 강서로 267 (내발산동)","157-280","롯데쇼핑(주)롯데슈퍼 우장산점","2025-04-28 13:03:15","U","2025-05-01 02:40:00","그 밖의 대규모점포","185431.066605778","449714.813765198","준대규모점포"
"1360","대규모점포","08_25_01_P","3050000","2011305014007500004","2011-09-26","","01","영업/정상","1","정상영업","","","","","000222467292","967.51","130-031","서울특별시 동대문구 답십리1동 530번지 11호  외1필지 지층1호~13호","서울특별시 동대문구 고미술로 49 (답십리동)","130-805","이마트에브리데이 답십리점","2024-07-23 15:23:57","U","2024-07-26 02:40:00","구분없음","204638.486386691","451699.765836365","준대규모점포"
"1361","대규모점포","08_25_01_P","3050000","2011305014007500006","2011-12-28","","01","영업/정상","1","정상영업","","","","","000269082123","1478.96","130-100","서울특별시 동대문구 장안동 580번지","서울특별시 동대문구 한천로 42 (장안동)","130-837","노브랜드 동대문 장안점","2024-04-30 16:41:33","U","2024-05-02 02:40:00","대형마트","205423.969491537","451556.210578255","준대규모점포"
"1362","대규모점포","08_25_01_P","3150000","2012315014507500006","2012-03-29","","01","영업/정상","1","정상영업","","","","","000226635601","847.4","157-846","서울특별시 강서구 방화1동 187번지 1호","서울특별시 강서구 방화대로34길 83 (방화동)","157-846","롯데쇼핑(주)롯데슈퍼 방화점","2025-04-28 12:59:46","U","2025-05-01 02:40:00","그 밖의 대규모점포","184102.782470646","452097.370050563","준대규모점포"
"1368","대규모점포","08_25_01_P","3080000","2011308013907500004","2011-08-23","","01","영업/정상","1","정상영업","","","","","6933-8701","490","142-100","서울특별시 강북구 미아동 1357번지 6호","서울특별시 강북구 삼양로27길 35-21 (미아동)","142-807","㈜지에스리테일 GS수퍼 강북미아점","2025-05-23 12:05:15","U","2025-05-25 02:40:00","구분없음","201602.577531291","457290.100695375","준대규모점포"
"1373","대규모점포","08_25_01_P","3150000","2015315016607500001","2015-03-23","","01","영업/정상","1","정상영업","","","","","02-3665-7255","286.2","157-861","서울특별시 강서구 염창동 249번지 8호 1층","서울특별시 강서구 양천로 687, 1층 (염창동)","157-861","(주)지에스리테일 염창점","2025-04-27 09:53:10","U","2025-05-01 02:40:00","그 밖의 대규모점포","188680.48304204","449829.694259357","준대규모점포"
"1381","대규모점포","08_25_01_P","3100000","2004310009607500003","2004-12-13","","01","영업/정상","1","정상영업","","","","","0220922500","10479","","서울특별시 노원구 중계동 517호","서울특별시 노원구 노원로 330 (중계동, 롯데마트)","139-920","롯데마트 중계점","2025-06-24 16:45:07","U","2025-06-26 02:40:00","대형마트","206132.432496938","460549.311157153","대규모점포"
"1382","대규모점포","08_25_01_P","3100000","2005310009607500004","2005-08-26","","01","영업/정상","1","정상영업","","","","","02950 2500","48227.17","","서울특별시 노원구 상계동 713호","서울특별시 노원구 동일로 1414 (상계동)","139-708","롯데백화점 노원점","2025-05-21 09:44:46","U","2025-05-23 02:40:00","백화점","205320.28476675","461419.881795004","대규모점포"
"1384","대규모점포","08_25_01_P","3100000","2007310010907500001","2007-04-19","","01","영업/정상","1","정상영업","","","","","02 9719000","10292","","서울특별시 노원구 중계동 506번지 1   호","","","건영옴니백화점","2015-03-25 10:23:13","I","2018-08-31 23:59:59","백화점","205645.891969072","459609.012509743","대규모점포"
"1386","대규모점포","08_25_01_P","3100000","2011310018407500001","2011-06-21","","01","영업/정상","1","정상영업","","","","","2091-0011","1505.36","139-826","서울특별시 노원구 상계동 684번지","서울특별시 노원구 한글비석로 471 (상계동)","139-826","(주)지에스리테일 GS수퍼상계점","2025-05-21 09:44:13","U","2025-05-23 02:40:00","구분없음","205715.538939251","462416.211580109","준대규모점포"
"1387","대규모점포","08_25_01_P","3100000","2011310018407500002","2011-06-21","","01","영업/정상","1","정상영업","","","","","02-971-5601","397.7","","서울특별시 노원구 공릉동 238번지 53호","서울특별시 노원구 공릉로 144 (공릉동, 공릉빌딩)","01819","롯데쇼핑(주) 롯데슈퍼공릉점","2025-05-02 20:57:10","U","2025-05-04 02:40:00","구분없음","206952.444113646","457814.529614419","준대규모점포"
"1388","대규모점포","08_25_01_P","3090000","2012309013407500005","2012-03-26","","01","영업/정상","1","정상영업","","","","","903-0900","784.04","","서울특별시 도봉구 창동 628번지 20호","서울특별시 도봉구 도봉로104길 53 (창동)","01460","(주)이마트에브리데이 창동점","2024-07-26 09:37:58","U","2024-07-28 02:40:00","구분없음","203027.627111443","460124.418353378","준대규모점포"
"1392","대규모점포","08_25_01_P","3150000","2008315012307500001","2008-10-31","","01","영업/정상","1","정상영업","","","","","02-2063-2080","10037","157-202","서울특별시 강서구 가양동 18번지 24호","서울특별시 강서구 양천로 431 (가양동, 홈플러스)","157-800","홈플러스(주) 가양점","2024-02-29 08:58:52","U","2024-03-02 02:40:00","대형마트","186687.131804431","451342.773451086","대규모점포"
"1399","대규모점포","08_25_01_P","3010000","2014301013007500006","1996-07-05","","01","영업/정상","1","정상영업","","","","","02-6366-3056","21527.19","","","서울특별시 중구 을지로45길 62 (신당동)","100-822","누죤","2025-02-25 09:09:08","U","2025-02-27 02:40:00","그 밖의 대규모점포","201058.678787938","451656.811051215","대규모점포"
"1408","대규모점포","08_25_01_P","3010000","2016301013007500002","2016-10-07","","01","영업/정상","1","정상영업","","","","","02-2236-8543","251.57","","","서울특별시 중구 다산로 222 (신당동)","04586","홈플러스익스프레스 신당점","2024-03-22 09:36:23","U","2024-03-24 02:40:00","구분없음","201308.536482314","451174.365486466","준대규모점포"
"1410","대규모점포","08_25_01_P","3010000","2017301013007500002","2017-10-31","","01","영업/정상","1","정상영업","","","","","02-2006-3215","276.24","","","서울특별시 중구 만리재로 175, 401동 9,10,11호 (만리동2가)","04500","지에스수퍼마켓 중구만리점","2025-04-14 18:53:36","U","2025-04-16 02:40:00","구분없음","196697.116895888","450217.095147509","준대규모점포"
"1413","대규모점포","08_25_01_P","3010000","2004301007107500001","2004-06-01","","01","영업/정상","1","정상영업","","","","","02-390-2521","11090.62","","서울특별시 중구 봉래동2가 122호","서울특별시 중구 청파로 426 (봉래동2가)","100-162","롯데쇼핑(주)롯데마트 제타플렉스 서울역점","2023-09-26 11:05:37","U","2023-09-28 02:40:00","대형마트","197242.994816102","450658.947895548","대규모점포"
"1416","대규모점포","08_25_01_P","3010000","2008301010007500002","2008-06-26","","01","영업/정상","1","정상영업","","","","","02-2290-1234","20144.48","100-899","서울특별시 중구 황학동 2545번지","서울특별시 중구 청계천로 400-0 (황학동)","100-899","주식회사 이마트 청계천점","2024-11-19 09:48:29","U","2024-11-21 02:40:00","대형마트","201823.908977364","452076.818664092","대규모점포"
"1422","대규모점포","08_25_01_P","3230000","2014323019807500005","2011-10-25","","01","영업/정상","1","정상영업","","","","","0221353211","617.57","","","서울특별시 송파구 올림픽로 435 (신천동, 파크리오아파트)","138-930","(주)지에스리테일 잠실파크리오점","2025-04-29 10:33:59","U","2025-05-01 02:40:00","구분없음","209314.259995755","446483.316079239","준대규모점포"
"1423","대규모점포","08_25_01_P","3230000","2014323019807500007","2011-10-25","","01","영업/정상","1","정상영업","","","","","024014600","314.01","","","서울특별시 송파구 오금로46길 49 (가락동)","138-812","(주)지에스리테일 송파가락점","2025-04-29 10:23:02","U","2025-05-01 02:40:00","구분없음","211693.932828168","443503.427857478","준대규모점포"
"1424","대규모점포","08_25_01_P","3230000","2014323019807500008","2011-11-08","","01","영업/정상","1","정상영업","","","","","024132252","505.07","","","서울특별시 송파구 오금로32길 32 (송파동)","138-853","(주)지에스리테일 송파2점","2025-06-10 10:12:28","U","2025-06-12 02:40:00","구분없음","210432.726398095","444603.003663184","준대규모점포"
"1426","대규모점포","08_25_01_P","3000000","2011300012907500001","2011-08-16","","01","영업/정상","1","정상영업","","","","","02-743-8546","273.3","110-876","서울특별시 종로구 숭인동 76번지 롯데캐슬천지인 1층","서울특별시 종로구 종로 347 (숭인동)","110-876","홈플러스(주)익스프레스 숭인점","2024-04-01 18:07:37","U","2024-04-03 02:40:00","구분없음","201359.53353905","452395.659064842","준대규모점포"
"1430","대규모점포","08_25_01_P","3000000","2007300010107500001","2007-07-04","","01","영업/정상","1","정상영업","","","","","02 7435390","9370.53","","서울특별시 종로구 인의동 48번지 2호","서울특별시 종로구 종로 183 (인의동, 효성주얼리시티)","03130","효성주얼리시티","2021-05-02 13:31:32","U","2021-05-04 02:40:00","그 밖의 대규모점포","199812.609633255","452132.648343993","대규모점포"
"1434","대규모점포","08_25_01_P","3230000","2014323019807500014","2014-07-18","","01","영업/정상","1","정상영업","","","","","02-2050-5298","4507.29","138-731","서울특별시 송파구 신천동 29번지","서울특별시 송파구 올림픽로 300-0 (신천동)","138-731","롯데하이마트 월드타워점","2016-10-17 16:47:27","I","2018-08-31 23:59:59","전문점","209074.900840074","445657.80932984","대규모점포"
"1436","대규모점포","08_25_01_P","3230000","2014323019807500009","2011-11-08","","01","영업/정상","1","정상영업","","","","","024233774","959.73","","","서울특별시 송파구 올림픽로 203 (잠실동)","138-916","(주)지에스리테일 잠실점","2016-02-03 18:14:33","I","2018-08-31 23:59:59","구분없음","208187.623477261","445589.718583334","준대규모점포"
"1437","대규모점포","08_25_01_P","3230000","2014323019807500010","2014-07-17","","01","영업/정상","1","정상영업","","","","","02-411-5100","52792.2","138-240","서울특별시 송파구 신천동 29번지","서울특별시 송파구 올림픽로 300 (신천동)","138-240","롯데월드몰","2024-03-25 09:12:55","U","2024-03-27 02:40:00","쇼핑센터","209074.900840074","445657.80932984","대규모점포"
"1438","대규모점포","08_25_01_P","3230000","2014323019807500011","2014-07-17","","01","영업/정상","1","정상영업","","","","","02-2146-2181","31680.32","138-240","서울특별시 송파구 신천동 29번지","","","롯데백화점 에비뉴엘 월드타워점","2022-04-29 16:42:26","U","2022-05-03 02:40:00","백화점","209074.900840074","445657.80932984","대규모점포"
"1439","대규모점포","08_25_01_P","3230000","2014323019807500012","2014-07-17","","01","영업/정상","1","정상영업","","","","","02-2145-8494","6665.89","","서울특별시 송파구 신천동 29번지 롯데월드타워앤드롯데월드몰","서울특별시 송파구 올림픽로 300, 롯데월드타워앤드롯데월드몰 (신천동)","05551","롯데쇼핑(주) 롯데마트 월드타워점","2025-05-22 17:56:14","U","2025-05-24 02:40:00","대형마트","209074.900840074","445657.80932984","대규모점포"
"1443","대규모점포","08_25_01_P","3210000","2012321012207500005","2012-05-18","","01","영업/정상","1","정상영업","","","","","025345601","249.9","137-828","서울특별시 서초구 방배본동 755번지 5호","서울특별시 서초구 방배중앙로 198 (방배동)","","롯데쇼핑(주)롯데슈퍼 방배점","2017-05-02 09:02:40","I","2018-08-31 23:59:59","전문점","198660.616347373","443855.573402136","준대규모점포"
"1446","대규모점포","08_25_01_P","3210000","2012321012207500002","2012-04-24","","01","영업/정상","1","정상영업","","","","","02-536-0004","1049.58","137-061","서울특별시 서초구 방배1동 816번지 1호","서울특별시 방배로33길 29","137-832","롯데슈퍼 방배2점","2024-11-11 12:47:42","U","2024-11-13 02:40:00","그 밖의 대규모점포","198984.364832071","443229.835878514","준대규모점포"
"1447","대규모점포","08_25_01_P","3210000","2012321012207500003","2012-05-14","","01","영업/정상","1","정상영업","","","","","530-5802","12595","137-711","서울특별시 서초구 잠원동 70번지 5호 뉴코아백화점빌딩","서울특별시 서초구 잠원로 37-6 (잠원동, 뉴코아백화점빌딩)","137-711","뉴코아백화점","2024-12-03 08:18:53","U","2024-12-05 02:40:00","백화점","200367.985010323","445207.663497148","대규모점포"
"1455","대규모점포","08_25_01_P","3210000","2013321012207500013","2005-02-25","","01","영업/정상","1","정상영업","","","","","02-597-2222","6973","","","서울특별시 서초구 서초중앙로 188 (서초동)","137-875","아크로비스타 아케이드","2013-03-16 17:04:36","I","2018-08-31 23:59:59","그 밖의 대규모점포","201107.634736928","443999.067092566","대규모점포"
"1456","대규모점포","08_25_01_P","3210000","2013321012207500014","2005-02-28","","01","영업/정상","1","정상영업","","","","","02-523-0081","34765","","","서울특별시 서초구 매헌로 16 (양재동)","137-924","하이브랜드","2013-03-16 17:17:23","I","2018-08-31 23:59:59","그 밖의 대규모점포","203204.755637424","440136.781183797","대규모점포"
"1459","대규모점포","08_25_01_P","3210000","2013321012207500016","2000-12-09","","01","영업/정상","1","정상영업","","","","","1899 9900","9977.11","","","서울특별시 서초구 양재대로 159 (양재동)","137-893","코스트코코리아","2015-12-09 17:24:01","I","2018-08-31 23:59:59","대형마트","203123.870437513","439984.847528537","대규모점포"
"1461","대규모점포","08_25_01_P","3210000","2015321015507500001","2015-02-03","","01","영업/정상","1","정상영업","","","","","02-2145-8000","12066.12","","서울특별시 서초구 서초동 1498-5 마제스타시티, 힐스테이트 서리풀","서울특별시 서초구 서초대로38길 12 (서초동, 마제스타시티, 힐스테이트 서리풀)","06655","롯데쇼핑(주) 롯데마트 서초점","2025-05-02 10:00:26","U","2025-05-04 02:40:00","대형마트","200440.010811975","443124.671418408","대규모점포"
"1465","대규모점포","08_25_01_P","3210000","2005321007607500005","2005-03-30","","01","영업/정상","1","정상영업","","","","","0221551052","9250","","서울특별시 서초구 양재동 215호 하이브랜드 지하1층","서울특별시 서초구 매헌로 16 (양재동,하이브랜드 지하1층)","","(주)이마트 양재점","2024-04-17 14:50:48","U","2024-04-19 02:40:00","대형마트","203204.755637424","440136.781183797","대규모점포"
"1467","대규모점포","08_25_01_P","3210000","2013321012207500006","1989-06-05","","01","영업/정상","1","정상영업","","","","","02-536-8480","2008","","","서울특별시 서초구 고무래로 90-7 (서초동)","137-882","서초쇼핑","2016-03-03 15:58:31","I","2018-08-31 23:59:59","그 밖의 대규모점포","201472.668856726","444193.267014675","대규모점포"
"1469","대규모점포","08_25_01_P","3210000","2005321007607500007","2015-09-22","","01","영업/정상","1","정상영업","","","","","02-3479-1005","64948.72","","서울특별시 서초구 반포동 19번지 3호","서울특별시 서초구 신반포로 176 (반포동)","","신세계백화점 강남점","2024-05-28 16:30:31","U","2024-05-30 02:40:00","구분없음","200250.447804795","444683.220506107","대규모점포"
"1475","대규모점포","08_25_01_P","3230000","2008323013107500002","1982-01-29","","01","영업/정상","1","정상영업","","","","1982-01-29","423-4751","7225","138-220","서울특별시 송파구 잠실동 101번지 1호","서울특별시 송파구 올림픽로4길 40 (잠실동)","138-892","프리마 쇼핑센타","2011-12-21 14:55:39","I","2018-08-31 23:59:59","그 밖의 대규모점포","206397.34797252","444963.233863255","대규모점포"
"1476","대규모점포","08_25_01_P","3230000","2013323019807500003","2011-09-05","","01","영업/정상","1","정상영업","","","","","024188545","213.2","138-933","서울특별시 송파구 잠실4동 44번지 1호","서울특별시 송파구 석촌호수로 133 (잠실동)","138-220","홈플러스(주)익스프레스 잠실점","2024-03-22 16:16:51","U","2024-03-24 02:40:00","구분없음","208045.233042977","445054.410833743","준대규모점포"
"1477","대규모점포","08_25_01_P","3230000","2013323019807500004","2011-09-05","","01","영업/정상","1","정상영업","","","","","000234318545","398.6","","","서울특별시 송파구 가락로28길 7 (송파동)","138-854","홈플러스(주) 익스프레스 송파점","2024-03-22 14:17:19","U","2024-03-24 02:40:00","구분없음","210252.90673883","444914.307440685","준대규모점포"
"1481","대규모점포","08_25_01_P","3230000","1981323007807500014","1998-03-17","","01","영업/정상","1","정상영업","","","","","02 4310611","7961","","서울특별시 송파구 마천동 181호","서울특별시 송파구 마천로 315 (마천동)","138-820","송파쇼핑센타","2023-11-16 11:30:08","U","2023-11-18 02:40:00","그 밖의 대규모점포","213279.781081276","443674.682876425","대규모점포"
"1484","대규모점포","08_25_01_P","3230000","2011323019807500001","1984-02-08","","01","영업/정상","1","정상영업","","","","","024166006","5269","138-851","서울특별시 송파구 송파1동 121번지","서울특별시 송파구 가락로 183 (송파동)","138-851","한화 송파지점","2023-01-16 17:50:58","U","2023-01-18 02:40:00","그 밖의 대규모점포","210057.912138022","444767.367639796","대규모점포"
"1486","대규모점포","08_25_01_P","3230000","2005323007807500003","2005-12-09","","01","영업/정상","1","정상영업","","","","","000221462003","13400","","서울특별시 송파구 신천동 7번지 18호","서울특별시 송파구 올림픽로 269 (신천동)","138-934","롯데캐슬플라자","2022-04-29 16:41:53","U","2022-05-03 02:40:00","쇼핑센터","208836.192051204","445807.727388799","대규모점포"
"1487","대규모점포","08_25_01_P","3230000","2007323013107500001","2007-07-09","","01","영업/정상","1","정상영업","","","","","0234688122","13934.64","","서울특별시 송파구 신천동 7번지 12  호","서울특별시 송파구 올림픽로35가길 16 (신천동)","138-240","홈플러스(주)잠실점","2024-03-05 15:16:33","U","2024-03-07 02:40:00","대형마트","209039.148023482","446007.966801057","대규모점포"
"1488","대규모점포","08_25_01_P","3230000","2013323019807500006","2013-06-19","","01","영업/정상","1","정상영업","","","","","02-2050-5001","3493.73","138-721","서울특별시 송파구 잠실3동 40번지 1호 롯데월드","서울특별시 송파구 올림픽로 240 (잠실동)","138-220","롯데하이마트잠실점","2017-07-24 11:23:43","I","2018-08-31 23:59:59","전문점","208589.363343145","445455.90405262","대규모점포"
"1489","대규모점포","08_25_01_P","3230000","2014323019807500001","2011-08-10","","01","영업/정상","1","정상영업","","","","","02  34016251","883","","","서울특별시 송파구 동남로 189 (가락동, 쌍용아파트)","138-747","(주)지에스리테일 송파점","2025-04-21 18:37:17","U","2025-04-23 02:40:00","구분없음","211259.909777857","443711.702922024","준대규모점포"
"1490","대규모점포","08_25_01_P","3230000","2014323019807500003","2011-10-25","","01","영업/정상","1","정상영업","","","","","024185853","572.18","","","서울특별시 송파구 오금로31가길 20 (방이동, 대림아파트)","138-771","(주)지에스리테일 방이점","2025-05-08 11:12:45","U","2025-05-10 02:40:00","구분없음","210908.984532034","445042.920252223","준대규모점포"
"1492","대규모점포","08_25_01_P","3230000","1989323007807500015","1998-08-19","","01","영업/정상","1","정상영업","","","","","024118411","20982","","서울특별시 송파구 잠실동 40번지 1호","서울특별시 송파구 올림픽로 240 (잠실동)","138-721","롯데쇼핑(주)롯데마트 제타플렉스 잠실점","2025-05-12 18:12:46","U","2025-05-14 02:40:00","대형마트","208589.363343145","445455.90405262","대규모점포"
"1493","대규모점포","08_25_01_P","3230000","1998323013107500001","1988-11-12","","01","영업/정상","1","정상영업","","","","","024115551~4","72582.24","","서울특별시 송파구 잠실동 40번지 1호","서울특별시 송파구 올림픽로 240 (잠실동)","138-721","롯데백화점 잠실점","2025-06-13 17:46:18","U","2025-06-15 02:40:00","백화점","208589.363343145","445455.90405262","대규모점포"
"1494","대규모점포","08_25_01_P","3230000","2002323007807500002","2000-07-13","","01","영업/정상","1","정상영업","","","","","0220067710","17693","","서울특별시 송파구 문정동 150번지 2호","서울특별시 송파구 중대로 80 (문정동)","138-885","롯데쇼핑(주)롯데마트 송파점","2025-05-12 18:16:09","U","2025-05-14 02:40:00","대형마트","210343.699256005","443288.284974717","대규모점포"
"1495","대규모점포","08_25_01_P","3230000","2005323007807500002","2005-02-24","","01","영업/정상","1","정상영업","","","","","02  21454942","7383.45","","서울특별시 송파구 잠실동 40호","서울특별시 송파구 올림픽로 212 (잠실동)","138-791","갤러리아팰리스 아케이드","2011-12-21 14:59:19","I","2018-08-31 23:59:59","그 밖의 대규모점포","208233.926974585","445435.257647797","대규모점포"
"1496","대규모점포","08_25_01_P","3230000","2011323019807500003","2011-08-29","","01","영업/정상","1","정상영업","","","","","2290-5853","300.01","138-908","서울특별시 송파구 잠실2동 19번지 8호","서울특별시 송파구 올림픽로 111 (잠실동)","138-908","롯데쇼핑(주)롯데슈퍼신천점","2025-05-02 17:13:25","U","2025-05-04 02:40:00","구분없음","207270.219021574","445550.277249649","준대규모점포"
"1497","대규모점포","08_25_01_P","3230000","2011323019807500004","2011-08-29","","01","영업/정상","1","정상영업","","","","","2290-5853","288","138-915","서울특별시 송파구 잠실3동 35번지 2호","서울특별시 송파구 석촌호수로 61 (잠실동)","138-915","롯데쇼핑(주)롯데슈퍼잠실3동점","2025-05-02 19:32:53","U","2025-05-04 02:40:00","구분없음","207553.918225133","445383.338011122","준대규모점포"
"1498","대규모점포","08_25_01_P","3230000","2013323019807500002","2011-12-02","","01","영업/정상","1","정상영업","","","","","000230128545","835","138-814","서울특별시 송파구 거여2동 27번지 5호 B101호","서울특별시 오금로 512","138-813","홈플러스(주)익스프레스 거여점","2024-03-22 14:18:26","U","2024-03-24 02:40:00","구분없음","212800.699970729","443397.261935451","준대규모점포"
"1499","대규모점포","08_25_01_P","3230000","2012323019807500005","2012-04-05","","01","영업/정상","1","정상영업","","","","","2290-5853","105.5","138-845","서울특별시 송파구 석촌동 235번지 17호","서울특별시 송파구 백제고분로34길 3 (석촌동)","138-845","롯데쇼핑(주)롯데슈퍼석촌점","2017-04-19 14:05:59","I","2018-08-31 23:59:59","구분없음","208675.812751826","444446.053485778","준대규모점포"
"1500","대규모점포","08_25_01_P","3230000","2012323019807500006","2012-04-05","","01","영업/정상","1","정상영업","","","","","02  400 2007","1662.6","138-130","서울특별시 송파구 오금동 615번지","서울특별시 송파구 양재대로72길 5 (오금동)","138-130","농협하나로마트방이역점","2024-10-15 13:09:40","U","2024-10-17 02:40:00","구분없음","211217.0019233","445334.151660974","준대규모점포"
"1501","대규모점포","08_25_01_P","3230000","2011323019807500005","2011-09-05","","01","영업/정상","1","정상영업","","","","","3431-5602","172.8","138-828","서울특별시 송파구 방이2동 63번지 11호","서울특별시 송파구 올림픽로32길 20 (방이동)","138-828","롯데쇼핑(주)롯데슈퍼방이점","2025-05-02 19:28:11","U","2025-05-04 02:40:00","구분없음","209576.621957045","445779.100983519","준대규모점포"
"1502","대규모점포","08_25_01_P","3230000","2012323019807500002","2012-01-20","","01","영업/정상","1","정상영업","","","","","02-848-3651","326.92","138-803","서울특별시 송파구 가락동 88번지 2호","서울특별시 송파구 중대로9길 35 (가락동)","138-803","(주)이마트에브리데이 가락동점","2024-07-24 16:45:27","U","2024-07-26 02:40:00","구분없음","210391.461980814","443796.02703891","준대규모점포"
"1503","대규모점포","08_25_01_P","3230000","2012323019807500003","2012-04-05","","01","영업/정상","1","정상영업","","","","","422-9003","693","138-779","서울특별시 송파구 송파2동 121번지 한양2차아파트 1층 6,7호호","서울특별시 송파구 가락로 183, 1층 6,7호 (송파동)","138-851","롯데쇼핑(주)롯데슈퍼송파점","2025-05-02 19:35:03","U","2025-05-04 02:40:00","구분없음","210057.912138022","444767.367639796","준대규모점포"
"1504","대규모점포","08_25_01_P","3230000","2012323019807500004","2012-03-30","","01","영업/정상","1","정상영업","","","","","2290-5853","203.3","138-879","서울특별시 송파구 풍납2동 400번지 5호   101호","서울특별시 송파구 강동대로9길 20 (풍납동)","138-879","롯데쇼핑(주)롯데슈퍼풍납점","2025-05-02 19:39:24","U","2025-05-04 02:40:00","구분없음","210274.185529862","447307.649759292","준대규모점포"
"1505","대규모점포","08_25_01_P","3230000","2013323019807500005","2012-03-30","","01","영업/정상","1","정상영업","","","","","000204748542","323","","서울특별시 송파구 풍납동 163번지","서울특별시 송파구  올림픽로51길  52 (풍납동)","","홈플러스(주)익스프레스 풍납점","2024-03-22 16:25:30","U","2024-03-24 02:40:00","구분없음","210378.825036871","447916.043934269","준대규모점포"
"1507","대규모점포","08_25_01_P","5020000","2006502013207500001","2006-12-01","","01","영업/정상","1","정상영업","","","","","054 222 2500","3411.57","","경상북도 포항시남구 지곡동 481번지 1호","경상북도 포항시 남구 지곡로 237 (지곡동)","","롯데쇼핑(주) 롯데마트 포항점","2025-05-09 15:09:37","U","2025-05-11 02:40:00","대형마트","409480.142751731","283289.316547036","대규모점포"
"1508","대규모점포","08_25_01_P","5020000","2007502013207500001","2007-02-23","","01","영업/정상","1","정상영업","","","","","054 288 8125","5748.53","","경상북도 포항시 북구 죽도동 50-1","경상북도 포항시 북구 중흥로 328 (죽도동)","37773","홈플러스(주)죽도점","2024-03-05 10:35:58","U","2024-03-07 02:40:00","대형마트","413111.190838679","283750.326688713","대규모점포"
"1511","대규모점포","08_25_01_P","5020000","2008502016507500002","2007-08-17","","01","영업/정상","1","정상영업","","","","","054-559-8014","8903.45","790-828","경상북도 포항시남구 상도동 582번지","경상북도 포항시 남구 중흥로 77 (상도동)","790-828","홈플러스(주)포항점","2024-03-05 10:48:21","U","2024-03-07 02:40:00","대형마트","411699.716488058","281700.620899084","대규모점포"
"1515","대규모점포","08_25_01_P","5020000","2011502018807500006","2011-10-07","","01","영업/정상","1","정상영업","","","","","0542324172","330","791-921","경상북도 포항시 북구 청하면 미남리 385번지 2호","경상북도 포항시 북구 청하면 청하로 203","","신포항농협 하나로마트","2011-10-07 13:27:23","I","2018-08-31 23:59:59","그 밖의 대규모점포","410309.526823599","302183.389920008","준대규모점포"
"1516","대규모점포","08_25_01_P","5020000","2011502018807500007","2011-10-07","","01","영업/정상","1","정상영업","","","","","0542432012","260","791-824","경상북도 포항시 북구 기계면 현내리 473번지 1호","경상북도 포항시 북구 기계면 기계로57번길 6","","서포항농협 하나로마트 기동점","2011-10-07 13:30:49","I","2018-08-31 23:59:59","그 밖의 대규모점포","399008.808242152","287719.990484795","준대규모점포"
"1519","대규모점포","08_25_01_P","5020000","2011502018807500012","2011-10-13","","01","영업/정상","1","정상영업","","","","","0542846311","243","790-801","경상북도 포항시 남구 구룡포읍 구룡포리 963번지 1호 외 1필지","경상북도 포항시 남구 구룡포읍 구룡포길 76-6","790-800","구룡포농협 하나로마트","2011-11-22 11:19:18","I","2018-08-31 23:59:59","그 밖의 대규모점포","430295.005555083","279678.580550198","준대규모점포"
"1522","대규모점포","08_25_01_P","5020000","2014502018807500001","2014-10-08","","01","영업/정상","1","정상영업","","","","","054-283-4664","647.25","","","경상북도 포항시 남구 연일읍 유강길 17","790-885","(주)이마트에브리데이 연일점","2024-08-05 10:12:10","U","2024-08-07 02:40:00","구분없음","408994.316830541","280795.937885499","준대규모점포"
"1523","대규모점포","08_25_01_P","5020000","2014502018807500002","2014-11-10","","01","영업/정상","1","정상영업","","","","","02-2006-2156","850.87","","","경상북도 포항시 북구 삼호로 422 (환호동)","791-280","(주)지에스리테일 포항환호점","2016-02-12 10:40:09","I","2018-08-31 23:59:59","구분없음","415634.642624846","288020.164760562","준대규모점포"
"1538","대규모점포","08_25_01_P","5020000","2000502007107500018","1995-04-21","","01","영업/정상","1","정상영업","","","","","","","","경상북도 포항시북구 죽도동 2-4호","","","신단지구매시설","2007-06-30 12:09:18","I","2018-08-31 23:59:59","그 밖의 대규모점포","","",""
"1555","대규모점포","08_25_01_P","5020000","2000502016507500001","2000-11-10","","01","영업/정상","1","정상영업","","","","","054 230 1000","24902.88","791-710","경상북도 포항시북구 학산동 127번지 9호 롯데백화점","경상북도 포항시 북구 학산로 62 (학산동)","791-710","롯데백화점 포항점","2025-05-09 15:12:03","U","2025-05-11 02:40:00","백화점","413457.339843014","285842.648592678","대규모점포"
"1556","대규모점포","08_25_01_P","3930000","2002393039607500001","2002-07-24","","01","영업/정상","1","정상영업","","","","","031-445-2080","15909.39","","경기도 안산시 단원구 고잔동 707번지 2호 삼성홈플러스","경기도 안산시 단원구 광덕대로 175, 삼성홈플러스 (고잔동)","15471","홈플러스(주)","2019-12-26 10:36:56","I","2019-12-28 00:23:26","대형마트","184766.070784522","423338.223688148","대규모점포"
"1557","대규모점포","08_25_01_P","5350000","2019535030107500001","2019-10-31","","01","영업/정상","1","정상영업","","","","","055-323-0085","5713.83","","경상남도 김해시 삼방동 175번지 홈플러스","경상남도 김해시 활천로267번길 31 (삼방동)","50818","일등마트","2023-12-20 16:26:12","U","2023-12-23 02:40:00","그 밖의 대규모점포","373601.142514243","195717.233837676","대규모점포"
"1558","대규모점포","08_25_01_P","3180000","2020318023907500001","2020-01-02","","01","영업/정상","1","정상영업","","","","","02-3277-0021","84573.34","","서울특별시 영등포구 여의도동 22번지","서울특별시 영등포구 여의대로 108 (여의도동)","07335","THE HYUNDAI SEOUL","2024-06-25 11:11:10","U","2024-06-27 02:40:00","백화점","193592.000380036","447092.629432527","대규모점포"
"1559","대규모점포","08_25_01_P","3520000","2020352017507500001","2020-02-26","","01","영업/정상","1","정상영업","","","","","032-810-2525","0","","인천광역시 연수구 청학동 502번지 4호 롯데마트 연수점","인천광역시 연수구 청능대로 87, 롯데마트 연수점 (청학동)","21926","롯데쇼핑(주) 롯데마트 연수점","2024-03-12 16:55:31","U","2024-03-14 02:40:00","대형마트","171173.885129435","434824.628551534","대규모점포"
"1561","대규모점포","08_25_01_P","4390000","2020439021407500001","2020-02-14","","01","영업/정상","1","정상영업","","","","","","6668","","충청북도 충주시 대소원면 완오리 1198 홈마트","충청북도 충주시 대소원면 기업도시로 26, 홈마트","27465","홈마트","2022-12-01 11:36:40","U","2022-12-03 02:40:00","대형마트","274265.635641832","389179.707204565","대규모점포"
"1564","대규모점포","08_25_01_P","3180000","2021318023907500001","2021-12-28","","01","영업/정상","1","정상영업","","","","","02-2006-2676","561.4","","서울특별시 영등포구 신길동 4902-6","서울특별시 영등포구 신길로 162, 1층 일부 (신길동)","07362","GS THE FRESH 신길사러가점","2025-07-30 15:03:26","U","2025-08-01 02:40:00","구분없음","192108.925858666","444944.153786024","준대규모점포"
"1565","대규모점포","08_25_01_P","5340000","2022534021407500001","2022-05-10","","01","영업/정상","1","정상영업","","","","","055-835-8062","693","","경상남도 사천시 벌리동 270-3 롯데슈퍼","경상남도 사천시 주공로 41, 롯데슈퍼 (벌리동)","52551","롯데슈핑(주)롯데슈퍼 삼천포점","2023-06-22 19:48:15","U","2023-06-24 02:40:00","그 밖의 대규모점포","299165.438921971","160901.717285061","준대규모점포"
"1567","대규모점포","08_25_01_P","3120000","2021312019207500003","2021-12-20","","01","영업/정상","1","정상영업","","","","","02-373-5601","178.5","","서울특별시 서대문구 홍은동 400-12","서울특별시 서대문구 가좌로 99(홍은동)","03675","롯데프레시 홍은점","2023-08-25 17:54:37","U","2023-08-27 02:40:00","구분없음","193440.549915639","453256.425998955","준대규모점포"
"1568","대규모점포","08_25_01_P","3120000","2021312019207500005","2021-12-20","","01","영업/정상","1","정상영업","","","","","02-338-5601","357","","서울특별시 서대문구 창천동 506-20 아륭빌딩","서울특별시 서대문구 신촌로 13, 아륭빌딩 (창천동)","03785","롯데슈퍼 창천점","2025-05-14 09:10:01","U","2025-05-16 02:40:00","구분없음","193624.014939084","450696.745009002","준대규모점포"
"1570","대규모점포","08_25_01_P","3970000","2022397009407500001","2022-01-06","","01","영업/정상","1","정상영업","","","","","022062678","370.2","","경기도 과천시 별양동 52","경기도 과천시 별양로 142, 131~144호 (별양동)","13833","GS THE FRESH 과천자이점","2025-04-07 16:50:36","U","2025-04-09 02:40:00","그 밖의 대규모점포","","","준대규모점포"
"1571","대규모점포","08_25_01_P","3340000","2023334014507500001","2023-06-01","","01","영업/정상","1","정상영업","","","","","051-203-5494","372.16","","부산광역시 사하구 괴정동 879","부산광역시 사하구 낙동대로233번길 35, 1층 (괴정동)","49381","GS THE FRESH 사하괴정점","2023-06-01 17:21:30","I","2023-06-03 00:19:45","구분없음","381587.478183894","179459.905749702","준대규모점포"
"1573","대규모점포","08_25_01_P","3510500","2023351057907500002","2023-05-02","","01","영업/정상","1","정상영업","","","","","872-5601","165","","인천광역시 미추홀구 용현동 92-17","인천광역시 미추홀구 인하로 107 (용현동)","22208","롯데쇼핑(주)롯데슈퍼 인하대점","2025-04-30 13:40:19","U","2025-05-02 02:40:00","그 밖의 대규모점포","169860.034040713","438759.181290214","준대규모점포"
"1574","대규모점포","08_25_01_P","3740000","2023374039007500002","2023-05-04","","01","영업/정상","1","정상영업","","","","","02-2006-2678","248","","경기도 수원시 팔달구 인계동 865-10 인계 파밀리에","경기도 수원시 팔달구 세지로 211 (인계동, 인계 파밀리에)","16475","지에스리테일(수원센트럴점)","2025-05-01 17:05:14","U","2025-05-03 02:40:00","구분없음","201942.305670572","418720.35220815","준대규모점포"
"1575","대규모점포","08_25_01_P","3740000","2023374039007500003","2023-05-04","","01","영업/정상","1","정상영업","","","","","02-2006-2678","298.5","","경기도 수원시 장안구 조원동 881 수원 한일타운","경기도 수원시 장안구 경수대로976번길 22 (조원동, 수원 한일타운)","16295","지에스더프레시(GS THE FRESH) 수원한일타운점","2025-05-01 17:04:10","U","2025-05-03 02:40:00","구분없음","200677.578238738","422613.876922536","준대규모점포"
"1576","대규모점포","08_25_01_P","3710000","2023371013607500001","2023-05-15","","01","영업/정상","1","정상영업","","","","","","194.5","","울산광역시 동구 전하동 302-74 우주빌딩","울산광역시 동구 바드래길 98, 우주빌딩 (전하동)","44035","GS THE FRESH 울산전하점","2025-05-13 15:17:24","U","2025-05-15 02:40:00","구분없음","420080.091538466","226797.196800317","준대규모점포"
"1577","대규모점포","08_25_01_P","4050000","2023405053807500001","2023-04-17","","01","영업/정상","1","정상영업","","","","","031-265-3555","4305.19","","경기도 용인시 수지구 상현동 166-8","","","느티나무마트","2023-12-19 09:43:12","U","2023-12-21 02:40:00","대형마트","206535.42430122","422654.398675024","대규모점포"
"1578","대규모점포","08_25_01_P","5480000","2023548011807500001","2023-05-17","","01","영업/정상","1","정상영업","","","","","055-931-5601","849.1","","경상남도 합천군 합천읍 합천리 698","경상남도 합천군 합천읍 충효로 39","50236","롯데슈퍼(주) 롯데슈퍼 합천점","2025-04-29 11:17:01","U","2025-05-01 02:40:00","쇼핑센터","305136.426578472","229969.058372692","준대규모점포"
"1579","대규모점포","08_25_01_P","3060000","2023306020207500001","2023-04-04","","01","영업/정상","1","정상영업","","","","","","151.47","","서울특별시 중랑구 망우동 580 중랑숲금호어울림","서울특별시 중랑구 양원역로 18, 103~106호 (망우동, 중랑숲금호어울림)","02063","GS THE FRESH 중랑망우점","2025-04-16 20:03:21","U","2025-04-18 02:40:00","그 밖의 대규모점포","209579.542671166","455549.589368255","준대규모점포"
"1580","대규모점포","08_25_01_P","5070000","2023507017807500001","2023-05-04","","01","영업/정상","1","정상영업","","","","","","247.3","","경상북도 안동시 용상동 1517-155","경상북도 안동시 중평길 107-27 (용상동)","36719","GS THE FRESH 안동강변점","2025-04-30 20:35:34","U","2025-05-02 02:40:00","구분없음","356719.772420448","340829.538076125","준대규모점포"
"1582","대규모점포","08_25_01_P","3180000","2023318025507500001","2023-05-25","","01","영업/정상","1","정상영업","","","","","02-2006-2676","203.2","","서울특별시 영등포구 문래동6가 33","서울특별시 영등포구 문래북로 8, 1층 101~106호 (문래동6가)","07280","GS THE FRESH 문래점","2025-05-07 10:04:32","U","2025-05-09 02:40:00","구분없음","189825.743146319","446574.176568125","준대규모점포"
"1583","대규모점포","08_25_01_P","3460000","2024346017707500001","2024-03-21","","01","영업/정상","1","정상영업","","","","","051-510-4672","152.4","","대구광역시 수성구 범어동 2291 수성 범어W","대구광역시 수성구 달구벌대로 2436, 1층 110~112호 (범어동, 수성 범어W)","42085","GS THE FRESH 대구범어역점","2025-04-25 11:20:22","U","2025-04-27 02:40:00","구분없음","","","준대규모점포"
"1585","대규모점포","08_25_01_P","3420000","2024342020707500002","2024-04-01","","01","영업/정상","1","정상영업","","","","","080-345-7700","192.7","","대구광역시 동구 신암동 139-69 동대구역센텀화성파크드림아파트","대구광역시 동구 아양로 133, 301동 101호~105호 (신암동, 동대구역센텀화성파크드림아파트)","41189","GS THE FRESH 대구파크드림점","2025-04-10 11:51:02","U","2025-04-12 02:40:00","대형마트","346871.643997829","266386.010736354","준대규모점포"
"1586","대규모점포","08_25_01_P","5670000","2024567074607500007","2024-05-13","","01","영업/정상","1","정상영업","","","","","055-240-1041","26674.69","","경상남도 창원시 마산합포구 산호동 10-3 신세계백화점","경상남도 창원시 마산합포구 합포로 251, 신세계백화점 (산호동)","51330","(주)신세계 마산점","2024-05-13 10:19:33","I","2024-05-15 00:14:39","백화점","344361.357213009","192302.09720122","대규모점포"
"1587","대규모점포","08_25_01_P","5670000","2024567074607500005","2024-04-24","","01","영업/정상","1","정상영업","","","","","055-211-1052","10909","","경상남도 창원시 성산구 중앙동 91 창원이마트","경상남도 창원시 성산구 원이대로 608, 창원이마트 (중앙동)","51515","이마트 창원점","2024-04-24 13:40:14","I","2024-04-26 00:14:55","대형마트","352870.655048828","193192.657445858","대규모점포"
"1588","대규모점포","08_25_01_P","5670000","2024567074607500006","2024-04-24","","01","영업/정상","1","정상영업","","","","","","11192","","경상남도 창원시 마산합포구 중앙동3가 4-1 이마트","경상남도 창원시 마산합포구 서성로 3, 이마트 (중앙동3가)","51735","이마트 마산점","2024-04-24 13:35:35","I","2024-04-26 00:14:55","대형마트","342886.064848583","189864.336045851","대규모점포"
"1592","대규모점포","08_25_01_P","4400000","2024440029707500001","2024-04-15","","01","영업/정상","1","정상영업","","","","","043-641-1052","0","","충청북도 제천시 강제동 684 제천E-MART","충청북도 제천시 장평천로 11, 제천E-MART (강제동)","27198","이마트","2024-04-15 10:22:05","I","2024-04-17 00:15:02","대형마트","308612.065962418","403106.413353613","대규모점포"
"1593","대규모점포","08_25_01_P","3110000","2024311021707500001","2024-05-01","","01","영업/정상","1","정상영업","","","","","","186.21","","서울특별시 은평구 신사동 228-5","서울특별시 은평구 가좌로 331, 1층 (신사동)","03440","GS THE FRESH 은평가좌점","2025-04-22 15:15:21","U","2025-04-24 02:40:00","구분없음","191844.913712646","454908.495429711","준대규모점포"
"1594","대규모점포","08_25_01_P","3230000","2024323029107500001","2024-04-19","","01","영업/정상","1","정상영업","","","","","02-2006-2364","168.16","","서울특별시 송파구 방이동 103-15","서울특별시 송파구 올림픽로32길 53, 1층 (방이동)","05546","GS THE FRESH 송파나루역점","2025-04-29 10:36:21","U","2025-05-01 02:40:00","구분없음","209841.106799057","445595.125934631","준대규모점포"
"1595","대규모점포","08_25_01_P","5310000","2024531031407500001","2024-04-23","","01","영업/정상","1","정상영업","","","","","","3240.46","","경상남도 진주시 정촌면 예하리 1279-1 2, 9, 10","","","진주남부농협 하나로마트","2024-07-20 14:43:52","U","2024-07-22 02:40:00","그 밖의 대규모점포","300211.354606774","181815.943424691","대규모점포"
"1596","대규모점포","08_25_01_P","3330000","2024333020707500001","2024-04-03","","01","영업/정상","1","정상영업","","","","","051-731-9500","355.7","","부산광역시 해운대구 중동 1829 엘시티","부산광역시 해운대구 달맞이길 30, 3008호 (중동, 엘시티)","48099","GS THE FRESH 해운대엘시티점","2025-05-20 17:45:05","U","2025-05-22 02:40:00","구분없음","397540.467298187","186751.661439715","준대규모점포"
"1597","대규모점포","08_25_01_P","3370000","2024337013407500002","2024-03-26","","01","영업/정상","1","정상영업","","","","","051-852-7440","363.63","","부산광역시 연제구 연산동 1597-4","부산광역시 연제구 중앙천로 81-17 (연산동)","47599","GS THE FRESH 부산시청점","2025-03-12 17:50:49","U","2025-03-14 02:40:00","구분없음","389335.954387053","188754.45415331","준대규모점포"
"1599","대규모점포","08_25_01_P","3170000","2024317025707500001","2024-04-29","","01","영업/정상","1","정상영업","","","","","02-890-8122","0","","서울특별시 금천구 시흥동 992-47 홈플러스테스테스코(주)시흥점","서울특별시 금천구 시흥대로 201, 홈플러스테스테스코(주)시흥점 (시흥동)","08632","홈플러스 주식회사","2024-04-29 15:44:46","I","2024-05-01 00:15:26","대형마트","191152.432649234","438865.160717275","대규모점포"
"1602","대규모점포","08_25_01_P","5350000","2024535033007500002","2012-03-20","","01","영업/정상","1","정상영업","","","","","055-343-8546","341","","경상남도 김해시 진영읍 진영리 1612-1","경상남도 김해시 진영읍 장등로19번길 39","50862","홈플러스 익스프레스 김해진영점","2024-03-26 15:22:05","I","2024-03-28 00:15:57","구분없음","357326.500691161","202364.159509301","준대규모점포"
"1603","대규모점포","08_25_01_P","3600000","2000360001207500001","2000-09-04","","01","영업/정상","1","정상영업","","","","","006206022520","14073","","광주광역시 서구 치평동 1239호","광주광역시 서구 시청로 40 (치평동, 롯데마트 상무점)","502-827","롯데쇼핑(주)롯데마트맥스 상무점","2025-06-11 15:25:41","U","2025-06-13 02:40:00","백화점","186476.010874769","183702.292924632","대규모점포"
"1607","대규모점포","08_25_01_P","3600000","2006360001207500001","2006-03-23","","01","영업/정상","1","정상영업","","","","","062 360 1042","26906","","광주광역시 서구 광천동 49번지 1   호","광주광역시 서구 무진대로 932 (광천동, 외1필지)","502-712","(주)광주신세계","2016-04-14 22:38:47","I","2018-08-31 23:59:59","백화점","189004.968212655","184579.553645425","대규모점포"
"1608","대규모점포","08_25_01_P","3600000","2001360001207500001","2001-07-24","","01","영업/정상","1","정상영업","","","","","062 610 1050","15306","","광주광역시 서구 치평동 1208번지 5호","광주광역시 서구 운천로 263 (치평동)","","신세계이마트상무점","2010-04-05 14:22:56","I","2018-08-31 23:59:59","대형마트","186638.794934674","184073.933211657",""
"1610","대규모점포","08_25_01_P","3600000","2006360010607500001","2006-03-23","","01","영업/정상","1","정상영업","","","","","360-1042","13309","","광주광역시 서구 화정동 12번지 13호","광주광역시 서구 죽봉대로 61 (화정동, 광주 이마트)","61937","(주)광주신세계이마트","2016-04-15 13:59:05","I","2018-08-31 23:59:59","대형마트","189175.074193215","184413.56266082","대규모점포"
"1611","대규모점포","08_25_01_P","3600000","2006360010607500002","2006-03-23","","01","영업/정상","1","정상영업","","","","","360-1042","0","","","광주광역시 서구 무진대로 932 (광천동, 신세계백화점)","61937","(주)광주신세계","2016-04-15 16:41:09","I","2018-08-31 23:59:59","백화점","189004.968212655","184579.553645425","대규모점포"
"1612","대규모점포","08_25_01_P","3600000","2006360010607500003","2006-03-23","","01","영업/정상","1","정상영업","","","","","0623601042","26906","","광주광역시 서구 광천동 49번지 1호 신세계백화점","광주광역시 서구 무진대로 932, 신세계백화점 (광천동)","61937","(주)광주신세계","2020-05-06 14:25:42","U","2020-05-08 02:40:00","백화점","189004.968212655","184579.553645425","대규모점포"
"1613","대규모점포","08_25_01_P","3600000","2006360010607500004","2006-06-27","","01","영업/정상","1","정상영업","","","","","0623601042","13309","","광주광역시 서구 화정동 12번지 13호 광주 이마트","광주광역시 서구 죽봉대로 61, 광주 이마트 (화정동)","61937","이마트 광주점","2024-04-22 09:20:23","U","2024-04-24 02:40:00","그 밖의 대규모점포","189175.074193215","184413.56266082","대규모점포"
"1614","대규모점포","08_25_01_P","3600000","2006360001207500002","2006-06-27","","01","영업/정상","1","정상영업","","","","","062 360 1042","13309","","광주광역시 서구 화정동 12번지 13 호","광주광역시 서구 죽봉대로 61 (화정동)","502-834","(주)광주신세계이마트","2016-04-14 22:40:13","I","2018-08-31 23:59:59","대형마트","189175.074193215","184413.56266082","대규모점포"
"1618","대규모점포","08_25_01_P","5080000","2011508013307500004","2011-09-27","","01","영업/정상","1","정상영업","","","","","054 452 7007","1595","730-927","경상북도 구미시 형곡1동 143번지 19호 외 2필지","경상북도 구미시 경은로 88 (형곡동, 20,21)","730-927","(주)이마트에브리데이 형곡동점","2021-05-14 09:25:32","U","2021-05-16 02:40:00","그 밖의 대규모점포","320332.482703667","291158.238362821","준대규모점포"
"1619","대규모점포","08_25_01_P","5080000","2012508013307500002","2012-06-11","","01","영업/정상","1","정상영업","","","","","054-455-2022","11235.05","730-200","경상북도 구미시 봉곡동 33번지 3호 외 7필지","","","금오G7 스퀘어","2018-02-12 09:14:05","I","2018-08-31 23:59:59","대형마트","318302.590491105","293930.748700857","대규모점포"
"1620","대규모점포","08_25_01_P","5080000","2014508013307500001","2014-04-24","","01","영업/정상","1","정상영업","","","","","02-380-5847","406.91","","","경상북도 구미시 백산로 54 (송정동)","730-912","(주)에이치앤지홀세일 에브리데이리테일 구미송정점","2015-06-17 17:38:26","I","2018-08-31 23:59:59","그 밖의 대규모점포","320516.653079346","292082.162163155","준대규모점포"
"1621","대규모점포","08_25_01_P","5080000","2015508013307500001","2015-09-23","","01","영업/정상","1","정상영업","","","","","0544758908","9932.33","","경상북도 구미시 구포동 1079번지 1080, 1081","경상북도 구미시 해마루공원로 21 (구포동)","39421","해마루밸리","2016-03-22 09:40:02","I","2018-08-31 23:59:59","쇼핑센터","328477.262533758","293642.054135141","대규모점포"
"1623","대규모점포","08_25_01_P","5110000","2007511012407500001","2007-04-02","","01","영업/정상","1","정상영업","","","","","0545371052","6771","742-260","경상북도 상주시 만산동 693번지 29호","경상북도 상주시 경상대로 3141 (만산동)","742-260","(주)이마트 상주점","2024-04-18 09:04:22","U","2024-04-20 02:40:00","대형마트","303160.698546531","325823.257676029","대규모점포"
"1624","대규모점포","08_25_01_P","5110000","2007511017907500001","2007-06-30","","01","영업/정상","1","정상영업","","","","","054-537-1052","6771","","","경상북도 상주시 경상대로 3141 (만산동)","742-260","(주)이마트 상주점","2014-04-09 08:45:59","I","2018-08-31 23:59:59","대형마트","303160.698546531","325823.257676029","대규모점포"
"1628","대규모점포","08_25_01_P","5340000","2007534001607500001","2007-08-03","","01","영업/정상","1","정상영업","","","","","0558318124","13008","664-834","경상남도 사천시 벌리동 58번지 3호","경상남도 사천시 중앙로 165 (벌리동)","664-834","홈플러스 삼천포점","2016-01-26 15:43:16","I","2018-08-31 23:59:59","대형마트","298587.268961901","160715.237733786","대규모점포"
"1629","대규모점포","08_25_01_P","5340000","2007534001607500002","2016-01-28","","01","영업/정상","1","정상영업","","","","","055 831 8131","13008","664-160","경상남도 사천시 벌리동 58번지 3호","경상남도 사천시 중앙로 165 (벌리동)","664-834","홈플러스 삼천포점","2024-02-26 13:34:52","U","2024-02-28 02:40:00","대형마트","298587.268961901","160715.237733786","대규모점포"
"1630","대규모점포","08_25_01_P","5340000","2010534001607500001","2010-07-23","","01","영업/정상","1","정상영업","","","","","02-382-9426","6659.99","664-130","경상남도 사천시 좌룡동 388번지 10호 외 9필지","경상남도  삼천포대교로 591 (외 9필지)","664-130","(주)이마트 사천점","2013-01-02 15:42:11","I","2018-08-31 23:59:59","대형마트","298325.164351214","161845.029914848","대규모점포"
"1632","대규모점포","08_25_01_P","5340000","2014534001607500001","2014-04-15","","01","영업/정상","1","정상영업","","","","","850-1272","6659.99","","","경상남도 사천시 삼천포대교로 591 (좌룡동)","664-130","(주)이마트 사천점","2024-04-16 17:46:27","U","2024-04-18 02:40:00","구분없음","298325.164351214","161845.029914848","대규모점포"
"1633","대규모점포","08_25_01_P","3450000","2007345009907500003","2007-10-22","","01","영업/정상","1","정상영업","","","","","327-3110","16272.6","702-250","대구광역시 북구 동천동 894번지 1호","대구광역시 북구 동암로 90 (동천동)","702-250","세븐밸리","2012-05-24 17:23:33","I","2018-08-31 23:59:59","그 밖의 대규모점포","340718.253608761","272659.975074019","대규모점포"
"1635","대규모점포","08_25_01_P","3490000","2018349014907500001","2017-07-31","","01","영업/정상","1","정상영업","","","","","032-765-5222","4217","","인천광역시 중구 신포동 12번지 26호","인천광역시 중구 우현로39번길 8-1 (신포동)","22322","개항누리길 상점가 상인회","2018-01-03 10:57:16","I","2018-08-31 23:59:59","그 밖의 대규모점포","166939.223509039","441039.200140219","준대규모점포"
"1636","대규모점포","08_25_01_P","3500000","1996350005107500001","1996-01-13","","01","영업/정상","1","정상영업","","","","","032-772-1234","12123","401-074","인천광역시 동구 송림동 296번지 2호","인천광역시 동구 봉수대로 82 (송림동)","401-074","트레이더스 홀세일 클럽 송림점","2024-04-12 13:37:42","U","2024-04-14 02:40:00","대형마트","169908.403027925","442376.726872044","대규모점포"
"1642","대규모점포","08_25_01_P","4090000","2001409006507500004","2001-08-01","","01","영업/정상","1","정상영업","","","","","031 999 8000","12971","415-010","경기도 김포시 감정동 692번지","경기도 김포시 중봉로 14 (감정동)","415-010","홈플러스 주식회사 김포점","2024-02-21 18:08:15","U","2024-02-23 02:40:00","대형마트","173328.23709684","457991.128265107","대규모점포"
"1643","대규모점포","08_25_01_P","4090000","2012409022907500003","2012-02-07","","01","영업/정상","1","정상영업","","","","","031-989-8549","163","415-030","경기도 김포시 북변동 824번지","경기도 김포시 사우중로 77 (북변동)","415-030","홈플러스(주)익스프레스 북변점","2024-04-15 13:58:29","U","2024-04-17 02:40:00","구분없음","175242.244211209","457735.002549407","준대규모점포"
"1644","대규모점포","08_25_01_P","4090000","2012409022907500004","2012-06-28","","01","영업/정상","1","정상영업","","","","","031-983-9854","312","415-020","경기도 김포시 걸포동 1563번지 2호","경기도 김포시 걸포2로 9 (걸포동)","415-020","(주)이마트에브리데이 걸포동점","2021-05-04 16:11:23","U","2021-05-06 02:40:00","구분없음","173967.515912723","458904.997740507","준대규모점포"
"1645","대규모점포","08_25_01_P","4090000","2014409022907500001","2014-09-26","","01","영업/정상","1","정상영업","","","","","02-2145-8487","11900.82","415-060","경기도 김포시 장기동 2031번지","경기도 김포시 김포한강2로 41 (장기동)","415-060","롯데쇼핑(주) 롯데마트 김포한강점","2017-12-20 17:03:35","I","2018-08-31 23:59:59","대형마트","171471.604963288","459839.83969575","대규모점포"
"1646","대규모점포","08_25_01_P","4090000","2014409022907500002","2014-05-12","","01","영업/정상","1","정상영업","","","","","031-996-8434","12339.22","415-080","경기도 김포시 구래동 6880번지 9호","경기도 김포시 김포한강7로 71 (구래동)","415-080","이마트 김포한강점","2024-04-15 17:09:25","U","2024-04-17 02:40:00","대형마트","167119.660833957","460295.332269763","대규모점포"
"1648","대규모점포","08_25_01_P","4090000","2016409022907500001","2016-07-13","","01","영업/정상","1","정상영업","","","","","031-8048-5652","15477.73","","경기도 김포시 풍무동 884 트레이더스 김포점","경기도 김포시 김포대로 715(풍무동)","10113","트레이더스 홀세일클럽 김포점","2024-04-12 09:15:27","U","2024-04-14 02:40:00","대형마트","176161.639045124","456729.11026583","대규모점포"
"1650","대규모점포","08_25_01_P","4090000","2017409032207500001","2017-12-21","","01","영업/정상","1","정상영업","","","","","031-8049-2500","11900.82","","","경기도 김포시 김포한강2로 41-0 (장기동)","415-060","롯데쇼핑(주) 롯데마트 김포한강점","2025-05-15 16:05:06","U","2025-05-17 02:40:00","대형마트","171471.604963288","459839.83969575","대규모점포"
"1651","대규모점포","08_25_01_P","4090000","2007409012307500001","2007-02-20","","01","영업/정상","1","정상영업","","","","","031 999 0000","14125.61","415-070","경기도 김포시 풍무동 38번지 1호 외4필지","경기도 김포시 풍무로 167 (풍무동)","415-070","홈플러스(주) 김포풍무점","2024-02-21 18:11:03","U","2024-02-23 02:40:00","대형마트","175533.126928566","456437.773530883","대규모점포"
"1652","대규모점포","08_25_01_P","4090000","2012409022907500001","2012-01-11","","01","영업/정상","1","정상영업","","","","","996-5443","642","415-010","경기도 김포시 감정동 676번지","경기도  봉화로181번길 31-20","415-010","(주)지에스리테일 GS수퍼 김포감정점","2025-04-16 15:58:03","U","2025-04-18 02:40:00","구분없음","173440.919786368","458231.526224764","준대규모점포"
"1653","대규모점포","08_25_01_P","4090000","2012409022907500002","2012-02-06","","01","영업/정상","1","정상영업","","","","","983-1691","1988.24","415-040","경기도 김포시 사우동 237번지 2호 외 2필지","경기도 김포시 돌문로 43 (사우동)","415-040","(주)지에스리테일 GS수퍼 김포사우점","2025-04-16 16:07:26","U","2025-04-18 02:40:00","구분없음","175023.331033541","457434.64458019","준대규모점포"
"1655","대규모점포","08_25_01_P","3990000","2005399008907500002","2005-11-15","","01","영업/정상","1","정상영업","","","","","031 590 1234","10925.67","472-120","경기도 남양주시 호평동 637번지","경기도 남양주시 늘을2로 27 (호평동)","472-120","(주)이마트 남양주점","2024-04-22 16:39:17","U","2024-04-24 02:40:00","그 밖의 대규모점포","221378.987723763","461433.576798678","대규모점포"
"1658","대규모점포","08_25_01_P","5540000","2009554012307500003","2009-09-11","","01","영업/정상","1","정상영업","","","","","80261052","6673.32","464-801","경기도 광주시 경안동 20번지 46호","경기도 광주시 광주대로 30 (경안동)","464-010","(주) 이마트 경기광주점","2024-04-16 14:01:40","U","2024-04-18 02:40:00","대형마트","223061.389182349","434193.70905707","대규모점포"
"1659","대규모점포","08_25_01_P","3990000","2009399015407500001","2009-11-26","","01","영업/정상","1","정상영업","","","","","031 570 8000","9041","472-865","경기도 남양주시 진접읍 장현리 216번지 1호","경기도 남양주시 진접읍 금강로 1447","","홈플러스(주)남양주진접점","2024-02-29 14:37:31","U","2024-03-02 02:40:00","그 밖의 대규모점포","216587.285919176","468805.572134094","대규모점포"
"1661","대규모점포","08_25_01_P","3990000","2010399021407500001","2010-11-12","","01","영업/정상","1","정상영업","","","","","031-748-2500","8090.9","472-845","경기도 남양주시 화도읍 마석우리 255번지 24호","경기도 남양주시 화도읍 경춘로 1992","472-846","롯데쇼핑(주)롯데마트 마석점","2025-05-12 09:32:54","U","2025-05-14 02:40:00","대형마트","227234.544976879","460930.696005881","대규모점포"
"1662","대규모점포","08_25_01_P","3990000","2012399015407500001","2012-07-30","","01","영업/정상","1","정상영업","","","","","031-550-1252","9833.49","","경기도 남양주시 별내동 989번지 이마트","경기도 남양주시 순화궁로 167, 이마트 (별내동)","12113","이마트 별내점","2024-04-22 16:40:05","U","2024-04-24 02:40:00","대형마트","211047.543226491","460054.746656557","대규모점포"
"1664","대규모점포","08_25_01_P","3900000","2014390019607500001","2014-09-11","","01","영업/정상","1","정상영업","","","","2014-09-11","02-2060-8545","196.36","","","경기도 광명시 도덕로 28 (광명동)","423-819","홈플러스 익스프레스 광명점","2024-04-23 14:13:10","U","2024-04-25 02:40:00","구분없음","186757.059003378","440665.313322961","준대규모점포"
"1665","대규모점포","08_25_01_P","3900000","2014390019607500002","2014-09-11","","01","영업/정상","1","정상영업","","","","2014-09-11","02-2685-4589","273.9","","경기도 광명시 광명동 739-8 유.자.인.주상복합아파트","경기도 광명시 도덕로 33, 유.자.인.주상복합아파트 1층 (광명동)","14280","GS수퍼마켓 광명점","2024-02-26 09:20:34","U","2024-02-28 02:40:00","구분없음","186812.038869952","440726.972343729","준대규모점포"
"1666","대규모점포","08_25_01_P","3900000","2014390019607500003","2014-11-26","","01","영업/정상","1","정상영업","","","","","02-771-2500","39420.7","423-090","경기도 광명시 일직동 500번지","경기도 광명시 일직로 17 (일직동)","423-090","롯데몰 광명점","2025-04-30 17:42:34","U","2025-05-02 02:40:00","쇼핑센터","189614.445095321","435789.264012576","대규모점포"
"1674","대규모점포","08_25_01_P","3170000","2004317008307500001","2004-10-02","","01","영업/정상","1","정상영업","","","","","02-809-7530","15648.38","","서울특별시 금천구 독산동 291번지 5호","서울특별시 금천구 시흥대로 399 (독산동)","","시티렉스","2014-10-01 10:27:28","I","2018-08-31 23:59:59","쇼핑센터","190858.649482406","440808.541334678","대규모점포"
"1677","대규모점포","08_25_01_P","3170000","2008317010507500002","2008-10-24","","01","영업/정상","1","정상영업","","","","","895 2080","14972","153-031","서울특별시 금천구 시흥동 992번지 47호","서울특별시 금천구 시흥대로 201 (시흥동)","","홈플러스 시흥점","2024-03-04 14:03:33","U","2024-03-06 02:40:00","대형마트","191152.432649234","438865.160717275","대규모점포"
"1678","대규모점포","08_25_01_P","3170000","2012317014207500002","2012-04-10","","01","영업/정상","1","정상영업","","","","","856-8545","243.5","","","서울특별시 금천구 가산로 106 (가산동)","153-804","홈플러스(주)익스프레스 가산점","2024-03-22 14:57:58","U","2024-03-24 02:40:00","구분없음","190527.918536528","441484.865931033","준대규모점포"
"1682","대규모점포","08_25_01_P","3200000","2015320021107500002","2015-07-09","","01","영업/정상","1","정상영업","","","","","02-885-4579","4096.65","151-803","서울특별시 관악구 봉천동 10번지 4호 외14필지","서울특별시 관악구 청림3길 10 (봉천동)","151-803","관악쇼핑","2016-07-20 18:06:16","I","2018-08-31 23:59:59","그 밖의 대규모점포","196347.099270374","442938.722385983","대규모점포"
"1684","대규모점포","08_25_01_P","3200000","2011320019107500003","2011-10-19","","01","영업/정상","1","정상영업","","","","","02-872-8545","577.2","151-823","서울특별시 관악구 중앙동 463번지 4호 메카플러스 지하1층","서울특별시 관악구 양녕로 46 (봉천동)","151-823","홈플러스 익스프레스 봉천점","2024-08-06 09:40:36","U","2024-08-08 02:40:00","구분없음","195274.343265834","442663.498606503","준대규모점포"
"1685","대규모점포","08_25_01_P","3200000","2011320019107500004","2011-10-26","","01","영업/정상","1","정상영업","","","","","02-3285-3651","414.86","151-826","서울특별시 관악구 은천동 937번지 6호 동영빌딩 1층","서울특별시 관악구 은천로 51 (봉천동)","151-826","(주)이마트에브리데이 봉천동점","2024-07-31 11:05:05","U","2024-08-02 02:40:00","구분없음","194770.417438694","442676.831360439","준대규모점포"
"1687","대규모점포","08_25_01_P","3200000","2012320019107500002","1997-11-07","","01","영업/정상","1","정상영업","","","","","02-3289-8728","21711.05","151-718","서울특별시 관악구 보라매동 729호 22통 롯데백화점","서울특별시  봉천로 209","151-718","롯데쇼핑(주) 관악점","2025-04-23 17:13:14","U","2025-04-25 02:40:00","백화점","193301.885808714","443151.561302292","대규모점포"
"1688","대규모점포","08_25_01_P","3200000","2013320019107500001","2013-06-27","","01","영업/정상","1","정상영업","","","","","02-6948-8121","14784","151-080","서울특별시 관악구 남현동 산 69번지 51호","서울특별시 관악구 과천대로 909 (남현동)","151-801","홈플러스 서울남현점","2024-03-12 10:28:27","U","2024-03-14 02:40:00","대형마트","198374.473281221","441033.513044892","대규모점포"
"1690","대규모점포","08_25_01_P","3200000","2011320019107500001","2011-08-10","","01","영업/정상","1","정상영업","","","","","02)873-0637","1203","151-836","서울특별시 관악구 봉천동 1567번지 1호","서울특별시 관악구 쑥고개로 111 (봉천동)","151-836","(주)지에스리테일 관악점","2025-04-16 11:00:56","U","2025-04-18 02:40:00","구분없음","195431.465419568","441896.302934956","준대규모점포"
"1691","대규모점포","08_25_01_P","3200000","2011320019107500002","2011-09-01","","01","영업/정상","1","정상영업","","","","","02-2039-8215","529","151-818","서울특별시 관악구 봉천동 1629번지 2호","서울특별시 관악구 봉천로 576 (봉천동)","151-818","(주)지에스리테일 낙성대점","2025-04-16 14:25:38","U","2025-04-18 02:40:00","구분없음","196501.159765837","441640.881044209","준대규모점포"
"1702","대규모점포","08_25_01_P","3040000","2012304015507500002","2012-03-21","","01","영업/정상","1","정상영업","","","","","02-3437-5602","132.23","143-817","서울특별시 광진구 구의2동 49번지 4호","서울특별시 광진구 자양로 293 (구의동)","143-817","롯데 FRESH 아차산점","2023-03-30 15:10:12","U","2023-04-01 02:40:00","구분없음","208075.543534642","449971.642025946","준대규모점포"
"1703","대규모점포","08_25_01_P","3040000","2012304015507500004","2012-03-29","","01","영업/정상","1","정상영업","","","","","02-458-8545","232.07","143-822","서울특별시 광진구 구의3동 212번지 2호","서울특별시 광진구 아차산로 473 (구의동)","143-822","홈플러스익스프레스 구의2점","2022-09-28 15:12:01","U","2022-09-30 02:40:00","구분없음","208261.748825555","448701.658478751","준대규모점포"
"1706","대규모점포","08_25_01_P","3100000","2004310018407500002","2004-06-01","","01","영업/정상","1","정상영업","","","","","930-8546","1089.67","139-860","서울특별시 노원구 중계동 360번지 2호","서울특별시 노원구 중계로 225 (중계동)","139-860","홈플러스(주)익스프레스 중계점","2024-08-06 10:03:05","U","2024-08-08 02:40:00","구분없음","206490.247358174","460830.615360327","준대규모점포"
"1707","대규모점포","08_25_01_P","3070000","2012307018907500007","2012-05-14","","01","영업/정상","1","정상영업","","","","","0236758549","149.49","","서울특별시 성북구 삼선동1가 21","서울특별시 성북구 삼선교로 6 (삼선동1가)","02866","홈플러스익스프레스 삼선점","2025-01-22 18:12:37","U","2025-01-24 02:40:00","그 밖의 대규모점포","200509.660547343","453950.640893998","준대규모점포"
"1708","대규모점포","08_25_01_P","3150000","2012315014507500007","2012-04-10","","01","영업/정상","1","정상영업","","","","","0002-2698-8550","244.6","157-914","서울특별시 강서구 화곡동 970번지 2호","서울특별시 강서구 까치산로 106 (화곡동)","157-914","홈플러스익스프레스 화곡2점","2017-11-16 09:47:16","I","2018-08-31 23:59:59","그 밖의 대규모점포","186614.431263557","449481.253638067","준대규모점포"
"1709","대규모점포","08_25_01_P","3130000","2018313020107500001","2018-08-14","","01","영업/정상","1","정상영업","","","","","02-2179-5021","9747.1","","서울특별시 마포구 동교동 190번지 1호","서울특별시 마포구 양화로 188 (동교동)","04051","AK PLAZA 홍대","2023-04-03 14:56:00","U","2023-04-05 02:40:00","쇼핑센터","193285.549735897","450808.571641119","대규모점포"
"1710","대규모점포","08_25_01_P","6520000","2018652014107500001","2018-08-10","","01","영업/정상","1","정상영업","","","","","797-1053","7537.19","","제주특별자치도 서귀포시 법환동 841번지 2호 이마트서귀포점","제주특별자치도 서귀포시 일주동로 9209, 이마트서귀포점 (법환동)","63572","(주)이마트 서귀포점","2018-09-27 14:39:50","I","2018-08-31 23:59:59","대형마트","154149.891505173","-27413.998305054","대규모점포"
"1713","대규모점포","08_25_01_P","5530000","2020553038907500001","2020-05-08","","01","영업/정상","1","정상영업","","","","","031-320-4298","76978.9","","경기도 화성시 오산동 967-157 동탄역 롯데캐슬","경기도 화성시 동탄역로 160, 동탄역 롯데캐슬 (오산동)","18478","롯데백화점 동탄점","2025-05-22 15:26:59","U","2025-05-24 02:40:00","백화점","208569.642431686","410949.263462028","대규모점포"
"1715","대규모점포","08_25_01_P","5530000","2006553018707500001","2006-01-20","","01","영업/정상","1","정상영업","","","","","031 283 2080","13591.83","","경기도 화성시 병점동 399번지 4호 외2필지","경기도 화성시 경기대로 985 (병점동)","445-360","홈플러스(주) 병점점","2025-06-26 18:07:49","U","2025-06-28 02:40:00","대형마트","203188.196856075","411313.309756104","대규모점포"
"1716","대규모점포","08_25_01_P","5530000","2007553018707500001","2007-12-18","","01","영업/정상","1","정상영업","","","","","02-380-5234","16336.64","445-170","경기도 화성시 석우동 44번지","경기도 화성시 동탄중앙로 376 (석우동)","445-170","(주)이마트동탄점","2024-04-23 09:48:05","U","2024-04-25 02:40:00","대형마트","207005.769592372","412503.434111401","대규모점포"
"1718","대규모점포","08_25_01_P","5530000","2010553021407500001","2021-02-10","","01","영업/정상","1","정상영업","","","","","03180157000","7668.62","445-160","경기도 화성시 반송동 98번지","경기도 화성시 동탄중앙로 200 (반송동)","445-160","홈플러스(주)화성동탄점","2024-03-12 17:36:32","U","2024-03-14 02:40:00","대형마트","206007.25472163","411214.942059565","대규모점포"
"1720","대규모점포","08_25_01_P","5530000","2011553021407500001","2011-02-07","","01","영업/정상","1","정상영업","","","","","031-8059-8722","16403","445-926","경기도 화성시 향남읍 행정리 487번지 1호","경기도 화성시 향남읍 향남로 402","445-926","홈플러스(주) 화성향남점","2024-03-13 11:11:00","U","2024-03-16 02:40:00","대형마트","192983.340400871","403222.825363217","대규모점포"
"1721","대규모점포","08_25_01_P","5530000","2012553023207500001","2012-04-20","","01","영업/정상","1","정상영업","","","","","02-380-9414","10611.17","445-893","경기도 화성시 봉담읍 동화리 133번지 1호 외 25필지","","","이마트 봉담점","2012-04-20 17:50:23","I","2020-08-05 00:23:26","대형마트","","","대규모점포"
"1722","대규모점포","08_25_01_P","5530000","2012553023207500002","2012-04-20","","01","영업/정상","1","정상영업","","","","","031-228-1252","10611.17","","133번지 1호","효행로  278","","(주)이마트 봉담점","2013-01-15 17:38:21","I","2020-08-05 00:23:26","대형마트","","","대규모점포"
"1723","대규모점포","08_25_01_P","5530000","2013553023207500001","2012-04-20","","01","영업/정상","1","정상영업","","","","","0312281234","10611.17","","133번지 1호","효행로  278","","이마트 화성봉담점","2024-04-23 09:49:17","U","2024-04-25 02:40:00","대형마트","","","대규모점포"
"1727","대규모점포","08_25_01_P","5330000","2020533022707500002","2020-04-23","","01","영업/정상","1","정상영업","","","","","055 640 1234","0","","경상남도 통영시 광도면 죽림리 1566번지 2호 이마트통영점","경상남도 통영시 광도면 죽림4로 9, 이마트통영점","53013","(주)이마트 통영점","2020-04-26 19:00:31","I","2020-04-28 00:23:34","쇼핑센터","329522.977138462","155160.704055243","대규모점포"
"1732","대규모점포","08_25_01_P","3550000","20023550127075","2002-04-19","","01","영업/정상","1","정상영업","","","","","032 717 1052","13534","407-063","인천광역시 계양구 작전동 911번지 1호","인천광역시 계양구 봉오대로 785 (작전동)","407-825","(주)이마트 계양점","2020-05-01 11:38:09","I","2020-05-03 00:23:20","대형마트","176674.935225112","447677.795056986","대규모점포"
"1733","대규모점포","08_25_01_P","3550000","200235501270751","2002-04-19","","01","영업/정상","1","정상영업","","","","","032 717 1052","13534","407-063","인천광역시 계양구 작전동 911번지 1호","인천광역시 계양구 봉오대로 785 (작전동)","407-825","(주)이마트 계양점","2020-05-01 12:57:04","I","2020-05-03 00:23:20","대형마트","176674.935225112","447677.795056986","대규모점포"
"1734","대규모점포","08_25_01_P","3550000","200235501270750001","2002-04-19","","01","영업/정상","1","정상영업","","","","","032 717 1052","13534","407-063","인천광역시 계양구 작전동 911번지 1호","인천광역시 계양구 봉오대로 785 (작전동)","407-825","(주)이마트 계양점","2020-05-01 13:24:00","I","2020-05-03 00:23:20","대형마트","176674.935225112","447677.795056986","대규모점포"
"1735","대규모점포","08_25_01_P","4050000","2022405051807500001","2022-03-25","","01","영업/정상","1","정상영업","","","","","","4099.6","","경기도 용인시 처인구 양지면 양지리 112","경기도 용인시 처인구 양지면 죽양대로 2309","17158","세영산업주식회사","2023-01-30 09:54:51","U","2023-02-01 02:40:00","전문점","226267.419758712","414698.939838046","대규모점포"
"1737","대규모점포","08_25_01_P","5130000","2021513018007500001","2021-10-25","","01","영업/정상","1","정상영업","","","","","02-380-5930","662.15","","경상북도 경산시 하양읍 양지리 262","경상북도 경산시 하양읍 서사도리4로 8","38699","(주)이마트에브리데이 경산무학점","2024-07-31 17:28:32","U","2024-08-02 02:40:00","그 밖의 대규모점포","363181.924592778","270283.834577387","준대규모점포"
"1738","대규모점포","08_25_01_P","5540000","2021554025007500001","2021-11-03","","01","영업/정상","1","정상영업","","","","","031-767-8324","11697.53","","경기도 광주시 경안동 447","경기도 광주시 경안로41번길 6(경안동)","12760","광주 금호 리첸시아 센트럴 스퀘어","2023-04-28 09:39:57","U","2023-04-30 02:40:00","그 밖의 대규모점포","222618.188936667","434045.266636268","대규모점포"
"1740","대규모점포","08_25_01_P","3060000","2021306017507500001","2021-11-25","","01","영업/정상","1","정상영업","","","","","02-2290-5704","1150.47","","서울특별시 중랑구 신내동 646 금강리빙스텔","서울특별시 중랑구 신내로 211, 금강리빙스텔 비01호 (신내동)","02024","롯데프레시앤델리 봉화산역점","2024-12-19 13:22:50","U","2024-12-21 02:40:00","그 밖의 대규모점포","208112.860200669","457113.638411288","준대규모점포"
"1741","대규모점포","08_25_01_P","4050000","2021405051807500001","2021-12-02","","01","영업/정상","1","정상영업","","","","","031-335-8808","4106.09","","경기도 용인시 처인구 고림동 599-8","경기도 용인시 처인구 고림로 206(고림동)","17149","정동마트","2023-04-17 13:06:51","U","2023-04-19 02:40:00","대형마트","219741.52429013","416424.828522115","대규모점포"
"1744","대규모점포","08_25_01_P","3830000","2021383028807500003","2021-11-19","","01","영업/정상","1","정상영업","","","","","0313600835","372.98","","경기도 안양시 동안구 관양동 1677","경기도 안양시 동안구 동편로 136, 1층 101호 (관양동)","13928","(주)이마트에브리데이 안양관양점","2024-07-29 13:04:08","U","2024-07-31 02:40:00","구분없음","197012.120870214","434228.188247172","준대규모점포"
"1745","대규모점포","08_25_01_P","3910000","2023391041807500001","2023-03-28","","01","영업/정상","1","정상영업","","","","","031-8065-5947","31268.84","","경기도 평택시 고덕동 2618-3 힐스테이트고덕센트럴","경기도 평택시 고덕국제대로 77 (고덕동, 힐스테이트고덕센트럴)","18018","브리티시 고덕","2024-12-04 10:29:43","U","2024-12-06 02:40:00","그 밖의 대규모점포","203709.243236458","393590.810761107","대규모점포"
"1746","대규모점포","08_25_01_P","3740000","2023374039007500001","2023-02-23","","01","영업/정상","1","정상영업","","","","","02-2006-2678","170","","경기도 수원시 팔달구 매교동 209-14","경기도 수원시 팔달구 인계로 20(매교동)","16469","지에스더프레시(GS THE FRESH) 수원매교역점","2025-05-01 17:04:38","U","2025-05-03 02:40:00","구분없음","201559.53418689","418602.288236093","준대규모점포"
"1747","대규모점포","08_25_01_P","4950000","2022495014307500001","2022-07-25","","01","영업/정상","1","정상영업","","","","","061-876-8008","0","","전라남도 무안군 일로읍 오룡리 97","전라남도 무안군 일로읍 오남로1길 9-3, 101~111호","58581","(주)이마트에브리데이 무안오룡점","2023-03-13 17:02:31","I","2023-03-15 00:41:18","구분없음","152708.510181542","145282.092944752","준대규모점포"
"1749","대규모점포","08_25_01_P","3050000","2023305021007500002","2023-03-14","","01","영업/정상","1","정상영업","","","","","02-2006-2364","307.23","","서울특별시 동대문구 장안동 310-8 희헌빌딩","서울특별시 동대문구 장한로28가길 45, 희헌빌딩 (장안동)","02523","GS THE FRESH 동대문장안점","2025-04-14 18:21:53","U","2025-04-16 02:40:00","구분없음","206341.538776724","452530.018811546","준대규모점포"
"1750","대규모점포","08_25_01_P","3940000","2023394038807500001","2023-03-29","","01","영업/정상","1","정상영업","","","","","031-994-0274","643.63","","경기도 고양시 덕양구 성사동 726","경기도 고양시 덕양구 고양대로1384번길 6, 지하층 1~3호 (성사동)","10468","(주)이마트에브리데이 신원당점","2024-07-19 15:55:53","U","2024-07-21 02:40:00","구분없음","185439.519310023","461265.376605749","준대규모점포"
"1751","대규모점포","08_25_01_P","3230000","2023323029107500002","2023-02-27","","01","영업/정상","1","정상영업","","","","","02-2006-2747","444.37","","서울특별시 송파구 문정동 618 파크하비오","서울특별시 송파구 송파대로 111, 하비오길동 제1층 호텔로 202동 (문정동, 파크하비오)","05837","GS THE FRESH 송파하비오점","2025-05-08 11:20:10","U","2025-05-10 02:40:00","구분없음","210868.397496689","442053.227933005","준대규모점포"
"1753","대규모점포","08_25_01_P","3510500","2024351057907500006","2024-03-04","","01","영업/정상","1","정상영업","","","","","","15498","","인천광역시 미추홀구 학익동 720-16 홈플러스","인천광역시 미추홀구 소성로 6, 홈플러스 (학익동)","22201","홈플러스 (주) 인하점","2025-01-13 17:08:25","U","2025-01-15 02:40:00","대형마트","169028.062637712","438450.444079289","대규모점포"
"1754","대규모점포","08_25_01_P","3510500","2024351057907500007","2024-03-04","","01","영업/정상","1","정상영업","","","","","032-719-2020","19460.55","","인천광역시 미추홀구 숭의동 180-6","인천광역시 미추홀구 석정로 51, 홈플러스 (숭의동)","22160","홈플러스 인천 숭의점","2024-03-04 11:14:32","I","2024-03-06 00:15:38","대형마트","","","대규모점포"
"1755","대규모점포","08_25_01_P","3530000","2024353017907500001","2024-03-04","","01","영업/정상","1","정상영업","","","","","02-380-9843","661.15","","인천광역시 남동구 구월동 1549","","","노브랜드 트레이더스 구월점","2024-04-29 13:04:42","U","2024-05-01 02:40:00","구분없음","174074.002286488","437545.395950524","준대규모점포"
"1757","대규모점포","08_25_01_P","3300000","2024330011007500001","2024-02-05","","01","영업/정상","1","정상영업","","","","","051-531-3663","214.87","","부산광역시 동래구 안락동 471-99","부산광역시 동래구 명장로127번길 6 (안락동)","47770","GS THE FRESH 동래안락점","2025-05-02 17:38:03","U","2025-05-04 02:40:00","구분없음","392347.318042647","191031.83071431","준대규모점포"
"1758","대규모점포","08_25_01_P","3420000","2024342020707500001","2024-02-06","","01","영업/정상","1","정상영업","","","","","080-345-7700","186.1","","대구광역시 동구 신천동 353-1","대구광역시 동구 화랑로 33, 301동 113호~117호 (신천동)","41252","GS THE FRESH 대구화랑로점","2025-04-11 09:27:19","U","2025-04-13 02:40:00","대형마트","347242.984723099","264478.808435214","준대규모점포"
"1759","대규모점포","08_25_01_P","5670000","2024567074607500002","2024-03-04","","01","영업/정상","1","정상영업","","","","","055-540-8122","12780","","경상남도 창원시 진해구 이동 536-10 홈플러스진해점","경상남도 창원시 진해구 충장로 356, 홈플러스진해점 (이동)","51687","홈플러스 진해점","2024-03-04 18:30:11","I","2024-03-06 00:15:38","대형마트","354027.572779734","185091.047013466","대규모점포"
"1760","대규모점포","08_25_01_P","5670000","2024567074607500003","2024-03-04","","01","영업/정상","1","정상영업","","","","","055-259-8120","27684.74","","경상남도 창원시 마산회원구 양덕동 151-1 삼성홈플러스","경상남도 창원시 마산회원구 삼호로 56, 삼성홈플러스 (양덕동)","51320","홈플러스 마산점","2024-03-04 18:22:34","I","2024-03-06 00:15:38","대형마트","344300.256802514","192639.515073523","대규모점포"
"1761","대규모점포","08_25_01_P","3510500","2024351057907500004","2024-01-22","","01","영업/정상","1","정상영업","","","","","032-888-7314","226.98","","인천광역시 미추홀구 용현동 0 자이타워","인천광역시 미추홀구 독배로 383, 자이타워 (용현동)","22184","GS THE FRESH 용현자이점","2025-04-22 09:31:02","U","2025-04-24 02:40:00","그 밖의 대규모점포","","","준대규모점포"
"1763","대규모점포","08_25_01_P","5670000","2024567074607500001","2024-03-04","","01","영업/정상","1","정상영업","","","","","055-270-8124","30100","","경상남도 창원시 의창구 팔용동 30-3 삼성홈플러스","경상남도 창원시 의창구 창원대로 415, 삼성홈플러스 (팔용동)","51393","홈플러스 창원점","2024-03-04 18:19:11","I","2024-03-06 00:15:38","대형마트","349554.531300316","193997.823602934","대규모점포"
"1765","대규모점포","08_25_01_P","3200000","2024320022507500001","2024-01-30","","01","영업/정상","1","정상영업","","","","","02-882-4458","162.48","","서울특별시 관악구 봉천동 952-1","서울특별시 관악구 국회단지길 7, 1층 (봉천동)","08717","GS THE FRESH 관악은천점","2025-06-26 09:36:17","U","2025-06-28 02:40:00","구분없음","194553.838438621","442719.413175605","준대규모점포"
"1769","대규모점포","08_25_01_P","3510500","2024351057907500005","2024-02-26","","01","영업/정상","1","정상영업","","","","","032-459-6002","34492","","인천광역시 미추홀구 주안동 0 포레나 미추홀","인천광역시 미추홀구 경인로 372 (주안동, 포레나 미추홀)","22148","아인애비뉴 메디&라이프 복합몰","2024-12-19 11:36:58","U","2024-12-21 02:40:00","그 밖의 대규모점포","","","대규모점포"
"1770","대규모점포","08_25_01_P","3940000","2024394044407500001","2024-01-17","","01","영업/정상","1","정상영업","","","","","031-971-0244","337.19","","경기도 고양시 덕양구 행신동 616-1 양일빌딩","경기도 고양시 덕양구 행신로 151, 1층 (행신동, 양일빌딩)","10517","GS THE FRESH 행신사거리점","2025-04-23 10:59:53","U","2025-04-25 02:40:00","구분없음","185099.284190187","457469.600901344","준대규모점포"
"1771","대규모점포","08_25_01_P","4711000","2024471101507500001","2024-03-07","","01","영업/정상","1","정상영업","","","","","063-540-8230","13766.59","","전북특별자치도 김제시 검산동 838","전북특별자치도 김제시 금성로 114 (검산동)","54399","홈플러스(주) 김제점","2024-03-07 15:37:26","I","2024-03-09 00:15:37","대형마트","191146.883710671","255517.370352134","대규모점포"
"1773","대규모점포","08_25_01_P","3630000","2005363012107500001","2005-04-01","","01","영업/정상","1","정상영업","","","","","062-949-1051","9342","506-813","광주광역시 광산구 우산동 1598번지 3호","광주광역시 광산구 사암로 172 (우산동)","506-813","주식회사 이마트 광산점","2024-04-23 11:17:44","U","2024-04-25 02:40:00","대형마트","182489.563842998","184569.695359578","대규모점포"
"1774","대규모점포","08_25_01_P","3630000","2007363008007500001","2007-11-09","","01","영업/정상","1","정상영업","","","","","062-616-8000","9993","506-250","광주광역시 광산구 하남동 하남2지구 택지개발사업지구 3-1블록","광주광역시 광산구 용아로 390 (하남동)","506-250","삼성테스코(주) 홈플러스 광주하남점","2011-10-30 14:18:47","I","2018-08-31 23:59:59","그 밖의 대규모점포","182200.812320705","186547.650146985","대규모점포"
"1775","대규모점포","08_25_01_P","3630000","2007363008007500002","2007-11-14","","01","영업/정상","1","정상영업","","","","","062 616 8125","9993","506-250","광주광역시 광산구 하남동 831번지","광주광역시 광산구 용아로 390 (하남동)","506-250","삼성테스코(주)홈플러스 광주하남점","2011-10-30 14:16:35","I","2018-08-31 23:59:59","그 밖의 대규모점포","182200.812320705","186547.650146985","대규모점포"
"1776","대규모점포","08_25_01_P","3630000","2009363008007500002","2009-09-22","","01","영업/정상","1","정상영업","","","","","062-975-2522","8499","506-251","광주광역시 광산구 장덕동 1678번지 1호","광주광역시 광산구 장신로 98 (장덕동)","506-859","롯데쇼핑(주) 롯데마트 수완점","2025-05-07 11:03:19","U","2025-05-09 02:40:00","대형마트","183530.641093884","187845.528746071","대규모점포"
"1779","대규모점포","08_25_01_P","3590000","2000359001107500304","1998-03-13","","01","영업/정상","1","정상영업","","","","","062-221-0313","38394.6","","광주광역시 동구 대인동 호 71의1 외2필지","광주광역시 동구 독립로 268 (대인동)","501-811","롯데백화점 광주점","2025-04-30 15:52:06","U","2025-05-02 02:40:00","백화점","191913.038277945","183968.019861937","대규모점포"
"1780","대규모점포","08_25_01_P","3590000","2001359001107500001","2001-10-10","","01","영업/정상","1","정상영업","","","","","062-718-9331","18487","","광주광역시 동구 충장로4가 29번지 2호 외3필지","광주광역시 동구 중앙로 163 (충장로4가)","501-725","NC WAVE 충장점","2024-11-28 10:49:07","U","2024-11-30 02:40:00","쇼핑센터","192005.763977005","183296.861295777","대규모점포"
"1781","대규모점포","08_25_01_P","3590000","2007359006007500001","2007-12-06","","01","영업/정상","1","정상영업","","","","","511-0277","11182","501-080","광주광역시 동구 계림동 505번지 900호","광주광역시 동구 무등로 314 (계림동)","501-081","삼성테스코(주) 홈플러스 계림점","2013-05-24 13:48:19","I","2018-08-31 23:59:59","대형마트","192333.816487533","184703.518867664","대규모점포"
"1782","대규모점포","08_25_01_P","3590000","2008359006007500001","2008-02-14","","01","영업/정상","1","정상영업","","","","","062-222-0600","3916.73","501-014","광주광역시 동구 충장로4가 14번지","","","알파와오메가(주)","2013-12-31 09:38:14","I","2018-08-31 23:59:59","쇼핑센터","192137.42359477","183426.517448351","대규모점포"
"1783","대규모점포","08_25_01_P","3590000","2010359008107500001","2010-04-05","","01","영업/정상","1","정상영업","","","","","519-1050","6100","501-081","광주광역시 동구 계림1동 100번지 11호","광주광역시 동구 중앙로 358 (계림동)","501-081","(주)이마트 동광주점","2014-10-10 15:10:54","I","2018-08-31 23:59:59","그 밖의 대규모점포","192659.77458798","184961.882216707","준대규모점포"
"1784","대규모점포","08_25_01_P","3590000","1984359008107500001","1984-06-15","","01","영업/정상","1","정상영업","","","","","031-705-3332","8334.32","","광주광역시 동구 충장로3가 24","광주광역시 동구 충장로 72 (충장로3가)","61483","더보이저 광주","2023-05-15 08:36:59","U","2023-05-17 02:40:00","쇼핑센터","192195.476988591","183258.272322312","대규모점포"
"1785","대규모점포","08_25_01_P","3590000","1998359001107500001","1998-07-15","","01","영업/정상","1","정상영업","","","","","062 5191234","0","","광주광역시 동구 계림동 100번지 11호","광주광역시 동구 중앙로 358 (계림동)","","(주)신세계이마트동광주점","2010-03-24 15:30:31","I","2018-08-31 23:59:59","그 밖의 대규모점포","192659.77458798","184961.882216707",""
"1793","대규모점포","08_25_01_P","3590000","2000359001107500010","1995-11-18","","01","영업/정상","1","정상영업","","","","","062 2340411","0","","광주광역시 동구 충장로4가 53호","광주광역시 동구 충장로46번길 3 (충장로4가)","501-014","현대코아","2011-11-21 20:36:42","I","2018-08-31 23:59:59","그 밖의 대규모점포","192018.138618295","183425.902011735","준대규모점포"
"1795","대규모점포","08_25_01_P","3590000","2000359001107500012","1996-09-09","","01","영업/정상","1","정상영업","","","","","062 2318501","0","","광주광역시 동구 계림동 386번지 20호","광주광역시 동구 중앙로 239 (계림동)","501-081","대림테크노랜드","2011-11-21 20:34:57","I","2018-08-31 23:59:59","그 밖의 대규모점포","192566.737504643","183839.644910603","준대규모점포"
"1797","대규모점포","08_25_01_P","3330000","2002333001507500001","2002-05-17","","01","영업/정상","1","정상영업","","","","","051 7091710","","","부산광역시 해운대구 좌동 1467번지 2호","부산광역시 해운대구 해운대로 799 (좌동)","","시티코아","2007-07-07 10:11:47","I","2018-08-31 23:59:59","그 밖의 대규모점포","398179.9667568","187816.286955829",""
"1807","대규모점포","08_25_01_P","3290000","2000329000107500031","1995-12-05","","01","영업/정상","1","정상영업","","","","","051 8102500","101059","","부산광역시 부산진구 부전동 535-15호","부산광역시 부산진구 가야대로 772 (부전동)","614-732","롯데백화점부산점","2025-05-13 13:08:25","U","2025-05-15 02:40:00","백화점","387271.299492377","186099.137533193","대규모점포"
"1808","대규모점포","08_25_01_P","3290000","2000329000107500038","2000-02-24","","01","영업/정상","1","정상영업","","","","","051 804 0245","65648","","부산광역시 부산진구 부전동 450호","부산광역시 부산진구 신천대로 122 (부전동)","614-730","(주)네오스포","2018-07-17 15:34:15","I","2018-08-31 23:59:59","그 밖의 대규모점포","387101.414314415","185755.075318015","대규모점포"
"1809","대규모점포","08_25_01_P","3290000","2000329000107500039","2000-03-15","","01","영업/정상","1","정상영업","","","","","051 8182588","25577.86","","부산광역시 부산진구 전포동 892-20호","부산광역시 부산진구 동천로 4 (전포동)","614-773","지오플레이스","2018-10-05 11:27:29","U","2018-10-07 02:37:31","그 밖의 대규모점포","388011.197829908","185310.70532509","대규모점포"
"1813","대규모점포","08_25_01_P","3330000","2012333010307500009","2012-04-17","","01","영업/정상","1","정상영업","","","","","051-715-2517","869.69","612-811","부산광역시 해운대구 반여1동 1199번지 21호","부산광역시 해운대구 선수촌로 65-7 (반여동)","612-811","(주)이마트에브리데이 부산반여점","2024-08-09 15:07:15","U","2024-08-11 02:40:00","구분없음","392860.517537274","190969.242928782","준대규모점포"
"1829","대규모점포","08_25_01_P","3330000","2006333001507500001","2006-01-24","","01","영업/정상","1","정상영업","","","","","051323 0456","21774.4","","부산광역시 해운대구 좌동 1467번지 0004호","부산광역시 해운대구 해운대로 813 (좌동)","612-836","이랜드 리테일 해운대점","2024-12-04 10:11:38","U","2024-12-06 02:40:00","백화점","398269.05154158","187874.778091232","대규모점포"
"1830","대규모점포","08_25_01_P","3330000","2007333008207500002","2007-10-31","","01","영업/정상","1","정상영업","","","","","027712500","0","612-770","부산광역시 해운대구 우동 1496번지","부산광역시 해운대구 센텀남대로 59 (우동)","","롯데쇼핑주식회사","2007-10-31 16:37:23","I","2018-08-31 23:59:59","백화점","394083.501537578","187707.586117775",""
"1831","대규모점포","08_25_01_P","3330000","2007333008207500003","2007-12-12","","01","영업/정상","1","정상영업","","","","","051 709 8123","17827","612-022","부산광역시 해운대구 우2동 1499번지","부산광역시 해운대구 센텀동로 6 (우동)","","홈플러스 센텀시티점","2024-03-05 16:17:10","U","2024-03-07 02:40:00","대형마트","394314.881157365","187833.00164775","대규모점포"
"1832","대규모점포","08_25_01_P","3330000","2008333008207500001","2008-06-18","","01","영업/정상","1","정상영업","","","","","051 730 2500","43777.66","612-022","부산광역시 해운대구 우동 1496번지","부산광역시 해운대구 센텀남대로 59 (우동)","612-020","롯데백화점 센텀시티점","2014-09-18 16:29:06","I","2018-08-31 23:59:59","백화점","394083.501537578","187707.586117775","대규모점포"
"1833","대규모점포","08_25_01_P","3330000","2010333010307500001","2010-03-02","","01","영업/정상","1","정상영업","","","","","051)743-0181","0","612-011","부산광역시 해운대구 중1동 1411번지 1호","부산광역시 해운대구 해운대해변로 296 (중동)","","(주)파라다이스면세점","2010-03-02 11:57:15","I","2018-08-31 23:59:59","그 밖의 대규모점포","397114.551436907","186672.768207318",""
"1834","대규모점포","08_25_01_P","3330000","2010333010307500002","2009-02-28","","01","영업/정상","1","정상영업","","","","","1688-1234","139892","612-892","부산광역시 해운대구 우2동 1495번지","부산광역시 해운대구 센텀남대로 35 (우동)","","(주)신세계 센텀시티점","2024-04-24 14:40:32","U","2024-04-26 02:40:00","백화점","393952.264486105","187602.933160728","대규모점포"
"1835","대규모점포","08_25_01_P","3330000","2010333010307500003","2010-04-14","","01","영업/정상","1","정상영업","","","","","051 608 1053","11193","612-011","부산광역시 해운대구 중1동 1767번지","부산광역시 해운대구 좌동순환로 511 (중동)","","(주)이마트 해운대점","2024-04-24 14:31:09","U","2024-04-26 02:40:00","대형마트","397397.832766508","187354.835259297","대규모점포"
"1837","대규모점포","08_25_01_P","3330000","2012333010307500011","2012-05-29","","01","영업/정상","1","정상영업","","","","","051-741-5602","253.6","612-852","부산광역시 해운대구 좌3동 1270번지 6호","부산광역시 해운대구 좌동순환로 70 (좌동)","612-852","롯데슈퍼 좌동점","2014-09-18 16:54:13","I","2018-08-31 23:59:59","대형마트","397380.689843168","188076.095488517","준대규모점포"
"1838","대규모점포","08_25_01_P","3330000","2011333010307500004","2011-09-19","","01","영업/정상","1","정상영업","","","","","051 702 5603","299.2","612-031","부산광역시 해운대구 좌1동 1289번지 4호","부산광역시 해운대구 좌동순환로 178 (좌동)","612-837","롯데슈퍼 좌1동점","2014-09-18 16:55:30","I","2018-08-31 23:59:59","대형마트","398114.725350373","188646.73136878","준대규모점포"
"1839","대규모점포","08_25_01_P","3330000","2011333010307500005","2011-09-19","","01","영업/정상","1","정상영업","","","","","051 703 5602","1259.5","612-031","부산광역시 해운대구 좌1동 1467번지 2호","부산광역시 해운대구 해운대로 799 (좌동)","612-836","롯데슈퍼 해운대점","2014-09-18 16:52:27","I","2018-08-31 23:59:59","대형마트","398179.9667568","187816.286955829","준대규모점포"
"1842","대규모점포","08_25_01_P","3330000","2012333010307500001","2012-03-16","","01","영업/정상","1","정상영업","","","","","051 5098124","10277","612-815","부산광역시 해운대구 반여1동 1406번지 1호","부산광역시 해운대구 선수촌로21번길 37 (반여동)","612-815","홈플러스(주) 부산반여점","2024-03-06 14:38:44","U","2024-03-08 02:40:00","대형마트","392614.443269229","190638.920919108","대규모점포"
"1843","대규모점포","08_25_01_P","3330000","2012333010307500002","2012-03-21","","01","영업/정상","1","정상영업","","","","","051-747-7623","17471","612-824","부산광역시 해운대구 우1동 1407번지 해운대두산위브제니스","부산광역시 해운대구 마린시티2로 33 (우동, 해운대두산위브제니스)","612-824","제니스 스퀘어","2019-01-30 11:29:29","U","2019-02-01 02:40:00","그 밖의 대규모점포","395388.715069604","186268.853282623","대규모점포"
"1845","대규모점포","08_25_01_P","3330000","2012333010307500004","2012-04-09","","01","영업/정상","1","정상영업","","","","","051-701-8545","202","612-842","부산광역시 해운대구 좌2동 1485번지 5호","부산광역시 해운대구 세실로 33, 1층 (좌동)","612-842","홈플러스 익스프레스 좌동2점","2024-03-20 11:08:32","U","2024-03-22 02:40:00","구분없음","398449.974768463","187599.341906768","준대규모점포"
"1846","대규모점포","08_25_01_P","3330000","2012333010307500005","2012-04-09","","01","영업/정상","1","정상영업","","","","","051-747-8365","190.1","612-852","부산광역시 해운대구 좌3동 1270번지 2호 건우빌딩 1층","부산광역시 해운대구 좌동순환로 78, 1층 (좌동, 건우빌딩)","612-852","홈플러스 익스프레스 좌동점","2024-03-20 11:07:04","U","2024-03-22 02:40:00","구분없음","397398.305792118","188158.604800015","준대규모점포"
"1847","대규모점포","08_25_01_P","3330000","2012333010307500006","2012-04-09","","01","영업/정상","1","정상영업","","","","","051-702-8540","209.55","612-843","부산광역시 해운대구 좌2동 1443번지 3호","부산광역시 해운대구 좌동순환로 303 (좌동)","612-843","홈플러스 익스프레스 부산좌산점","2024-03-20 11:08:04","U","2024-03-22 02:40:00","구분없음","398838.119963398","187718.900138076","준대규모점포"
"1849","대규모점포","08_25_01_P","3290000","2006329001307500010","1998-12-15","","01","영업/정상","1","정상영업","","","","","0516393800","15286","614-826","부산광역시 부산진구 범천동 839번지 48호","부산광역시 부산진구 자유평화로 11 (범천동)","614-826","(주)더블유웨딩시티누리엔","2025-04-11 10:33:47","U","2025-04-13 02:40:00","쇼핑센터","387778.879751482","184455.754008589","대규모점포"
"1859","대규모점포","08_25_01_P","3290000","2011329008507500002","2011-04-22","","01","영업/정상","1","정상영업","","","","","051-608-2500","15674.78","614-091","부산광역시 부산진구 부암1동 257번지","부산광역시 부산진구 신천대로 241 (부암동)","614-837","롯데쇼핑(주) 롯데키즈마트 부산점","2025-05-12 09:24:03","U","2025-05-14 02:40:00","대형마트","386646.262710145","186822.941472238","대규모점포"
"1860","대규모점포","08_25_01_P","3290000","2011329008507500004","2011-07-26","","01","영업/정상","1","정상영업","","","","","051 895 5161","1203","614-080","부산광역시 부산진구 초읍동 275번지 4호","부산광역시 부산진구 새싹로 244, 1~2층 (초읍동)","614-080","(주)지에스리테일 초읍점","2025-04-14 10:09:53","U","2025-04-16 02:40:00","구분없음","386532.400526395","188444.325227743","준대규모점포"
"1861","대규모점포","08_25_01_P","3290000","2011329008507500005","2011-07-26","","01","영업/정상","1","정상영업","","","","","051 895 5161","580.3","614-810","부산광역시 부산진구 개금3동 53번지 3호 지하 1층","부산광역시 부산진구 백양관문로 3 (개금동)","614-810","(주)지에스리테일 개금점","2025-04-14 10:11:02","U","2025-04-16 02:40:00","구분없음","385002.870304631","186361.24583842","준대규모점포"
"1863","대규모점포","08_25_01_P","3290000","2011329008507500007","2011-07-26","","01","영업/정상","1","정상영업","","","","","051 806 8547","357.35","614-042","부산광역시 부산진구 전포2동 876번지 4호","부산광역시 부산진구 중앙대로 786 (전포동)","614-870","홈플러스(주)익스프레스 부전점","2024-03-25 09:10:27","U","2024-03-27 02:40:00","구분없음","387908.119183991","186683.255444045","준대규모점포"
"1866","대규모점포","08_25_01_P","3330000","2017333013207500002","2017-04-17","","01","영업/정상","1","정상영업","","","","","741-5602","253.6","612-031","부산광역시 해운대구 좌동 1270번지 6호","부산광역시 해운대구 좌동순환로 70 (좌동)","612-031","롯데수퍼 좌동점","2017-04-18 11:14:42","I","2018-08-31 23:59:59","그 밖의 대규모점포","397380.689843168","188076.095488517","준대규모점포"
"1867","대규모점포","08_25_01_P","3330000","2017333013207500003","2017-04-17","","01","영업/정상","1","정상영업","","","","","702-5603","299.21","612-031","부산광역시 해운대구 좌동 1289번지 4호","부산광역시 해운대구 좌동순환로 178 (좌동)","612-031","롯데슈퍼 좌1동점","2017-04-18 11:15:59","I","2018-08-31 23:59:59","그 밖의 대규모점포","398114.725350373","188646.73136878","준대규모점포"
"1868","대규모점포","08_25_01_P","3330000","2017333013207500004","2017-04-17","","01","영업/정상","1","정상영업","","","","","703-5602","1259.5","612-031","부산광역시 해운대구 좌동 1467번지 2호","부산광역시 해운대구 해운대로 799-0 (좌동)","612-031","롯데슈퍼 해운대점","2017-04-18 11:16:27","I","2018-08-31 23:59:59","그 밖의 대규모점포","398179.9667568","187816.286955829","준대규모점포"
"1869","대규모점포","08_25_01_P","3330000","2017333013207500008","2007-10-31","","01","영업/정상","1","정상영업","","","","","051-730-2212","43777.66","612-022","부산광역시 해운대구 우동 1496번지","부산광역시 해운대구 센텀남대로 59-0 (우동)","612-022","롯데백화점 센텀시티점","2025-05-20 16:57:43","U","2025-05-22 02:40:00","백화점","394083.501537578","187707.586117775","대규모점포"
"1876","대규모점포","08_25_01_P","3290000","2005329001307500002","2005-04-27","","01","영업/정상","1","정상영업","","","","2006-10-13","051-718-1052","11498.58","","부산광역시 부산진구 부암동 93호","부산광역시 부산진구 시민공원로 31 (부암동)","614-836","트레이더스 홀세일 클럽 서면점","2024-04-16 10:10:43","U","2024-04-18 02:40:00","대형마트","386948.954199558","186897.053699125","대규모점포"
"1887","대규모점포","08_25_01_P","5370000","2011537016507500003","2011-07-26","","01","영업/정상","1","정상영업","","","","","055-736-5070","2167","","","경상남도 거제시 옥포대첩로 62 (옥포동, 영남실업㈜)","53229","(주)지에스리테일거제옥포점","2023-02-09 09:42:54","U","2023-05-26 08:48:36","구분없음","354809.000928396","156307.929239522","준대규모점포"
"1888","대규모점포","08_25_01_P","5360000","2009536008207500001","2006-07-10","","01","영업/정상","1","정상영업","","","","","055 359 8121","8136.4","627-802","경상남도 밀양시 내이동 1403번지 11호","경상남도 밀양시 점필재로 45 (내이동)","627-802","홈플러스(주) 밀양점","2024-02-27 17:39:10","U","2024-02-29 02:40:00","대형마트","357864.797458156","222457.808113413","대규모점포"
"1889","대규모점포","08_25_01_P","5370000","2011537016507500002","2011-07-26","","01","영업/정상","1","정상영업","","","","2010-04-10","055-736-5001","1128","656-304","경상남도 거제시 고현동 970번지 10호","경상남도 거제시 서문로 51 (고현동)","","(주)지에스리테일거제신현점","2025-04-10 10:41:32","U","2025-04-12 02:40:00","구분없음","348155.835262682","155727.366439313","준대규모점포"
"1896","대규모점포","08_25_01_P","5370000","2006537001007500001","2006-09-19","","01","영업/정상","1","정상영업","","","","","055-686-8100","7936","656-928","경상남도 거제시 장평동 1211번지 외 1","경상남도 거제시 장평로 12 (장평동)","656-305","홈플러스거제점","2024-02-26 09:32:12","U","2024-02-28 02:40:00","대형마트","347704.205856611","155893.001589544","대규모점포"
"1897","대규모점포","08_25_01_P","5370000","2008537011107500001","2008-03-31","","01","영업/정상","1","정상영업","","","","","680-0001","41597.88","656-305","경상남도 거제시 장평동 1211번지","경상남도 거제시 장평로 12 (장평동)","656-305","디큐브거제백화점","2017-02-01 16:21:14","I","2018-08-31 23:59:59","백화점","347704.205856611","155893.001589544","대규모점포"
"1899","대규모점포","08_25_01_P","5370000","2012537016507500002","2012-03-29","","01","영업/정상","1","정상영업","","","","","055 636 8551","283.47","656-300","경상남도 거제시 상동동 34번지","경상남도 거제시 상동1길 15-3 (상동동)","656-300","홈플러스(주)익스프레스 거제상동점","2024-03-20 09:45:13","U","2024-03-22 02:40:00","구분없음","349907.467655471","152962.824753176","준대규모점포"
"1900","대규모점포","08_25_01_P","5370000","2012537016507500003","2012-03-29","","01","영업/정상","1","정상영업","","","","","055-633-8548","237.9","656-304","경상남도 거제시 고현동 988번지 32호","경상남도 거제시 중곡로 35 (고현동)","656-304","홈플러스(주)익스프레스 거제고현점","2024-03-20 09:43:09","U","2024-03-22 02:40:00","구분없음","348904.411249269","156456.627400832","준대규모점포"
"1901","대규모점포","08_25_01_P","5370000","2015537016507500001","2015-01-21","","01","영업/정상","1","정상영업","","","","","055-680-5801","10876.03","","경상남도 거제시 옥포동 443번지 옥포아파트","경상남도 거제시 서간도길 9-9 (옥포동, 거제엘크루랜드마크,롯데마트)","53227","롯데쇼핑(주) 롯데마트 거제점","2025-05-07 11:58:09","U","2025-05-09 02:40:00","대형마트","354141.686293625","155958.799201757","대규모점포"
"1903","대규모점포","08_25_01_P","3520000","2004352004707500001","2004-05-06","","01","영업/정상","1","정상영업","","","","","032 8156114","634","","인천광역시 연수구 동춘동 932호","","","롯데슈퍼연수점","2017-04-19 11:20:08","I","2018-08-31 23:59:59","구분없음","170938.652786429","433755.427480694","준대규모점포"
"1904","대규모점포","08_25_01_P","3520000","2005352004707500001","2005-04-15","","01","영업/정상","1","정상영업","","","","","032820 1052","18016","","인천광역시 연수구 동춘동 926번지 9호","인천광역시 연수구 경원대로 184 (동춘동)","406-827","이마트 연수점","2024-04-18 10:30:43","U","2024-04-20 02:40:00","대형마트","171698.988312684","433623.667155133","대규모점포"
"1908","대규모점포","08_25_01_P","3520000","2011352006807500001","2011-05-30","","01","영업/정상","1","정상영업","","","","","0324308123","27543","406-827","인천광역시 연수구 동춘3동 926번지","인천광역시 연수구 청능대로 210 (동춘동)","","홈플러스 인천연수점","2024-02-29 12:16:31","U","2024-03-02 02:40:00","대형마트","171926.076708191","433811.136423145","대규모점포"
"1909","대규모점포","08_25_01_P","3520000","2012352006807500001","2003-05-16","","01","영업/정상","1","정상영업","","","","","0328102500","9196.74","406-120","인천광역시 연수구 청학동 502번지 4호","인천광역시 연수구 청능대로 87 (청학동)","406-828","롯데마트연수점","2012-04-30 13:55:55","I","2018-08-31 23:59:59","대형마트","171173.885129435","434824.628551534","대규모점포"
"1910","대규모점포","08_25_01_P","3520000","2012352006807500002","2012-04-30","","01","영업/정상","1","정상영업","","","","","0328155601","162","406-111","인천광역시 연수구 연수1동 568번지","인천광역시 연수구 새말로 70 (연수동)","406-111","롯데마켓999 연수1동점","2012-04-30 13:55:22","I","2018-08-31 23:59:59","","171392.537370186","435325.772980459","준대규모점포"
"1911","대규모점포","08_25_01_P","3520000","2012352006807500003","2012-04-30","","01","영업/정상","1","정상영업","","","","","0328102500","9196.74","406-120","인천광역시 연수구 청학동 502번지 4호","인천광역시 연수구 청능대로 87 (청학동)","406-831","롯데마트연수점","2022-04-28 16:20:13","U","2022-04-30 02:40:00","대형마트","171173.885129435","434824.628551534","대규모점포"
"1912","대규모점포","08_25_01_P","3520000","2012352006807500004","2012-04-30","","01","영업/정상","1","정상영업","","","","","0328155601","162","406-111","인천광역시 연수구 연수1동 568번지","인천광역시 연수구 새말로 70 (연수동)","406-814","롯데마켓999 연수1동점","2012-05-01 10:09:18","I","2018-08-31 23:59:59","","171392.537370186","435325.772980459","준대규모점포"
"1914","대규모점포","08_25_01_P","3520000","2013352010507500002","2013-12-02","","01","영업/정상","1","정상영업","","","","","032-222-2523","10874","406-081","인천광역시 연수구 송도1동 6번지 11호","인천광역시 연수구 컨벤시아대로 177 (송도동)","406-840","롯데쇼핑(주) 롯데마트 송도점","2022-04-28 16:21:10","U","2022-04-30 02:40:00","대형마트","168348.646973511","431855.205739156","대규모점포"
"1915","대규모점포","08_25_01_P","3520000","2014352010507500001","2014-06-27","","01","영업/정상","1","정상영업","","","","","02-3459-1720","29337","406-081","인천광역시 연수구 송도동 168번지 3호","인천광역시 연수구 송도국제대로 165-0 (송도동)","406-081","홈플러스 인천송도점","2024-02-29 12:14:10","U","2024-03-02 02:40:00","쇼핑센터","169499.618663809","430950.250482797","대규모점포"
"1917","대규모점포","08_25_01_P","3520000","2016352012507500001","2016-01-13","","01","영업/정상","1","정상영업","","","","","02-2630-2784","13875.64","","인천광역시 연수구 송도동 98번지","","","코스트코 홀세일 송도점","2017-03-07 16:45:21","I","2018-08-31 23:59:59","대형마트","167456.668495982","432023.341827917","대규모점포"
"1918","대규모점포","08_25_01_P","3520000","2017352012507500001","2017-03-13","","01","영업/정상","1","정상영업","","","","","032-260-1291","73019.58","406-082","인천광역시 연수구 송도동 170번지 1호","인천광역시 연수구 송도과학로16번길 33-1 (송도동)","406-082","트리플 스트리트","2022-02-17 09:36:08","U","2022-02-19 02:40:00","쇼핑센터","169744.688401816","431034.673654182","대규모점포"
"1919","대규모점포","08_25_01_P","3920000","2009392005707500001","2009-10-15","","01","영업/정상","1","정상영업","","","","","0318302521","8798.06","483-010","경기도 동두천시 송내동 551번지","경기도 동두천시 평화로2169번길 21 (송내동)","483-010","롯데쇼핑(주) 롯데마트 동두천점","2025-06-10 16:41:15","U","2025-06-12 02:40:00","대형마트","204589.217640042","486451.318446758","대규모점포"
"1925","대규모점포","08_25_01_P","3980000","2010398007807500001","2010-05-07","","01","영업/정상","1","정상영업","","","","","550-7114","30010.78","471-010","경기도 구리시 인창동 677번지  롯데스퀘어(주)구리점","경기도 구리시 경춘로 261 (인창동)","471-712","롯데쇼핑(주) 구리점","2017-04-27 10:55:00","I","2018-08-31 23:59:59","백화점","212647.021160325","455616.655198478","대규모점포"
"1926","대규모점포","08_25_01_P","3980000","2012398010807500004","2012-05-22","","01","영업/정상","1","정상영업","","","","","031-569-5602","592.2","","","경기도 구리시 장자대로37번길 55 (교문동)","471-706","롯데슈퍼 교문점","2025-05-01 12:32:25","U","2025-05-03 02:40:00","그 밖의 대규모점포","211732.000146084","454218.547394414","준대규모점포"
"1928","대규모점포","08_25_01_P","3980000","2012398010807500008","2012-08-14","","01","영업/정상","1","정상영업","","","","","0315508083","30700.27","471-040","경기도 구리시 동구동 677번지","경기도 구리시 경춘로 261 (인창동)","","롯데쇼핑(주)구리점","2025-05-22 14:52:05","U","2025-05-24 02:40:00","백화점","212647.021160325","455616.655198478","대규모점포"
"1933","대규모점포","08_25_01_P","3980000","2000398001707500003","1998-03-07","","01","영업/정상","1","정상영업","","","","","031-550-7114","24555","","경기도 구리시 인창동 677호","경기도 구리시 경춘로 261 (인창동)","","(주)지에스리테일 GS스퀘어 구리점","2008-10-14 11:32:36","I","2018-08-31 23:59:59","백화점","212647.021160325","455616.655198478",""
"1934","대규모점포","08_25_01_P","3220000","2018322016207500001","2018-08-03","","01","영업/정상","1","정상영업","","","","","02-380-9461","677.2","135-825","서울특별시 강남구 논현동 164번지 5호 외 3필지","","","삐에로쇼핑 강남논현점","2018-12-27 10:53:42","U","2018-12-29 02:40:00","구분없음","201994.292033914","445091.876704064","준대규모점포"
"1935","대규모점포","08_25_01_P","3360000","2018336014507500001","2018-08-30","","01","영업/정상","1","정상영업","","","","","051-990-0100","30550","","부산광역시 강서구 명지동 3438번지 스타필드 시티 명지","부산광역시 강서구 명지국제6로 168, 스타필드 시티 명지점 (명지동)","46726","스타필드 시티 명지점","2024-04-17 17:36:26","U","2024-04-19 02:40:00","쇼핑센터","374851.695086603","178805.753601576","대규모점포"
"1937","대규모점포","08_25_01_P","3260000","2018326009707500001","2018-09-11","","01","영업/정상","1","정상영업","","","","","051-241-3006","5025.59","","부산광역시 서구 토성동1가 25번지 1호 경동 리인","부산광역시 서구 보수대로 27 (토성동1가, 경동 리인)","49247","경동타워 쇼핑","2025-04-30 15:14:00","U","2025-05-02 02:40:00","그 밖의 대규모점포","384479.160908971","179674.849130869","대규모점포"
"1941","대규모점포","08_25_01_P","3740000","2001374001107500003","2001-11-17","","01","영업/정상","1","정상영업","","","","","031-201-7283","30647","","경기도 수원시영통구 영통동 960번지 1호","경기도 수원시 영통구 봉영로 1579 (영통동)","","롯데쇼핑(주) 롯데마트 영통점","2022-05-10 11:58:19","U","2022-05-12 02:40:00","대형마트","206280.421991805","416752.265654667","대규모점포"
"1942","대규모점포","08_25_01_P","3740000","2002374001107500001","2002-02-26","","01","영업/정상","1","정상영업","","","","","031-231-8128","16703.75","","경기도 수원시팔달구 인계동 1045호","경기도 수원시 팔달구 효원로 257 (인계동)","","홈플러스(주) 동수원점","2024-03-06 09:01:58","U","2024-03-08 02:40:00","대형마트","202602.629959972","417869.723857315","대규모점포"
"1947","대규모점포","08_25_01_P","3740000","2004374001107500001","2000-08-25","","01","영업/정상","1","정상영업","","","","","031-259-8000","20000.14","440-201","경기도 수원시 장안구 조원1동 896번지","경기도 수원시 장안구 경수대로 930 (조원동)","","홈플러스(주) 북수원점","2024-03-06 08:52:29","U","2024-03-08 02:40:00","대형마트","200709.882380059","422304.072402192","대규모점포"
"1948","대규모점포","08_25_01_P","3740000","2004374001107500004","2000-08-25","","01","영업/정상","1","정상영업","","","","","031-201-8000","16100","","경기도 수원시영통구 영통동 994번지 2호","경기도 수원시 영통구 봉영로 1576 (영통동)","","홈플러스(주) 영통점","2024-03-06 09:00:34","U","2024-03-08 02:40:00","대형마트","206365.525651714","416652.30156114","대규모점포"
"1949","대규모점포","08_25_01_P","3740000","2005374001107500002","2005-08-18","","01","영업/정상","1","정상영업","","","","","031-895-1052","14301","441-819","경기도 수원시 권선구 구운동 925번지","경기도 수원시 권선구 수인로 291 (구운동)","441-819","(주)이마트 서수원점","2024-04-29 10:38:45","U","2024-05-01 02:40:00","대형마트","197288.720762935","420051.3394073","대규모점포"
"1950","대규모점포","08_25_01_P","3740000","2007374001107500001","2007-06-22","","01","영업/정상","1","정상영업","","","","","031-291-0945","26247.28","441-813","경기도 수원시 권선구 고색동 986번지","경기도 수원시 권선구 권선로 308-18 (고색동)","","수원종합공구단지","2024-06-10 19:34:56","U","2024-06-12 02:40:00","전문점","198613.570371955","417039.040348815","대규모점포"
"1951","대규모점포","08_25_01_P","3740000","2014374017307500004","2014-09-22","","01","영업/정상","1","정상영업","","","","","031-217-8545","237.7","","","경기도 수원시 영통구 중부대로 254 (매탄동)","443-800","홈플러스(주)익스프레스 수원매탄2점","2020-09-16 15:06:46","U","2020-09-18 02:40:00","구분없음","203791.864903026","419173.951406622","준대규모점포"
"1952","대규모점포","08_25_01_P","3740000","2014374017307500005","2014-11-20","","01","영업/정상","1","정상영업","","","","","031-247-3055","74247.63","","경기도 수원시 권선구 서둔동 381번지 롯데몰수원점","경기도 수원시 권선구 세화로 134 (서둔동, 롯데몰수원점)","16621","타임빌라스 수원","2024-05-22 10:06:17","U","2024-05-24 02:40:00","쇼핑센터","199673.378589066","418025.547756245","대규모점포"
"1953","대규모점포","08_25_01_P","3740000","2015374030907500001","2015-05-18","","01","영업/정상","1","정상영업","","","","","02-2118-6891","31749.58","","경기도 수원시 영통구 이의동 1338번지","경기도 수원시 영통구 도청로 10 (이의동, 광교센트럴푸르지오시티)","16508","롯데쇼핑(주)롯데몰 광교점","2024-04-05 14:08:37","U","2024-04-07 02:40:00","쇼핑센터","204888.855554772","420476.391558834","대규모점포"
"1955","대규모점포","08_25_01_P","3740000","2015374030907500003","2015-06-29","","01","영업/정상","1","정상영업","","","","","02-380-9394","16100.78","443-270","경기도 수원시 영통구 이의동 1240번지","경기도 수원시 영통구 광교로 191 (이의동)","443-270","(주)이마트 광교점","2024-04-29 10:50:51","U","2024-05-01 02:40:00","대형마트","204159.790041271","421622.575799907","대규모점포"
"1956","대규모점포","08_25_01_P","3740000","2015374030907500004","2000-11-13","","01","영업/정상","1","정상영업","","","","","031-252-2080","9326.64","","경기도 수원시 영통구 원천동 177번지 1호","경기도 수원시 영통구 중부대로 437 (원천동)","16513","홈플러스(주) 원천점","2024-03-06 08:58:34","U","2024-03-08 02:40:00","대형마트","205572.586871555","418683.704929064","대규모점포"
"1957","대규모점포","08_25_01_P","3740000","2015374030907500005","2015-12-31","","01","영업/정상","1","정상영업","","","","","02-2006-3059","968.32","","경기도 수원시 장안구 정자동 600-28","경기도 수원시 장안구 이목로 24-3, 지하1층 B01~B03호 (정자동)","16336","(주)지에스리테일 GS수퍼 수원아트리움점","2025-05-01 15:49:39","U","2025-05-03 02:40:00","구분없음","198580.177391346","423071.097411366","준대규모점포"
"1960","대규모점포","08_25_01_P","3740000","2018374033507500001","2018-02-26","","01","영업/정상","1","정상영업","","","","","02-2189-6000","13933.92","","경기도 수원시 영통구 이의동 1336번지 1호","경기도 수원시 영통구 광교중앙로 145 (이의동)","16508","광교 엘포트 몰","2018-05-10 17:07:14","I","2020-08-05 00:23:26","그 밖의 대규모점포","205049.975071918","420565.686783422","대규모점포"
"1962","대규모점포","08_25_01_P","3740000","2019374039007500001","2019-06-21","","01","영업/정상","1","정상영업","","","","","02-410-7138","66350","","경기도 수원시 영통구 하동 1017-2 갤러리아 광교","경기도 수원시 영통구 광교중앙로 124, 갤러리아 광교 (하동)","16514","한화갤러리아(주) 광교점","2023-12-11 15:38:40","U","2023-12-13 02:40:00","백화점","205023.582888351","420361.248170516","대규모점포"
"1964","대규모점포","08_25_01_P","3740000","2001374001107500002","2001-09-13","","01","영업/정상","1","정상영업","","","","","031-8065-3614","26072.06","","경기도 수원시권선구 권선동 1189호","경기도 수원시 권선구 경수대로 270 (권선동)","","NC수원 터미널점","2024-12-02 17:09:38","U","2024-12-04 02:40:00","그 밖의 대규모점포","201782.733115582","416501.699707548","대규모점포"
"1966","대규모점포","08_25_01_P","3740000","2011374017307500002","2011-10-31","","01","영업/정상","1","정상영업","","","","","031-212-8543","235","443-370","경기도 수원시 영통구 매탄동 1352번지","경기도 수원시 영통구 효원로 363 (매탄동)","443-373","홈플러스(주)익스프레스 매탄점","2024-04-06 20:18:35","U","2024-04-08 02:40:00","구분없음","203603.161205028","417765.005936104","준대규모점포"
"1967","대규모점포","08_25_01_P","3740000","2011374017307500003","2011-10-31","","01","영업/정상","1","정상영업","","","","","031-255-8543","668.6","442-150","경기도 수원시 팔달구 화서동 212번지","경기도 수원시 팔달구 화양로35번길 6 (화서동)","442-864","홈플러스(주)익스프레스 화서점","2024-04-06 20:18:00","U","2024-04-08 02:40:00","구분없음","199618.343358284","419934.360506858","준대규모점포"
"1968","대규모점포","08_25_01_P","3740000","2011374017307500004","2002-12-05","","01","영업/정상","1","정상영업","","","","","031-246-9092","1482.6","","","경기도 수원시 장안구 정자천로 187 (정자동)","440-301","롯데쇼핑(주) 롯데슈퍼 정자점","2025-05-02 15:37:13","U","2025-05-04 02:40:00","구분없음","199524.963492432","421620.627876998","준대규모점포"
"1969","대규모점포","08_25_01_P","3740000","2011374017307500010","2009-07-10","","01","영업/정상","1","정상영업","","","","","031-217-5604","402","442-828","경기도 수원시 팔달구 인계동 362번지","경기도 수원시 팔달구 권광로 262 (인계동)","442-828","롯데쇼핑(주) 롯데슈퍼 인계점","2025-05-02 15:39:54","U","2025-05-04 02:40:00","구분없음","203100.01965872","418750.284714679","준대규모점포"
"1970","대규모점포","08_25_01_P","3740000","2011374017307500012","2010-02-27","","01","영업/정상","1","정상영업","","","","","031-216-5603","253.8","","","경기도 수원시 팔달구 중부대로143번길 39 (우만동)","442-191","롯데쇼핑(주) 롯데슈퍼 우만점","2025-05-02 15:39:35","U","2025-05-04 02:40:00","구분없음","202779.748295951","419781.817002439","준대규모점포"
"1971","대규모점포","08_25_01_P","3740000","2011374017307500013","2011-12-12","","01","영업/정상","1","정상영업","","","","","031-8019-1024","20860.31","","경기도 수원시 권선구 금곡동 1116번지 홈플러스","경기도 수원시 권선구 금곡로 236 (금곡동)","16393","홈플러스(주) 서수원점","2024-03-06 09:01:39","U","2024-03-08 02:40:00","대형마트","195965.406968544","419154.489182672","대규모점포"
"1972","대규모점포","08_25_01_P","3740000","2012374017307500001","2012-03-27","","01","영업/정상","1","정상영업","","","","","02-2145-8474","13912.61","","경기도 수원시 영통구 이의동 1332 광교C1 호반베르디움, Summit Place광교","경기도 수원시 영통구 센트럴타운로 85(이의동, 광교C1 호반베르디움, Summit Place광교)","16507","롯데쇼핑(주) 롯데마트 광교점","2025-05-13 18:11:38","U","2025-05-15 02:40:00","대형마트","204409.226022404","420967.617798492","대규모점포"
"1974","대규모점포","08_25_01_P","3740000","2013374017307500001","2001-09-13","","01","영업/정상","1","정상영업","","","","","031-207-1054","10907.67","","","경기도 수원시 권선구 경수대로 270 (권선동)","441-713","(주)이마트 수원점","2024-04-29 10:48:09","U","2024-05-01 02:40:00","대형마트","201782.733115582","416501.699707548","대규모점포"
"1975","대규모점포","08_25_01_P","3740000","2013374017307500002","2013-07-19","","01","영업/정상","1","정상영업","","","","","031-8005-1250~1","13669.94","","경기도 수원시 영통구 신동 941번지","경기도 수원시 영통구 삼성로 2 (신동)","16682","트레이더스 홀세일클럽 수원점","2024-04-29 10:07:30","U","2024-05-01 02:40:00","대형마트","204246.15796254","416018.208911536","대규모점포"
"1976","대규모점포","08_25_01_P","3740000","2014374017307500001","2014-09-16","","01","영업/정상","1","정상영업","","","","","031-256-8546","232.6","","","경기도 수원시 장안구 창룡대로 193 (연무동)","440-813","홈플러스(주)익스프레스 수원연무점","2024-01-12 14:09:12","U","2024-01-14 02:40:00","구분없음","202693.265138935","421193.449255723","준대규모점포"
"1977","대규모점포","08_25_01_P","3740000","2014374017307500002","2014-09-16","","01","영업/정상","1","정상영업","","","","","031-213-2586","620.21","","","경기도 수원시 영통구 인계로 219 (매탄동)","443-718","(주)이마트에브리데이 매탄점","2024-08-06 17:52:55","U","2024-08-08 02:40:00","구분없음","203654.140907291","418212.585267662","준대규모점포"
"1978","대규모점포","08_25_01_P","4040000","2016404022807500001","2016-10-31","","01","영업/정상","1","정상영업","","","","","02-380-9396","45170","","경기도 하남시 학암동 660번지 스타필드시티 위례점","경기도 하남시 위례대로 200, 스타필드시티 위례점 (학암동)","13012","스타필드 시티 위례점","2020-06-10 15:15:29","I","2020-06-12 00:23:18","쇼핑센터","213056.041875501","441993.377546086","대규모점포"
"1979","대규모점포","08_25_01_P","4040000","2020404022807500001","2020-06-10","","01","영업/정상","1","정상영업","","","","","02-380-5234","14148.62","","경기도 하남시 덕풍동 736번지 하남풍산지구 이마트","경기도 하남시 덕풍서로 70, 하남풍산지구 이마트 (덕풍동)","12927","이마트 하남점","2020-06-10 15:16:17","I","2020-06-12 00:23:18","대형마트","218076.91973786","450073.163619109","대규모점포"
"1980","대규모점포","08_25_01_P","5690000","201556902920750001","2015-01-09","","01","영업/정상","1","정상영업","","","","","044-902-1234","13996.41","","세종특별자치시 가람동 970번지 이마트세종점","세종특별자치시 금송로 687, 이마트세종점 (가람동)","30065","이마트 세종점","2024-04-15 13:29:34","U","2024-04-17 02:40:00","대형마트","222425.493016349","330046.389124869","대규모점포"
"1981","대규모점포","08_25_01_P","3230000","2020323026107500002","2020-07-24","","01","영업/정상","1","정상영업","","","","2020-08-11","","727","","서울특별시 송파구 가락동 479 헬리오시티","서울특별시 송파구 송파대로 345 (가락동, 헬리오시티)","05698","이마트에브리데이 송파점","2024-07-24 16:44:03","U","2024-07-26 02:40:00","구분없음","209412.197809542","443928.783342251","준대규모점포"
"1984","대규모점포","08_25_01_P","3020000","2020302015007500001","2020-08-13","","01","영업/정상","1","정상영업","","","","","02-2689-0035","8500.52","","서울특별시 용산구 한강로3가 2-8","서울특별시 용산구 청파로 100, 12동 2층 (한강로3가)","04372","(주)서부티엔디","2020-08-13 09:12:59","I","2020-08-15 00:23:13","전문점","196605.511573689","447841.270074498","대규모점포"
"1987","대규모점포","08_25_01_P","6510000","2021651021607500001","2021-07-26","","01","영업/정상","1","정상영업","","","","","064-795-0000","8942.96","","제주특별자치도 제주시 노형동 925 제주 드림타워 복합리조트","제주특별자치도 제주시 노연로 12, 제주 드림타워 복합리조트 (노형동)","63082","제주드림타워","2021-07-26 12:24:39","I","2021-07-28 00:22:52","그 밖의 대규모점포","151732.711618361","-1108.97482994933","대규모점포"
"1988","대규모점포","08_25_01_P","5050000","2021505035207500003","2007-07-07","","01","영업/정상","1","정상영업","","","","","054-743-0550","0","","경상북도 경주시 현곡면 하구리 375-17","경상북도 경주시 현곡면 용담로 538-17","38048","GS슈퍼 경주 현곡푸르지오점","2021-07-26 11:43:09","I","2021-07-28 00:22:52","그 밖의 대규모점포","396325.084403915","267737.194004599","준대규모점포"
"1989","대규모점포","08_25_01_P","5050000","2021505035207500004","2017-06-08","","01","영업/정상","1","정상영업","","","","","054-777-5968","0","","경상북도 경주시 용강동 1611 협성휴포레용황","경상북도 경주시 용황로7길 8, 301동 101호 (용강동, 협성휴포레용황)","38069","롯데슈퍼 용황점","2021-07-26 11:51:49","I","2021-07-28 00:22:52","그 밖의 대규모점포","401050.77541822","267236.833900143","준대규모점포"
"1990","대규모점포","08_25_01_P","5050000","2021505035207500005","2007-09-09","","01","영업/정상","1","정상영업","","","","","054-744-5609","0","","경상북도 경주시 용강동 1329","경상북도 경주시 양정로 330(용강동)","38095","롯데슈퍼 경주점","2021-07-26 15:14:59","I","2021-07-28 00:22:52","그 밖의 대규모점포","400801.659691291","264740.573428483","준대규모점포"
"1991","대규모점포","08_25_01_P","5050000","2021505035207500006","2009-06-01","","01","영업/정상","1","정상영업","","","","","054-742-5603","0","","경상북도 경주시 동천동 825","경상북도 경주시 동천로 70(동천동)","38108","롯데슈퍼 동천점","2021-07-26 15:22:30","I","2021-07-28 00:22:52","그 밖의 대규모점포","401109.495875639","263819.584364432","준대규모점포"
"1992","대규모점포","08_25_01_P","5050000","2021505035207500007","2013-07-24","","01","영업/정상","1","정상영업","","","","","054-777-2224","0","","경상북도 경주시 천군동 205-46","경상북도 경주시 보문로 529(천군동)","38118","롯데슈퍼 보문점","2021-07-26 15:42:43","I","2021-07-28 00:22:52","그 밖의 대규모점포","406426.947652826","262054.512570501","준대규모점포"
"1993","대규모점포","08_25_01_P","5050000","2021505035207500008","2011-06-28","","01","영업/정상","1","정상영업","","","","","054-774-8534","0","","경상북도 경주시 현곡면 금장리 442-1 gs슈퍼마켓","경상북도 경주시 현곡면 안현로 8, gs슈퍼마켓","38051","GS슈퍼 경주현곡점","2021-07-26 15:52:28","I","2021-07-28 00:22:52","그 밖의 대규모점포","398879.500226616","265357.666514351","준대규모점포"
"1994","대규모점포","08_25_01_P","5050000","2021505035207500009","2020-01-02","","01","영업/정상","1","정상영업","","","","","054-773-2012","0","","경상북도 경주시 용강동 425-1","경상북도 경주시 산업로 4506(용강동)","38090","노브랜드 경주 용강점","2021-07-26 15:59:00","I","2021-07-28 00:22:52","그 밖의 대규모점포","401338.911847126","266833.56343189","준대규모점포"
"1995","대규모점포","08_25_01_P","5050000","2021505035207500010","2018-11-12","","01","영업/정상","1","정상영업","","","","","054-744-8000","0","","경상북도 경주시 용강동 1290-2","경상북도 경주시 다불로 9(용강동)","38090","이마트에브리데이 경주용강점","2021-07-26 15:58:31","I","2021-07-28 00:22:52","그 밖의 대규모점포","401171.791387621","266380.758678743","준대규모점포"
"1996","대규모점포","08_25_01_P","3830000","2021383028807500002","2021-09-29","","01","영업/정상","1","정상영업","","","","","02-2006-2364","296.15","","경기도 안양시 동안구 호계동 873 덕유파크","경기도 안양시 동안구 경수대로 428, 덕유파크 1층 101~106, 126호 (호계동)","14126","GS THE FRESH 안양호계점","2025-04-15 11:15:26","U","2025-04-17 02:40:00","구분없음","196609.75025329","428912.306681884","준대규모점포"
"1997","대규모점포","08_25_01_P","3120000","2021312019207500001","2021-07-16","","01","영업/정상","1","정상영업","","","","","02-373-9993","216.08","","서울특별시 서대문구 남가좌동 390 래미안 루센티아","서울특별시 서대문구 거북골로 100, 지하3층 32,33,34,35호 (남가좌동, 래미안 루센티아)","03689","GS THE FRESH 남가좌디엠씨점","2025-04-25 13:22:29","U","2025-04-27 02:40:00","구분없음","192641.14591065","452652.059898055","준대규모점포"
"1998","대규모점포","08_25_01_P","3120000","2021312019207500002","2021-07-29","","01","영업/정상","1","정상영업","","","","","02-380-5042","483.79","","서울특별시 서대문구 홍은동 11-419","서울특별시 서대문구 홍은중앙로 89(홍은동)","03604","이마트에브리데이 홍은점","2024-08-20 08:49:29","U","2024-08-22 02:40:00","구분없음","195280.710219904","455193.014698844","준대규모점포"
"1999","대규모점포","08_25_01_P","3740000","2021374039007500002","2021-09-13","","01","영업/정상","1","정상영업","","","","","02-2006-2678","189.2","","경기도 수원시 장안구 정자동 111-20 화서역 파크푸르지오","경기도 수원시 장안구 대평로 27, 107~109호 (정자동, 화서역 파크푸르지오)","16318","지에스 더프레시(GS THE FRESH) 수원화서점","2025-05-01 17:03:24","U","2025-05-03 02:40:00","구분없음","199460.301398641","420871.789200422","준대규모점포"
"2000","대규모점포","08_25_01_P","5670000","2021567056807500001","2021-09-16","","01","영업/정상","1","정상영업","","","","","02-380-5042","860.7","","경상남도 창원시 성산구 성주동 100 더 스퀘어","경상남도 창원시 성산구 대암로 247, 더 스퀘어 제1층 제씨101호, 111호 (성주동)","51471","(주)이마트에브리데이 창원더스퀘어점","2024-08-13 11:42:14","U","2024-08-15 02:40:00","구분없음","355800.178264689","190741.564492406","준대규모점포"
"2001","대규모점포","08_25_01_P","3140000","2021314016707500001","2021-08-26","","01","영업/정상","1","정상영업","","","","","02-2039-0818","396.88","","서울특별시 양천구 신정동 995-2","서울특별시 양천구 목동로 183(신정동)","08022","(주)이마트에브리데이 목동역점","2024-08-06 09:25:35","U","2024-08-08 02:40:00","구분없음","187929.395106977","446964.609090888","준대규모점포"
"2002","대규모점포","08_25_01_P","3010000","2021301016607500001","2021-07-16","","01","영업/정상","1","정상영업","","","","","02-3452-2379","8767.97","","서울특별시 중구 남대문로2가 9-1","","","센터포인트 명동","2022-05-10 10:26:39","U","2022-05-12 02:40:00","쇼핑센터","198401.701305913","451374.312212737","대규모점포"
"2003","대규모점포","08_25_01_P","5050000","2021505035207500002","2010-03-15","","01","영업/정상","1","정상영업","","","","","054-761-8545","0","","경상북도 경주시 안강읍 산대리 2397-2","경상북도 경주시 안강읍 구부랑4길 2","38011","홈플러스 익스프레스 경주 안강점","2024-04-12 17:51:35","U","2024-04-14 02:40:00","그 밖의 대규모점포","398001.743686098","280216.893306033","준대규모점포"
"2005","대규모점포","08_25_01_P","3300000","2022330011007500003","2022-12-02","","01","영업/정상","1","정상영업","","","","","051-553-3130","280.99","","부산광역시 동래구 온천동 453-9","부산광역시 동래구 차밭골로 6-5 (온천동)","47711","GS THE FRESH 부산 온천점","2025-05-02 17:37:44","U","2025-05-04 02:40:00","구분없음","389379.732040766","192728.27862739","준대규모점포"
"2006","대규모점포","08_25_01_P","3300000","2022330011007500002","2022-12-02","","01","영업/정상","1","정상영업","","","","","051-555-1789","308.79","","부산광역시 동래구 온천동 1853 동래 래미안 아이파크","부산광역시 동래구 금정마을로 150, 1층 (온천동, 동래 래미안 아이파크)","47719","GS THE FRESH 동래래미안점","2025-05-02 17:38:51","U","2025-05-04 02:40:00","구분없음","388329.679488559","192204.837726355","준대규모점포"
"2007","대규모점포","08_25_01_P","3150000","2023315020007500001","2023-01-27","","01","영업/정상","1","정상영업","","","","","","876","","서울특별시 강서구 등촌동 73-1 금부빌딩","서울특별시 강서구 양천로 476, 금부빌딩 (등촌동)","07575","(주)이마트에브리데이 가양역점","2024-07-30 16:50:07","U","2024-08-02 02:40:00","구분없음","186966.036176588","451047.287263879","준대규모점포"
"2009","대규모점포","08_25_01_P","3560000","2023356022207500001","2023-01-12","","01","영업/정상","1","정상영업","","","","","02-2630-2671","13476.89","","인천광역시 서구 청라동 12-2 (투자유치용지 5-1블록)","","","코스트코 홀세일 청라점","2024-09-24 09:55:01","U","2024-09-26 02:40:00","대형마트","166063.431383773","448666.223800277","대규모점포"
"2011","대규모점포","08_25_01_P","3560000","2022356022207500002","1994-03-16","","01","영업/정상","1","정상영업","","","","","032-583-3377","7769","","인천광역시 서구 신현동 272-1 서경 플러스 존","인천광역시 서구 가정로 369, 서경 플러스 존 (신현동)","22778","서경백화점","2022-12-25 13:50:28","I","2022-12-27 00:40:37","백화점","170983.786720678","446238.633155912","대규모점포"
"2016","대규모점포","08_25_01_P","4671000","1999467011207500001","1999-08-24","","01","영업/정상","1","정상영업","","","","","063 4682960","","","전북특별자치도 군산시 나운동 805-1호","","","동아26센타","2007-07-21 10:38:09","I","2024-01-19 01:16:45","그 밖의 대규모점포","","",""
"2017","대규모점포","08_25_01_P","4671000","2001467011207500002","2001-03-05","","01","영업/정상","1","정상영업","","","","","063-472-1053","13871","","전북특별자치도 군산시 경암동 590번지 296 호","전북특별자치도 군산시 구암3.1로 137 (경암동)","","(주)이마트군산점","2024-04-16 16:25:19","U","2024-04-18 02:40:00","대형마트","176003.990213014","275855.723670155","대규모점포"
"2018","대규모점포","08_25_01_P","4671000","2007467011207500001","2007-02-20","","01","영업/정상","1","정상영업","","","","","063-441-2520","14381","","전북특별자치도 군산시 수송동 833","전북특별자치도 군산시 수송로 185(수송동)","54091","롯데쇼핑 (주) 롯데마트군산점","2025-05-14 09:00:25","U","2025-05-16 02:40:00","쇼핑센터","174344.898655429","273872.128355095","대규모점포"
"2020","대규모점포","08_25_01_P","4641000","2004464027907500001","2004-05-21","","01","영업/정상","1","정상영업","","","","","063-289-3611","28179","","전북특별자치도 전주시완산구 서신동 971호","전북특별자치도 전주시 완산구 온고을로 2 (서신동)","","롯데쇼핑(주) 롯데백화점 전주점","2025-04-30 08:39:02","U","2025-05-02 02:40:00","백화점","210932.176422652","259384.667767568","대규모점포"
"2021","대규모점포","08_25_01_P","4641000","2005464016207500002","2005-08-05","","01","영업/정상","1","정상영업","","","","","063-263-2080","12591","","전북특별자치도 전주시완산구 중노송동 495번지 6호","전북특별자치도 전주시 완산구 기린대로 170 (중노송동)","","홈플러스 주식회사 전주완산점","2024-03-04 11:09:10","U","2024-03-06 02:40:00","대형마트","213487.497985724","258187.996076138","대규모점포"
"2022","대규모점포","08_25_01_P","4641000","2008464032407500003","2008-11-19","","01","영업/정상","1","정상영업","","","","","063-249-2500","10429","560-242","전북특별자치도 전주시완산구 효자동2가 1234번지 3호","전북특별자치도 전주시 완산구 우전로 240 (효자동2가)","","롯데쇼핑(주) 롯데마트 전주점","2025-05-12 09:05:14","U","2025-05-14 02:40:00","대형마트","209193.584320494","257365.921223342","대규모점포"
"2023","대규모점포","08_25_01_P","4641000","2008464032407500004","2008-12-17","","01","영업/정상","1","정상영업","","","","","063)276-7350","10386.54","561-301","전북특별자치도 전주시덕진구 송천동1가 281번지 1호","전북특별자치도 전주시 덕진구 송천중앙로 82 (송천동1가)","","롯데쇼핑(주)롯데마트맥스 송천점","2025-05-12 09:12:19","U","2025-05-14 02:40:00","그 밖의 대규모점포","210806.895238058","261606.503373051","대규모점포"
"2024","대규모점포","08_25_01_P","4641000","2009464032407500001","2006-11-17","","01","영업/정상","1","정상영업","","","","","0632498120","8890.4","561-825","전북특별자치도 전주시 덕진구 우아동3가 733번지 1호","전북특별자치도 전주시 덕진구 백제대로 771 (우아동3가)","","홈플러스 주식회사 전주점","2024-03-04 11:07:11","U","2024-03-06 02:40:00","대형마트","213740.884762631","260828.803055357","대규모점포"
"2025","대규모점포","08_25_01_P","4641000","2009464032407500002","1983-09-20","","01","영업/정상","1","정상영업","","","","","281-1612","16456","560-926","전북특별자치도 전주시 완산구 서노송동 627번지 1호 전주코아백화점","전북특별자치도 전주시 완산구 팔달로 262-6 (서노송동,전주코아백화점)","","전주코아백화점","2009-06-15 17:07:50","I","2024-01-19 01:16:45","백화점","213010.115138226","258388.283849404",""
"2026","대규모점포","08_25_01_P","4641000","2010464032407500001","2010-03-31","","01","영업/정상","1","정상영업","","","","","063  2591050","6571.04","560-821","전북특별자치도 전주시 완산구 서신동 767번지","전북특별자치도 전주시 완산구 당산로 111 (서신동)","","(주)이마트 전주점","2024-04-17 10:17:10","U","2024-04-19 02:40:00","대형마트","210795.594377656","259168.919302767","대규모점포"
"2028","대규모점포","08_25_01_P","4641000","2010464036307500001","2010-10-26","","01","영업/정상","1","정상영업","","","","","063)715-6100","5449.29","560-803","전북특별자치도 전주시 완산구 고사동 412번지 2호 외 9필지","전북특별자치도 전주시 완산구 전주객사4길 19 (고사동,외 9필지)","","노벨리나","2018-06-11 10:08:30","I","2024-01-19 01:16:45","쇼핑센터","212912.859277727","257618.73045152","대규모점포"
"2030","대규모점포","08_25_01_P","4641000","2011464036307500002","2011-07-07","","01","영업/정상","1","정상영업","","","","","063-224-4545","934.9","","전북특별자치도 전주시 완산구 효자동1가 197번지 2호","전북특별자치도 전주시 완산구 효동2길 8 (효자동1가)","55093","롯데쇼핑(주)롯데수퍼효자점","2025-04-29 10:39:27","U","2025-05-01 02:40:00","그 밖의 대규모점포","211378.359542979","256160.998856098","준대규모점포"
"2031","대규모점포","08_25_01_P","4641000","2011464036307500003","2011-07-26","","01","영업/정상","1","정상영업","","","","","0632818125","22657","560-856","전북특별자치도 전주시 완산구 효자동1가 431번지 5호","전북특별자치도 전주시 완산구 용머리로 31 (효자동1가)","","홈플러스(주) 전주효자점","2024-03-04 11:08:21","U","2024-03-06 02:40:00","대형마트","210232.852798594","256286.73889888","대규모점포"
"2044","대규모점포","08_25_01_P","4641000","1997110000007500000","1997-01-30","","01","영업/정상","1","정상영업","","","","","063 2414131","","","전북특별자치도 전주시덕진구 우아동3가 호 753-1","","","대한통운 마트","2007-06-30 17:13:15","I","2024-01-19 01:16:45","그 밖의 대규모점포","","",""
"2045","대규모점포","08_25_01_P","4641000","1997120000007500000","1997-06-13","","01","영업/정상","1","정상영업","","","","","063 2503304","","","전북특별자치도 전주시덕진구 송천동1가 호 481-4","","","굿마트","2007-06-30 17:13:15","I","2024-01-19 01:16:45","그 밖의 대규모점포","","",""
"2046","대규모점포","08_25_01_P","4641000","1998130000007500000","1998-07-01","","01","영업/정상","1","정상영업","","","","","063 2815302","","","전북특별자치도 전주시완산구 고사동 호 1가418","","","유스데스크","2007-06-30 17:13:15","I","2024-01-19 01:16:45","그 밖의 대규모점포","","",""
"2047","대규모점포","08_25_01_P","4641000","1998140000007500000","1998-11-26","","01","영업/정상","1","정상영업","","","","","063 2591050","","","전북특별자치도 전주시완산구 서신동 호 767","","","E 마트","2007-06-30 17:13:15","I","2024-01-19 01:16:45","그 밖의 대규모점포","","",""
"2048","대규모점포","08_25_01_P","4641000","1998464047907500001","1998-07-01","","01","영업/정상","1","정상영업","","","","","063-286-3546","6626.97","","전북특별자치도 전주시 완산구 중앙동2가 26-16","전북특별자치도 전주시 완산구 충경로 45 (중앙동2가)","54999","디쟈트","2020-08-04 18:23:32","I","2024-01-19 01:16:45","전문점","212924.239818722","257539.432439917","대규모점포"
"2050","대규모점포","08_25_01_P","4641000","1999160000007500000","1999-08-01","","01","영업/정상","1","정상영업","","","","","063 2301142","","","호","","","새하나 백화점","2007-06-30 17:13:15","I","2024-01-19 01:16:45","백화점","","",""
"2051","대규모점포","08_25_01_P","4681000","2000468002007500002","1993-06-10","","01","영업/정상","1","정상영업","","","","","063 8365168","","","전북특별자치도 익산시 여산면 호산리 산32번지 6  호","","","(주)큰길 여산휴게소","2007-07-21 11:08:15","I","2024-01-19 01:16:45","대형마트","","",""
"2052","대규모점포","08_25_01_P","4681000","2000468002007500003","1989-12-27","","01","영업/정상","1","정상영업","","","","","063 8358007","","","전북특별자치도 익산시 영등동 224번지 2  호","","","(주)큰길 여산휴게소","2007-07-21 11:08:15","I","2024-01-19 01:16:45","대형마트","","",""
"2053","대규모점포","08_25_01_P","4681000","2001468002007500001","2001-08-28","","01","영업/정상","1","정상영업","","","","","063-830-2500","11765","","전북특별자치도 익산시 영등동 833번지 2호","전북특별자치도 익산시 무왕로 1053 (영등동)","570-982","롯데쇼핑(주)롯데마트 익산점","2025-05-08 17:58:50","U","2025-05-11 02:40:00","대형마트","197583.920751451","273199.222864609","대규모점포"
"2054","대규모점포","08_25_01_P","4681000","2006468012007500001","2006-10-02","","01","영업/정상","1","정상영업","","","","","063-860-1052","12344","","전북특별자치도 익산시 동산동 호 667-53 외 4필지","전북특별자치도 익산시 평동로 705 (동산동)","570-959","(주)이마트 익산점","2024-05-13 11:06:18","U","2024-05-15 02:40:00","대형마트","196136.263287508","270040.176346396","대규모점포"
"2055","대규모점포","08_25_01_P","4681000","2006468012007500002","2006-10-02","","01","영업/정상","1","정상영업","","","","","063-540-8287","20617","570-982","전북특별자치도 익산시 영등동","전북특별자치도 익산시 무왕로 1035 (영등동)","570-982","홈플러스(주) 익산점","2024-03-05 13:36:50","U","2024-03-07 02:40:00","대형마트","197427.898529025","273180.627096081","대규모점포"
"2057","대규모점포","08_25_01_P","3670000","2021367017407500001","2021-04-28","","01","영업/정상","1","정상영업","","","","","1588-1234","82790.1","","대전광역시 유성구 도룡동 3-1","대전광역시 유성구 엑스포로 1(도룡동)","34126","대전신세계 엑스포점","2023-01-13 14:13:27","U","2023-01-15 02:40:00","백화점","234414.00794623","319679.535632277","대규모점포"
"2058","대규모점포","08_25_01_P","4070000","2012407020907500001","2012-06-26","","01","영업/정상","1","정상영업","","","","","031-638-0017","1282","","경기도 이천시 중리동 21-1","경기도 이천시 중리천로 18 (중리동)","17375","(주)이마트에브리데이(이천점)","2024-08-02 10:29:07","U","2024-08-04 02:40:00","구분없음","238934.316946629","419876.035365793","준대규모점포"
"2059","대규모점포","08_25_01_P","4090000","2021409039907500001","2021-05-20","","01","영업/정상","1","정상영업","","","","","031)982-6766","188.52","","경기도 김포시 구래동 6871-33","경기도 김포시 김포한강10로133번길 142, B동 104호 (구래동)","10071","롯데프레시 김포구래가맹점","2021-08-13 13:15:46","U","2021-08-15 02:40:00","구분없음","166347.213933274","460323.071108525","준대규모점포"
"2060","대규모점포","08_25_01_P","3990000","2021399046507500001","2021-06-17","","01","영업/정상","1","정상영업","","","","","02-2211-1311","9057.85","","경기도 남양주시 화도읍 묵현리 368-2","경기도 남양주시 화도읍 경춘로 1725","12171","한성몰 남양주점","2021-06-17 18:06:48","I","2021-06-19 00:22:54","전문점","224788.908585668","461612.798454074","대규모점포"
"2061","대규모점포","08_25_01_P","3420000","2021342015707500001","2021-05-17","","01","영업/정상","1","정상영업","","","","","053-964-9000","925.62","","대구광역시 동구 율하동 1418","대구광역시 동구 안심로22길 60-23 (율하동)","41106","(주)이마트에브리데이 율하점","2021-05-17 16:42:34","I","2021-05-19 00:22:56","구분없음","352986.591397707","263876.474625126","준대규모점포"
"2063","대규모점포","08_25_01_P","4840000","2021484012707500001","2021-06-22","","01","영업/정상","1","정상영업","","","","","061-760-8122","13558.2","","전라남도 광양시 중동 1811-1 홈플러스 광양점","전라남도 광양시 항만11로 70, 홈플러스 광양점 (중동)","57793","홈플러스 광양점","2024-03-14 17:39:27","U","2024-03-16 02:40:00","대형마트","263409.919971471","159060.647898764","대규모점포"
"2064","대규모점포","08_25_01_P","5710000","2021571018307500001","2021-06-07","","01","영업/정상","1","정상영업","","","","","02-380-5042","694","","충청북도 청주시 청원구 오창읍 주성리 584","충청북도 청주시 청원구 오창읍 주성1길 18-6","28117","이마트에브리데이 오창산단점","2024-07-29 17:06:32","U","2024-07-31 02:40:00","구분없음","240295.502596486","359246.119843978","준대규모점포"
"2065","대규모점포","08_25_01_P","3320000","2021332010707500001","2021-06-21","","01","영업/정상","1","정상영업","","","","","051-331-6169","193.94","","부산광역시 북구 만덕동 818 e편한세상금정산","부산광역시 북구 상학로 36, 1층 103~106호 (만덕동, e편한세상금정산)","46557","(주)지에스리테일 만덕이편한점","2025-04-17 18:04:25","U","2025-04-19 02:40:00","그 밖의 대규모점포","385505.738718264","192740.640994661","준대규모점포"
"2066","대규모점포","08_25_01_P","3560000","2009356021707500001","2009-12-22","","01","영업/정상","1","정상영업","","","","","560-2500","10964.68","","인천광역시 서구 마전동 1031-1 롯데마트","인천광역시 서구 원당대로 581, 롯데마트 (마전동)","22637","롯데마트 검단점","2025-05-02 15:50:08","U","2025-05-04 02:40:00","대형마트","170301.890390416","454745.482573844","대규모점포"
"2067","대규모점포","08_25_01_P","3040000","2021304019007500001","2021-06-08","","01","영업/정상","1","정상영업","","","","","024578045","3208.98","","서울특별시 광진구 구의동 66-25","서울특별시 광진구 광나루로39길 11 (구의동)","04977","구의 자이르네 판매시설","2025-03-18 17:07:41","U","2025-03-20 02:40:00","그 밖의 대규모점포","207775.86513205","449252.386906411","대규모점포"
"2068","대규모점포","08_25_01_P","3630000","2009363015207500001","2011-03-02","","01","영업/정상","1","정상영업","","","","","062-616-8125","10086","506-250","광주광역시 광산구 하남동 831번지","광주광역시 광산구 용아로 390 (하남동)","506-250","홈플러스(주) 광주하남점","2024-08-09 10:02:45","U","2024-08-11 02:40:00","대형마트","182200.812320705","186547.650146985","대규모점포"
"2072","대규모점포","08_25_01_P","5120000","2008512001207500001","2008-09-22","","01","영업/정상","1","정상영업","","","","","054 559 8000","9503.99","745-883","경상북도 문경시 모전동 859번지 2호","경상북도 문경시 모전로 65 (모전동)","745-883","홈플러스(주) 문경점","2024-02-29 10:03:29","U","2024-03-02 02:40:00","그 밖의 대규모점포","306449.794700085","343567.171140178","대규모점포"
"2073","대규모점포","08_25_01_P","5120000","2012512012007500001","2012-04-04","","01","영업/정상","1","정상영업","","","","","054-552-9573","1895","745-887","경상북도 문경시 점촌동 272번지 36호","경상북도 문경시 영신로 12 (점촌동)","745-887","(주)지에스리테일 문경점","2025-04-08 17:56:57","U","2025-04-10 02:40:00","그 밖의 대규모점포","307308.791169901","344302.511877687","준대규모점포"
"2077","대규모점포","08_25_01_P","5670000","2017567057207500001","2017-05-17","","01","영업/정상","1","정상영업","","","","","051-330-2553","910.97","630-011","경상남도 창원시 마산회원구 석전동 259번지 4호","경상남도 창원시 마산회원구 양덕옛2길 13 (석전동)","630-011","김기민","2017-05-17 18:05:25","I","2021-07-02 00:23:01","대형마트","343435.097356108","193337.905151911","준대규모점포"
"2078","대규모점포","08_25_01_P","5670000","2011567024107500012","2011-09-27","","01","영업/정상","1","정상영업","","","","","055-267-5601","1693","642-829","경상남도 창원시 성산구 상남동 45번지 1호 스카이웰빙파크","경상남도 창원시 성산구 동산로 122-0 (상남동, 스카이웰빙파크)","642-829","롯데쇼핑(주)롯데슈퍼상남점","2025-04-23 11:26:02","U","2025-04-25 02:40:00","구분없음","353991.929834837","192136.233221503","준대규모점포"
"2086","대규모점포","08_25_01_P","5670000","2012567035807500001","2012-05-02","","01","영업/정상","1","정상영업","","","","","02-2145-8473","15537.26","","경상남도 창원시 마산회원구 양덕동 84번지 14호","경상남도 창원시 마산회원구 삼호로 80 (양덕동)","51322","롯데쇼핑(주) 롯데마트 양덕점","2025-06-04 08:34:29","U","2025-06-06 02:40:00","대형마트","344258.629103871","192909.719460689","대규모점포"
"2087","대규모점포","08_25_01_P","5670000","2018567056607500002","2018-12-20","","01","영업/정상","1","정상영업","","","","","055-714-8291","578.51","","경상남도 창원시 의창구 사림동 106번지 6호","경상남도 창원시 의창구 사림로45번길 8 (사림동)","51143","(주)이마트에브리데이 창원사림점","2024-08-05 17:44:32","U","2024-08-07 02:40:00","그 밖의 대규모점포","352662.39135862","195573.118375138","준대규모점포"
"2088","대규모점포","08_25_01_P","5670000","2018567056807500001","2018-09-20","","01","영업/정상","1","정상영업","","","","","055-212-8795","439","","경상남도 창원시 성산구 상남동 44번지 1호 대동백화점","경상남도 창원시 성산구 원이대로 730, 대동백화점 1층 (상남동)","51498","노브랜드 창원대동점","2024-04-26 10:48:18","U","2024-04-28 02:40:00","그 밖의 대규모점포","353660.889782198","192440.577505521","준대규모점포"
"2089","대규모점포","08_25_01_P","5670000","2012567035807500002","2012-12-20","","01","영업/정상","1","정상영업","","","","","055-279-2702","20536.26","642-831","경상남도 창원시 성산구 상남동 80번지","경상남도 창원시 성산구 상남로 121 (상남동)","642-831","롯데백화점 창원점 신관","2025-05-07 20:01:01","U","2025-05-09 02:40:00","백화점","353152.773639216","192998.728028448","대규모점포"
"2090","대규모점포","08_25_01_P","5670000","2014567042707500001","1996-12-10","","01","영업/정상","1","정상영업","","","","","055-210-8800","7033.22","","","경상남도 창원시 의창구 지귀로12번길 31 (봉곡동)","641-821","농협하나로마트창원점","2021-07-23 10:19:42","U","2021-07-25 02:40:00","대형마트","350325.470568789","195042.161344855","대규모점포"
"2093","대규모점포","08_25_01_P","5670000","2014567046507500003","1996-03-08","","01","영업/정상","1","정상영업","","","","","055-279-8122","699.93","","","경상남도 창원시 성산구 대암로 40-18 (남양동, 남양동농협)","642-802","농협 하나로마트 남양점","2023-08-11 10:38:07","U","2023-08-13 02:40:00","그 밖의 대규모점포","354804.564724267","191785.543736737","준대규모점포"
"2094","대규모점포","08_25_01_P","5670000","2015567047107500002","2011-04-01","","01","영업/정상","1","정상영업","","","","","055-719-5213","2459.5","","","경상남도 창원시 마산회원구 내서읍 경남대로 927 (롯데마트 삼계점)","51236","롯데마트 삼계점","2025-05-02 17:22:35","U","2025-05-04 02:40:00","그 밖의 대규모점포","336854.926637507","193664.997477032","준대규모점포"
"2095","대규모점포","08_25_01_P","5670000","2015567047107500003","2011-04-01","","01","영업/정상","1","정상영업","","","","","055-232-8980","286.65","","","경상남도 창원시 마산회원구 내서읍 삼계로 13 (내서농협)","51237","내서농협 삼계지점","2015-12-28 17:07:24","I","2021-07-02 00:23:01","구분없음","336799.865560792","193535.088102868","준대규모점포"
"2096","대규모점포","08_25_01_P","5670000","2015567047107500004","2011-04-01","","01","영업/정상","1","정상영업","","","","","055-231-5005","166.16","","","경상남도 창원시 마산회원구 내서읍 호원로 307 (내서농협)","51214","내서농협 호계지점","2016-03-28 19:06:03","I","2021-07-02 00:23:01","구분없음","338496.366235131","196791.994015258","준대규모점포"
"2097","대규모점포","08_25_01_P","5670000","2020567056607500001","2020-03-02","","01","영업/정상","1","정상영업","","","","","051-510-4646","208.25","","경상남도 창원시 의창구 중동 785번지 창원중동유니시티2단지","경상남도 창원시 의창구 중동로 33, 105~109호 (중동, 창원중동유니시티2단지)","51382","(주)지에스리테일 창원유니시티점","2025-04-29 13:15:37","U","2025-05-01 02:40:00","그 밖의 대규모점포","347988.104340174","196439.124667683","준대규모점포"
"2098","대규모점포","08_25_01_P","5670000","2020567057007500001","2019-08-20","","01","영업/정상","1","정상영업","","","","2019-08-20","","381","","경상남도 창원시 마산합포구 우산동 99","경상남도 창원시 마산합포구 현동4길 10, 코끼리주차빌딩 105호 (우산동)","51778","노브랜드 현동점 주식회사","2021-05-03 15:22:42","I","2021-07-02 00:23:01","그 밖의 대규모점포","341401.546770057","184716.666833596","준대규모점포"
"2101","대규모점포","08_25_01_P","5670000","2021567057407500001","2019-10-19","","01","영업/정상","1","정상영업","","","","","055-546-7773","322.42","","경상남도 창원시 진해구 자은동 143-1","경상남도 창원시 진해구 장복대로 171, 1층 (자은동)","51593","노브랜드 진해자은점","2021-05-10 15:09:27","I","2021-07-02 00:23:01","그 밖의 대규모점포","355989.583845141","185340.131413016","준대규모점포"
"2102","대규모점포","08_25_01_P","3530000","2012353010407500003","2012-04-30","","01","영업/정상","1","정상영업","","","","","032 463 5887","246.6","405-241","인천광역시 남동구 만수1동 935번지 1호","인천광역시 남동구 복개동로34번길 25 (만수동)","","롯데슈퍼 인천만수가맹점","2017-07-10 20:57:01","I","2018-08-31 23:59:59","구분없음","175850.901141261","438788.702527975","준대규모점포"
"2104","대규모점포","08_25_01_P","3560000","2006356006807500001","2006-08-29","","01","영업/정상","1","정상영업","","","","","0324401054","9722.72","","인천광역시 서구 당하동 1065-1","인천광역시 서구 서곶로 754(당하동)","22686","(주) 이마트 검단점","2024-07-12 14:33:38","U","2024-07-14 02:40:00","대형마트","171367.172682423","453724.353616205","대규모점포"
"2105","대규모점포","08_25_01_P","3560000","2009356006807500001","2002-08-01","","01","영업/정상","1","정상영업","","","","","0324538124","14700.94","404-251","인천광역시 서구 가좌1동 118번지","인천광역시 서구 가정로151번길 11 (가좌동)","404-251","홈플러스 가좌점","2024-03-06 08:47:07","U","2024-03-08 02:40:00","대형마트","170813.26483128","443985.945396357","대규모점포"
"2108","대규모점포","08_25_01_P","3560000","2011356010207500002","2011-06-27","","01","영업/정상","1","정상영업","","","","","575-7400","1579","404-240","인천광역시 서구 신현동 134번지 25호","인천광역시 서구 염곡로 351 (신현동)","","롯데쇼핑(주)롯데슈퍼신현점","2025-05-02 15:54:23","U","2025-05-04 02:40:00","그 밖의 대규모점포","170594.509911901","446044.209926329","준대규모점포"
"2109","대규모점포","08_25_01_P","3560000","2012356010207500001","2012-01-06","","01","영업/정상","1","정상영업","","","","","02-2145-8474","10761.59","","인천광역시 서구 청라동 159번지 1호 롯데마트","인천광역시 서구 청라커낼로 252, 롯데마트 (청라동)","22762","롯데쇼핑 (주) 롯데마트 청라점","2025-05-02 15:53:14","U","2025-05-04 02:40:00","대형마트","168725.044916072","447687.557991574","대규모점포"
"2113","대규모점포","08_25_01_P","3560000","2018356013707500001","2018-06-22","","01","영업/정상","1","정상영업","","","","","032-5674-8235","38642.78","","인천광역시 서구 경서동 953번지 7호 청라 스퀘어7","인천광역시 서구 청라루비로 76, 청라 스퀘어7 (경서동)","22761","청라스퀘어세븐","2018-06-27 16:43:32","I","2018-08-31 23:59:59","쇼핑센터","168257.170229336","447843.844166864","대규모점포"
"2114","대규모점포","08_25_01_P","3100000","2024310018407500001","2024-01-02","","01","영업/정상","1","정상영업","","","","","","158.34","","서울특별시 노원구 상계동 95-3","서울특별시 노원구 덕릉로 753, 노원롯데캐슬시그니처아파트 근린생활시설 2동 16,17호 (상계동)","01640","GS THE FRESH 노원캐슬점","2025-04-23 08:57:38","U","2025-04-25 02:40:00","구분없음","206799.020098051","462509.638445514","준대규모점포"
"2117","대규모점포","08_25_01_P","4080000","2006408014107500002","2006-10-04","","01","영업/정상","1","정상영업","","","","","031-691-2500","13587.5","456-824","경기도 안성시 공도읍 양기리 산 2번지 13호","경기도 안성시 공도읍 서동대로 4478","456-820","롯데쇼핑(주)롯데마트안성점","2025-05-28 14:15:43","U","2025-05-30 02:40:00","대형마트","217695.637116434","389592.895375219","대규모점포"
"2118","대규모점포","08_25_01_P","4080000","2008408014107500001","2008-08-27","","01","영업/정상","1","정상영업","","","","","686 1234","10035.66","456-240","경기도 안성시 석정동 149번지 3호","경기도 안성시 중앙로 246 (석정동)","456-240","(주)이마트 안성점","2023-07-26 18:34:31","U","2023-07-28 02:40:00","대형마트","222711.793919182","390149.787207476","대규모점포"
"2119","대규모점포","08_25_01_P","4080000","2008408014107500002","2008-11-14","","01","영업/정상","1","정상영업","","","","","653-2921","5620.51","456-823","경기도 안성시 공도읍 만정리 381번지 1호","경기도 안성시 공도읍 덕봉서원로 68","456-823","서안성농협 하나로마트","2015-04-17 17:03:50","I","2018-08-31 23:59:59","대형마트","215254.109871143","389810.889681838","대규모점포"
"2120","대규모점포","08_25_01_P","4080000","2010408014107500001","2010-03-29","","01","영업/정상","1","정상영업","","","","","031-8046-8000","4326.62","456-280","경기도 안성시 계동 85번지 3호","경기도 안성시 안성맞춤대로 833 (계동)","456-280","안성축산농협 하나로마트","2018-08-10 10:15:27","I","2018-08-31 23:59:59","대형마트","223771.205358289","387484.797282739","대규모점포"
"2121","대규모점포","08_25_01_P","4080000","2012408014107500001","2012-04-02","","01","영업/정상","1","정상영업","","","","","0316778056","1267.46","456-060","경기도 안성시 영동 410번지 외4필지","경기도 안성시 중앙로 430 (영동)","456-060","(주)지에스리테일 안성점","2025-05-28 14:15:30","U","2025-05-30 02:40:00","그 밖의 대규모점포","224346.846210761","389422.608470627","준대규모점포"
"2122","대규모점포","08_25_01_P","4080000","2013408014107500001","2013-01-07","","01","영업/정상","1","정상영업","","","","","031-678-1234","10035.66","456-240","경기도 안성시 석정동 149번지 3호","경기도 안성시 중앙로 246 (석정동)","","(주)이마트안성","2024-04-23 09:29:37","U","2024-04-25 02:40:00","대형마트","222711.793919182","390149.787207476","대규모점포"
"2126","대규모점포","08_25_01_P","4020000","2011402010807500001","2011-08-11","","01","영업/정상","1","정상영업","","","","","02-3459-8000","397","435-040","경기도 군포시 산본동 1060번지 2호","경기도 군포시 고산로 691 (산본동)","435-849","홈플러스(주)익스프레스 산본점","2024-03-25 18:26:47","U","2024-03-27 02:40:00","구분없음","194154.953449054","429969.442251446","준대규모점포"
"2127","대규모점포","08_25_01_P","4020000","2011402010807500002","2017-03-27","","01","영업/정상","1","정상영업","","","","","031-451-5200","1498","435-815","경기도 군포시 군포1동 784번지 5호","경기도 군포시 군포로 502 (당동)","435-011","(주)이마트에브리데이 당동점","2024-07-24 11:08:51","U","2024-07-26 02:40:00","구분없음","195068.379230476","427673.238824229","준대규모점포"
"2130","대규모점포","08_25_01_P","4020000","2010402010807500001","2011-05-17","","01","영업/정상","1","정상영업","","","","","031-450-1053","12198","435-040","경기도 군포시 산본동 1123번지","경기도 군포시 산본로 347 (산본동)","435-040","(주)이마트 산본점","2024-04-17 17:54:35","U","2024-04-19 02:40:00","대형마트","193861.874466854","428787.505318045","대규모점포"
"2131","대규모점포","08_25_01_P","3920000","2010392005707500001","2010-12-20","","01","영업/정상","1","정상영업","","","","","031-861-3300","3713.88","483-030","경기도 동두천시 생연동 698번지 11호","경기도 동두천시 중앙로 207 (생연동)","","동두천농협하나로마트","2024-02-26 09:08:23","U","2024-02-28 02:40:00","대형마트","204525.719674795","488583.056118126","대규모점포"
"2132","대규모점포","08_25_01_P","3920000","2012392005707500001","2012-04-30","","01","영업/정상","1","정상영업","","","","","0318668545","199.9","483-020","경기도 동두천시 지행동 718번지 2호 성지에스엔비타워 103,104호","경기도 동두천시 지행로 50 (지행동)","483-020","홈플러스(주)익스프레스동두천지행점","2024-03-26 14:48:51","U","2024-03-28 02:40:00","구분없음","204557.102323171","487718.114551363","준대규모점포"
"2133","대규모점포","08_25_01_P","3150000","2024315020007500001","2024-01-10","","01","영업/정상","1","정상영업","","","","","02-6925-2518","45167.97","","서울특별시 강서구 마곡동 769","서울특별시 강서구 공항대로 165, (마곡동 769 및 769-1)        [마곡지구 특별계획구역 CP4블록] (마곡동)","07800","원그로브몰","2024-12-09 16:02:51","U","2024-12-11 02:40:00","쇼핑센터","184449.736274095","451015.135227088","대규모점포"
"2134","대규모점포","08_25_01_P","4020000","2012402010807500001","2017-04-18","","01","영업/정상","1","정상영업","","","","","031-393-5601","265.5","435-849","경기도 군포시 산본동 1066번지 2호","경기도 군포시 고산로677번길 40 (산본동)","435-849","롯데쇼핑(주)롯데슈퍼 산본2동점","2025-04-24 15:08:07","U","2025-04-26 02:40:00","구분없음","193780.003004765","430085.434546529","준대규모점포"
"2135","대규모점포","08_25_01_P","4020000","2016402010807500001","2016-02-11","","01","영업/정상","1","정상영업","","","","","02-2299-2684","17003.14","","","경기도 군포시 번영로 485 (산본동)","15866","LOTTE FITIN 산본점","2025-04-29 13:24:27","U","2025-05-01 02:40:00","쇼핑센터","193789.410732019","428419.578316283","대규모점포"
"2136","대규모점포","08_25_01_P","4020000","2017402010807500001","2017-08-08","","01","영업/정상","1","정상영업","","","","","031-361-3456","11524","","경기도 군포시 부곡동 1227번지 1호","경기도 군포시 삼성로 74 (부곡동)","15874","트레이더스 홀세일 클럽 군포점","2024-04-17 17:58:23","U","2024-04-19 02:40:00","대형마트","194143.227537911","426457.360631877","대규모점포"
"2137","대규모점포","08_25_01_P","4140000","2012414004807500001","2012-04-27","","01","영업/정상","1","정상영업","","","","","031-832-6981","1526.95","","","경기도 연천군 전곡읍 전곡로 187-1","486-903","롯데슈퍼전곡점","2024-11-07 13:12:12","U","2024-11-09 02:40:00","그 밖의 대규모점포","205749.023512098","502827.430494496","준대규모점포"
"2143","대규모점포","08_25_01_P","5710000","2000436000907500018","1997-06-09","","01","영업/정상","1","정상영업","","","","","043 2101234","9517","","충청북도 청주시 서원구 미평동 123-1번지","충청북도 청주시 서원구 청남로 1853 (미평동)","361-202","(주)이마트청주점","2024-04-29 16:07:00","U","2024-05-01 02:40:00","대형마트","","","대규모점포"
"2148","대규모점포","08_25_01_P","5710000","2002436000907500004","2002-11-11","","01","영업/정상","1","정상영업","","","","","043 259 2080","9830.56","","충청북도 청주시 상당구 서문동 157-14번지","충청북도 청주시 상당구 사직대로 346  (서문동)","","홈플러스(주) 청주성안점","2024-03-06 11:24:48","U","2024-03-08 02:40:00","대형마트","243392.101658257","348454.159533439","대규모점포"
"2150","대규모점포","08_25_01_P","5710000","2004436000907500004","2004-05-20","","01","영업/정상","1","정상영업","","","","","043-249-8106","22763","361-803","충청북도 청주시 흥덕구 가경동 1696번지","충청북도 청주시 흥덕구 서부로 1291  (가경동)","","홈플러스(주)청주점","2024-03-06 11:33:26","U","2024-03-08 02:40:00","대형마트","239497.206513638","346120.918099259","대규모점포"
"2153","대규모점포","08_25_01_P","5710000","2008441006707500001","2008-09-24","","01","영업/정상","1","정상영업","","","","","043 249 8124","10672","363-883","충청북도 청주시 청원구 오창읍 양청리 820번지","충청북도 청주시 청원구 오창읍 중심상업1로 8-11","363-887","홈플러스(주) 오창점","2024-03-06 11:24:02","U","2024-03-08 02:40:00","대형마트","238188.127636011","356944.128244481","대규모점포"
"2155","대규모점포","08_25_01_P","5710000","2010436012407500001","2002-08-22","","01","영업/정상","1","정상영업","","","","","043 2907000","7957","360-100","충청북도 청주시 상당구 용암동 2634번지","충청북도 청주시 상당구 용암북로160번길 60 (용암동)","360-812","롯데쇼핑(주) 롯데마트상당점","2025-05-20 09:40:29","U","2025-05-22 02:40:00","대형마트","246099.20063665","346706.33715352","대규모점포"
"2156","대규모점포","08_25_01_P","5710000","2011436012407500001","2011-06-10","","01","영업/정상","1","정상영업","","","","","0432908000","15531","","충청북도 청주시 청원구 율량동 500-3번지","충청북도 청주시 청원구 충청대로 114 (율량동)","","홈플러스(주) 동청주점","2024-03-06 11:29:36","U","2024-03-08 02:40:00","대형마트","244184.944567344","351834.595747257","대규모점포"
"2157","대규모점포","08_25_01_P","5710000","2012436012407500002","2012-04-06","","01","영업/정상","1","정상영업","","","","","043-212-0125","1796","360-818","충청북도 청주시 청원구 율량동 883번지","충청북도 청주시 청원구 율봉로 169 (율량동)","360-818","롯데쇼핑(주)롯데슈퍼율량점","2025-05-02 14:41:39","U","2025-05-04 02:40:00","구분없음","243591.025047865","352120.922826857","준대규모점포"
"2160","대규모점포","08_25_01_P","5710000","2012436012407500006","2012-04-10","","01","영업/정상","1","정상영업","","","","","043-254-8601","977.3","360-081","충청북도 청주시 상당구 탑동 34-8번지","충청북도 청주시 상당구 용담로82번길 16 (탑동)","360-081","(주)이마트에브리데이 탑동점","2024-07-29 17:09:47","U","2024-07-31 02:40:00","구분없음","244718.133719497","347969.158970147","준대규모점포"
"2161","대규모점포","08_25_01_P","5710000","2012436012407500007","2012-04-10","","01","영업/정상","1","정상영업","","","","","043-287-0480","1340.1","361-806","충청북도 청주시 서원구 모충동 128-1번지","충청북도 청주시 서원구 남들로 44 (모충동)","361-806","(주)이마트에브리데이 모충동점","2024-07-29 17:11:15","U","2024-07-31 02:40:00","구분없음","243318.996124728","346873.954541843","준대규모점포"
"2162","대규모점포","08_25_01_P","5710000","2012436012407500010","2012-04-19","","01","영업/정상","1","정상영업","","","","","0433231 8574","450.1","361-805","충청북도 청주시 서원구 개신동 616번지","충청북도 청주시 서원구 경신로 45 (개신동)","361-805","홈플러스(주)익스프레스 청주개신점","2024-04-04 09:11:08","U","2024-04-06 02:40:00","구분없음","239909.181050241","346766.003515133","준대규모점포"
"2163","대규모점포","08_25_01_P","5710000","2012436012407500011","2012-04-19","","01","영업/정상","1","정상영업","","","","","043-286-8541","319.4","361-835","충청북도 청주시 서원구 수곡동 334번지","충청북도 청주시 서원구 구룡산로 321 (수곡동)","361-835","홈플러스(주)익스프레스 수곡점","2024-04-04 09:13:16","U","2024-04-06 02:40:00","구분없음","242885.946249057","346498.361995886","준대규모점포"
"2164","대규모점포","08_25_01_P","5710000","2012436012407500013","2012-04-19","","01","영업/정상","1","정상영업","","","","","043-265-4612","1119.48","361-816","충청북도 청주시 흥덕구 봉명동 189-1번지","충청북도 청주시 흥덕구 1순환로 576 (봉명동)","361-816","(주)지에스리테일 청주봉명점","2025-04-22 10:41:31","U","2025-04-24 02:40:00","구분없음","241169.834205813","349069.347197866","준대규모점포"
"2165","대규모점포","08_25_01_P","5710000","2012436012407500014","2012-04-19","","01","영업/정상","1","정상영업","","","","","043-291-8451","316.5","360-823","충청북도 청주시 상당구 용암동 1592-2번지 1층","충청북도 청주시 상당구 월평로 174 (용암동)","360-823","홈플러스 익스프레스 청주 용암점","2018-04-05 16:21:38","I","2018-10-04 11:12:49","구분없음","244992.345882879","345596.933252567","준대규모점포"
"2166","대규모점포","08_25_01_P","5710000","2012436012407500015","2012-08-17","","01","영업/정상","1","정상영업","","","","","043-909-2233","42018.02","361-270","충청북도 청주시 흥덕구 복대동 3380번지","충청북도 청주시 흥덕구 직지대로 308 (복대동)","361-270","현대백화점 충청점","2024-05-02 15:40:39","U","2024-05-04 02:40:00","백화점","238047.286714699","349368.880808052","대규모점포"
"2169","대규모점포","08_25_01_P","5710000","2014436020307500002","2011-07-05","","01","영업/정상","1","정상영업","","","","","043-292-1888","980.28","361-151","충청북도 청주시 서원구 수곡동 904번지","충청북도 청주시 서원구 구룡산로 242 (수곡동)","361-151","(주)지에스리테일 청주점","2025-04-22 10:37:47","U","2025-04-24 02:40:00","구분없음","242170.204013064","346191.916777315","준대규모점포"
"2170","대규모점포","08_25_01_P","5710000","2014436020307500003","2011-07-05","","01","영업/정상","1","정상영업","","","","","043-263-4600","447.1","361-833","충청북도 청주시 서원구 사창동 357-8번지","충청북도 청주시 서원구 창직로55번길 7 (사창동)","361-833","(주)지에스리테일 청주사직점","2025-04-22 10:49:25","U","2025-04-24 02:40:00","구분없음","241739.269410736","347853.672122816","준대규모점포"
"2171","대규모점포","08_25_01_P","5710000","1999436000907500004","1999-06-05","","01","영업/정상","1","정상영업","","","","","0432362500","6409.18","","충청북도 청주시 흥덕구 가경동 1416-2번지","충청북도 청주시 흥덕구 풍산로 15 (가경동)","361-801","롯데쇼핑(주)롯데마트 청주점","2025-05-20 09:42:46","U","2025-05-22 02:40:00","대형마트","238567.758443885","347375.787333102","대규모점포"
"2172","대규모점포","08_25_01_P","5710000","2000436000907500000","1981-12-30","","01","영업/정상","1","정상영업","","","","","043 2744437","0","","충청북도 청주시 서원구 사창동 269-11번지","충청북도 청주시 서원구 사직대로144번길 34 (사창동)","","신라쇼핑쎈타","2014-04-02 14:55:46","I","2018-10-04 11:12:49","그 밖의 대규모점포","241325.88088399","348141.884346319","대규모점포"
"2177","대규모점포","08_25_01_P","4950000","2020495012507500001","2020-08-27","","01","영업/정상","1","정상영업","","","","","0610000000","0","","전라남도 무안군 일로읍 오룡리 6 호반써밋APT","전라남도 무안군 일로읍 오룡번영로 185 (호반써밋APT)","58580","롯데슈퍼오룡가맹점","2021-04-29 17:10:40","U","2021-05-01 02:40:00","그 밖의 대규모점포","153116.230641127","145528.423319226","준대규모점포"
"2178","대규모점포","08_25_01_P","5710000","2020571018307500001","2020-09-23","","01","영업/정상","1","정상영업","","","","","043-215-4200","6835.73","","충청북도 청주시 청원구 오창읍 창리 64-4","충청북도 청주시 청원구 오창읍 공항로 1033-23","28109","주식회사 아산마트오창점","2024-04-04 09:05:06","U","2024-04-06 02:40:00","대형마트","240180.478406721","359898.219890676","대규모점포"
"2179","대규모점포","08_25_01_P","3180000","2020318023907500002","2020-10-12","","01","영업/정상","1","정상영업","","","","","02-2038-8575","3613.32","","서울특별시 영등포구 양평동1가 247 영등포 중흥 S-CLASS","서울특별시 영등포구 선유서로24길 6 (양평동1가, 영등포 중흥 S-CLASS)","07273","영등포 중흥 에스클래스","2021-04-07 10:37:13","U","2021-04-09 02:40:00","그 밖의 대규모점포","189877.186450371","446802.004602857","대규모점포"
"2180","대규모점포","08_25_01_P","3480000","2020348036507500001","2020-10-21","","01","영업/정상","1","정상영업","","","","","053-615-3705","336","","대구광역시 달성군 구지면 응암리 1251 대구국가산단 반도유보라 아이비파크 2","대구광역시 달성군 구지면 국가산단북로60길 59, 131동 지하1층 101~112호 (대구국가산단 반도유보라 아이비파크 2)","43008","롯데프레시 대구구지점","2021-08-04 08:59:50","U","2021-08-06 02:40:00","쇼핑센터","328501.384301002","240739.938522968","준대규모점포"
"2181","대규모점포","08_25_01_P","3520000","2020352017507500002","2020-10-28","","01","영업/정상","1","정상영업","","","","","032-228-1218","16105.88","","인천광역시 연수구 송도동 93","인천광역시 연수구 컨벤시아대로 204 (송도동)","22004","인천 스타트업파크","2024-02-13 17:07:15","U","2024-02-15 02:40:00","그 밖의 대규모점포","168034.064747116","431810.029413724","대규모점포"
"2182","대규모점포","08_25_01_P","5710000","2020571018307500002","2020-11-23","","01","영업/정상","1","정상영업","","","","","043-268-6553","10859.11","","충청북도 청주시 흥덕구 화계동 196","충청북도 청주시 흥덕구 엘지로 34 (화계동)","28293","다농엘마트","2020-11-20 16:56:39","I","2020-11-22 00:23:08","대형마트","238982.031354431","351205.893661209","대규모점포"
"2183","대규모점포","08_25_01_P","3100000","2025310018407500001","2025-05-28","","01","영업/정상","1","정상영업","","","","","02-2006-2364","262.8","","서울특별시 노원구 공릉동 388-2 1층","서울특별시 노원구 동일로192길 23, 1층 (공릉동)","01841","GS THE FRESH 공릉역점","2025-06-19 09:54:05","U","2025-06-21 02:40:00","구분없음","206477.084381626","458222.187373294","준대규모점포"
"2184","대규모점포","08_25_01_P","5710000","2025571029307500001","2025-06-11","","01","영업/정상","1","정상영업","","","","","0430000000","632","","충청북도 청주시 흥덕구 복대동 288-125 에스와이스타몰","충청북도 청주시 흥덕구 대농로 49-1, 에스와이스타몰 비동 101호 (복대동)","28425","노브랜드 청주복대2점","2025-07-08 17:44:02","U","2025-07-10 02:40:00","구분없음","238209.279586088","349098.999807594","준대규모점포"
"2185","대규모점포","08_25_01_P","3150000","2025315020007500001","2025-05-27","","01","영업/정상","1","정상영업","","","","","02-2665-1018","193.59","","서울특별시 강서구 마곡동 739-4 마곡헤리움1차","서울특별시 강서구 마곡서1로 115-1, 마곡헤리움1차 111~114호 (마곡동)","07599","GS THE FRESH 신방화역점","2025-06-23 09:30:40","U","2025-06-25 02:40:00","그 밖의 대규모점포","183901.209920497","451618.937363136","준대규모점포"
"2186","대규모점포","08_25_01_P","3940000","2025394044407500001","2025-06-23","","01","영업/정상","1","정상영업","","","","","02-782-9114","25203.39","","경기도 고양시 일산동구 풍동 1183","","","에비뉴 드 엘로이","2025-07-22 17:10:16","U","2025-07-24 02:40:00","그 밖의 대규모점포","181588.686552499","462370.643368579","대규모점포"
"2187","대규모점포","08_25_01_P","3520000","2025352024107500001","2025-05-12","","01","영업/정상","1","정상영업","","","","","032-810-2500","9196.74","","인천광역시 연수구 청학동 502-4 롯데마트 연수점","인천광역시 연수구 청능대로 87, 롯데마트 연수점 (청학동)","21926","롯데마트 연수점","2025-05-12 16:16:27","I","2025-05-14 00:20:35","대형마트","171173.885129435","434824.628551534","대규모점포"
"2188","대규모점포","08_25_01_P","3520000","2025352024107500002","2025-05-12","","01","영업/정상","1","정상영업","","","","","032-222-2523","10874","","인천광역시 연수구 송도동 6-11 롯데마트","인천광역시 연수구 컨벤시아대로 177, 롯데마트 (송도동)","21998","롯데마트 송도점","2025-05-12 15:26:06","I","2025-05-14 00:20:35","대형마트","168348.646973511","431855.205739156","대규모점포"
"2189","대규모점포","08_25_01_P","3900000","2025390030907500001","2025-05-19","","01","영업/정상","1","정상영업","","","","","02-2060-6285","174.48","","경기도 광명시 광명동 12-2 트리우스 광명","경기도 광명시 광이로 96, 상기2동 101,102,103호 (광명동, 트리우스 광명)","14206","GS THE FRESH 광명트리우스점","2025-05-21 09:29:57","U","2025-05-23 02:40:00","구분없음","187542.398118807","442685.966005291","준대규모점포"
"2191","대규모점포","08_25_01_P","3040000","2025304019007500001","2025-06-12","","01","영업/정상","1","정상영업","","","","","02-2006-2364","297.32","","서울특별시 광진구 구의동 257-126","서울특별시 광진구 자양로18길 33, 1층 (구의동)","05043","GS THE FRESH 구의역점","2025-06-12 16:17:54","I","2025-06-15 00:20:02","대형마트","207475.742181881","448425.52828576","준대규모점포"
"2193","대규모점포","08_25_01_P","4470000","2022447010207500001","2022-10-25","","01","영업/정상","1","정상영업","","","","","043-882-8780","994.44","","충청북도 음성군 금왕읍 무극리 124-2","충청북도 음성군 금왕읍 무극로 329","27628","롯데프레시 음성금왕점","2024-08-01 11:18:22","U","2024-08-03 02:40:00","그 밖의 대규모점포","","","준대규모점포"
"2194","대규모점포","08_25_01_P","3220000","2022322024907500002","2022-09-15","","01","영업/정상","1","정상영업","","","","","02 2006-2678","198","","서울특별시 강남구 신사동 638-6","서울특별시 강남구 압구정로 312, 1층 (신사동)","06017","GS THE FRESH 압구정점","2025-05-07 14:16:25","U","2025-05-09 02:40:00","구분없음","203069.441212025","447391.130408384","준대규모점포"
"2196","대규모점포","08_25_01_P","4731000","2011473006107500002","2011-10-28","","01","영업/정상","1","정상영업","","","","","","780","567-871","전북특별자치도 진안군 진안읍 군하리 309번지 4호","전북특별자치도 진안군 진무로 1004-0","567-871","롯데쇼핑(주)롯데슈퍼 진안점","2014-07-02 13:30:46","I","2024-01-19 01:16:45","쇼핑센터","238156.629043304","254017.229923252","준대규모점포"
"2197","대규모점포","08_25_01_P","4731000","2014473007607500001","2017-04-13","","01","영업/정상","1","정상영업","","","","","02-2290-5853","789.9","567-806","전북특별자치도 진안군 진안읍 군하리 309번지 4호","","","롯데쇼핑(주)롯데슈퍼 진안점","2017-04-13 12:36:53","I","2024-01-19 01:16:45","그 밖의 대규모점포","238156.629043304","254017.229923252","준대규모점포"
"2198","대규모점포","08_25_01_P","4711000","2000471001107500001","1997-12-05","","01","영업/정상","1","정상영업","","","","","063 5466000","","","전북특별자치도 김제시 검산동 820번지 3  호","","","썬마트","2007-07-07 11:05:41","I","2024-01-19 01:16:45","쇼핑센터","","",""
"2199","대규모점포","08_25_01_P","4711000","2000471001107500002","1999-09-18","","01","영업/정상","1","정상영업","","","","","063 5450411","","","전북특별자치도 김제시 옥산동 286번지 3   호","","","N마트","2007-07-07 11:05:41","I","2024-01-19 01:16:45","쇼핑센터","","",""
"2200","대규모점포","08_25_01_P","4711000","2000471001107500003","2000-02-07","","01","영업/정상","1","정상영업","","","","","063 5452441","","","전북특별자치도 김제시 서암동 397번지 1  호","","","마트크럽","2007-07-07 11:05:41","I","2024-01-19 01:16:45","쇼핑센터","","",""
"2201","대규모점포","08_25_01_P","4711000","2000471001107500004","1994-07-01","","01","영업/정상","1","정상영업","","","","","063 5460450","","","전북특별자치도 김제시 요촌동 288호","전북특별자치도 김제시 남북로 218 (요촌동)","","김제축협매장","2007-07-07 11:05:41","I","2024-01-19 01:16:45","쇼핑센터","189506.146320053","255935.765577168",""
"2202","대규모점포","08_25_01_P","4711000","2000471001107500005","1999-12-07","","01","영업/정상","1","정상영업","","","","","063 5455855","","","전북특별자치도 김제시 요촌동 272번지 1   호","","","디씨몰","2007-07-07 11:05:41","I","2024-01-19 01:16:45","쇼핑센터","","",""
"2203","대규모점포","08_25_01_P","4711000","2000471001107500006","1997-02-27","","01","영업/정상","1","정상영업","","","","","063 5443700","","","전북특별자치도 김제시 요촌동 213번지 4호","전북특별자치도 김제시 동서로 185 (요촌동)","","농협하나로마트","2007-07-07 11:05:41","I","2024-01-19 01:16:45","쇼핑센터","189851.296400918","255603.023408597",""
"2204","대규모점포","08_25_01_P","4711000","2000471001107500007","1998-09-15","","01","영업/정상","1","정상영업","","","","","063 5451007","","","전북특별자치도 김제시 신풍동 44번지 6호","","","뉴마트","2007-07-07 11:05:41","I","2024-01-19 01:16:45","쇼핑센터","190986.735570165","254921.612295221",""
"2205","대규모점포","08_25_01_P","4711000","2013471018207500001","2013-06-12","","01","영업/정상","1","정상영업","","","","","063)540-8224","13766.59","","전북특별자치도 김제시 검산동 841번지 16호","전북특별자치도 김제시 금성로 114 (검산동)","54399","홈플러스(주) 김제점","2024-03-05 09:11:43","U","2024-03-07 02:40:00","대형마트","191146.883710671","255517.370352134","대규모점포"
"2207","대규모점포","08_25_01_P","4711000","2006471001107500001","2006-07-05","","01","영업/정상","1","정상영업","","","","","063540 8000","13766.59","","전북특별자치도 김제시 검산동 841번지 16호 외 12필지","","","홈플러스 김제점","2011-04-15 13:35:15","I","2024-01-19 01:16:45","대형마트","","",""
"2208","대규모점포","08_25_01_P","4691000","2009469019307500001","2009-12-18","","01","영업/정상","1","정상영업","","","","","063-570-2500","11219.01","580-090","전북특별자치도 정읍시 농소동 446번지 1호 외 15필지","전북특별자치도 정읍시 벚꽃로 85 (농소동,외 15필지)","","롯데쇼핑(주) 롯데마트 정읍점","2025-05-12 13:10:47","U","2025-05-14 02:40:00","대형마트","185466.212511596","231110.263474669","대규모점포"
"2209","대규모점포","08_25_01_P","4701000","1997470000007500001","1997-04-23","","01","영업/정상","1","정상영업","","","","","063-620-3123","2949.75","","전북특별자치도 남원시 왕정동 146번지 1   호","전북특별자치도 남원시 남문로 385-16 (왕정동)","","이마트 남원점","2023-07-04 13:38:50","I","2024-01-19 01:16:45","대형마트","233973.177377479","212076.444622392","준대규모점포"
"2210","대규모점포","08_25_01_P","4701000","2012470011407500002","2012-07-12","","01","영업/정상","1","정상영업","","","","","063-620-2500","15683.78","","전북특별자치도 남원시 향교동 2-6 롯데마트","전북특별자치도 남원시 춘향로 96, 롯데마트 (향교동)","55726","롯데쇼핑(주) 롯데마트 남원점","2025-04-30 09:31:13","U","2025-05-02 02:40:00","대형마트","235597.223811364","213824.78339516","대규모점포"
"2214","대규모점포","08_25_01_P","4761000","2011476006307500001","2011-12-05","","01","영업/정상","1","정상영업","","","","","063-642-8025","218","566-895","전북특별자치도 임실군 오수면 오수리 328번지","전북특별자치도 임실군 오수면 오수로 145","566-895","오수관촌농협 오수하나로마트","2011-12-05 15:57:45","I","2024-01-19 01:16:45","그 밖의 대규모점포","229724.623465602","226488.38629207","준대규모점포"
"2215","대규모점포","08_25_01_P","4761000","2011476006307500002","2011-12-05","","01","영업/정상","1","정상영업","","","","","643-1016","137.1","566-862","전북특별자치도 임실군 강진면 갈담리 279번지","전북특별자치도 임실군 강진면 호국로 41","566-862","임실농협 강진하나로마트","2011-12-05 15:57:56","I","2024-01-19 01:16:45","그 밖의 대규모점포","214726.767469284","225597.418590095","준대규모점포"
"2216","대규모점포","08_25_01_P","4761000","2011476006307500003","2011-12-05","","01","영업/정상","1","정상영업","","","","","063-642-2506","190","566-805","전북특별자치도 임실군 임실읍 이도리 233번지 3호","전북특별자치도 임실군 임실읍 운수로 22","566-800","임실농협 임실하나로마트","2011-12-05 15:58:24","I","2024-01-19 01:16:45","그 밖의 대규모점포","225585.293376284","235046.133145131","준대규모점포"
"2217","대규모점포","08_25_01_P","4761000","2011476006307500004","2011-12-09","","01","영업/정상","1","정상영업","","","","","063-640-3604","482.63","566-805","전북특별자치도 임실군 임실읍 이도리","전북특별자치도 임실군 임실읍 운수로 6","566-805","임실축협하나로마트","2011-12-09 14:20:25","I","2024-01-19 01:16:45","그 밖의 대규모점포","225492.528496952","235159.748333614","준대규모점포"
"2218","대규모점포","08_25_01_P","4761000","2012476006307500001","2012-02-03","","01","영업/정상","1","정상영업","","","","","063-642-0340","286.53","","","전북특별자치도 임실군 관촌면 사선로 42","566-811","오수관촌농협관촌지점하나로마트","2012-02-03 17:13:43","I","2024-01-19 01:16:45","그 밖의 대규모점포","224418.856969701","241647.763695894","준대규모점포"
"2219","대규모점포","08_25_01_P","4761000","2012476006307500002","2012-02-26","","01","영업/정상","1","정상영업","","","","","063-642-0340","286.53","566-812","전북특별자치도 임실군 관촌면 관촌리 497번지","전북특별자치도 임실군 관촌면 사선로 42","566-812","오수관촌농협관촌지점하나로마트","2013-12-19 16:41:01","I","2024-01-19 01:16:45","그 밖의 대규모점포","224418.856969701","241647.763695894","준대규모점포"
"2221","대규모점포","08_25_01_P","4490000","2021449037507500002","2021-02-10","","01","영업/정상","1","정상영업","","","","","070-4060-4128","8226","","충청남도 천안시 서북구 쌍용동 1367","충청남도 천안시 서북구 월봉로 95 (쌍용동)","31171","맘마마트 천안점","2021-07-09 20:00:41","U","2021-07-11 02:40:00","대형마트","210350.365980618","366539.832359485","대규모점포"
"2223","대규모점포","08_25_01_P","3220000","2009322024907500001","2009-11-09","","01","영업/정상","1","정상영업","","","","","3463-8545","223","","서울특별시 강남구 도곡동 518-8 유진빌딩","서울특별시 강남구 논현로28길 9, 유진빌딩 (도곡동)","06301","홈플러스익스프레스 도곡2점","2021-06-18 10:06:47","U","2021-06-20 02:40:00","구분없음","203764.786572817","442286.229201457","준대규모점포"
"2225","대규모점포","08_25_01_P","3780000","2021378033407500001","2021-04-08","","01","영업/정상","1","정상영업","","","","","02-6959-7817","19968.31","","경기도 성남시 수정구 시흥동 288-2","경기도 성남시 수정구 창업로 17 (시흥동)","13449","파미어스몰","2025-05-13 16:41:14","U","2025-05-15 02:40:00","쇼핑센터","208613.865984257","434443.112052722","대규모점포"
"2226","대규모점포","08_25_01_P","3090000","2021309017007500001","2021-03-02","","01","영업/정상","1","정상영업","","","","","955-2739","316.8","","서울특별시 도봉구 방학동 484-7","서울특별시 도봉구 시루봉로 103-1, 1층 (방학동)","01362","GS THE FRESH 방학신동아점","2025-04-14 14:17:39","U","2025-04-16 02:40:00","구분없음","202346.049195533","461967.40118936","준대규모점포"
"2227","대규모점포","08_25_01_P","3900000","2021390026407500002","2021-03-05","","01","영업/정상","1","정상영업","","","","","070-4770-0796","28985.96","","경기도 광명시 일직동 512-3","경기도 광명시 양지로 17(일직동)","14345","에이케이플라자(주) 광명점","2025-01-09 10:16:24","U","2025-01-11 02:40:00","쇼핑센터","189541.850018502","435187.738812827","대규모점포"
"2228","대규모점포","08_25_01_P","3330000","2021333015107500001","2021-02-25","","01","영업/정상","1","정상영업","","","","","051-781-8001","28555.44","","부산광역시 해운대구 중동 1829 엘시티","부산광역시 해운대구 달맞이길 30 (중동, 엘시티)","48099","엘시티 더 몰","2024-04-03 10:23:15","U","2024-04-05 02:40:00","그 밖의 대규모점포","397540.467298187","186751.661439715","대규모점포"
"2229","대규모점포","08_25_01_P","3510500","2021351057907500001","2021-03-23","","01","영업/정상","1","정상영업","","","","","","884.37","","인천광역시 미추홀구 도화동 1011 더샵 인천스카이타워 1단지","인천광역시 미추홀구 숙골로88번길 12, 지1층 비20호 (도화동, 더샵 인천스카이타워 1단지)","22101","(주)이마트에브리데이 인천도화점","2024-08-22 10:46:05","U","2024-08-24 02:40:00","대형마트","170309.660233767","440927.748196756","준대규모점포"
"2230","대규모점포","08_25_01_P","5530000","2021553038907500001","2021-02-25","","01","영업/정상","1","정상영업","","","","","02-380-9429","14828.36","","경기도 화성시 오산동 1022","경기도 화성시 동탄대로 451(오산동)","18481","트레이더스 홀세일 클럽 동탄점","2024-04-23 09:24:01","U","2024-04-25 02:40:00","대형마트","208551.191176942","410187.304225812","대규모점포"
"2231","대규모점포","08_25_01_P","5120000","2008512022107500001","2008-09-22","","01","영업/정상","1","정상영업","","","","","559-8000","9503.99","","경상북도 문경시 모전동 859-2","경상북도 문경시 모전로 65 (모전동)","36981","홈플러스(주)","2021-02-24 20:29:30","I","2021-02-26 00:23:01","대형마트","306449.794700085","343567.171140178","대규모점포"
"2232","대규모점포","08_25_01_P","4020000","2021402022707500001","2021-04-09","","01","영업/정상","1","정상영업","","","","","031-8003-6400","4763.86","","경기도 군포시 도마교동 478","경기도 군포시 송부로96번길 12 (도마교동)","15885","군포송정 풍산리치안 플랫몰","2021-04-15 14:40:08","U","2021-04-17 02:40:00","그 밖의 대규모점포","193182.580781349","423740.621946567","대규모점포"
"2234","대규모점포","08_25_01_P","4000000","2021400019407500001","2021-04-22","","01","영업/정상","1","정상영업","","","","","","0","","경기도 오산시 원동 773-1","경기도 오산시 원동로37번길 27 (원동)","18141","오산 원동 상점가","2024-05-09 10:25:16","U","2024-05-11 02:40:00","구분없음","206226.32427256","404756.266645655","대규모점포"
"2235","대규모점포","08_25_01_P","5070000","2012507017807500002","2012-05-10","","01","영업/정상","1","정상영업","","","","","0548408300","19660","","경상북도 안동시 운흥동 247-28 홈플러스","경상북도 안동시 경동로 656, 홈플러스 (운흥동)","36706","홈플러스(주) 안동점","2021-02-20 11:15:07","I","2021-02-23 00:23:02","대형마트","354764.104994681","341554.03301387","대규모점포"
"2236","대규모점포","08_25_01_P","3400000","2021340010907500001","2021-03-31","","01","영업/정상","1","정상영업","","","","","02-6959-7869","18430.51","","부산광역시 기장군 기장읍 시랑리 산 46","","","부산 오시리아 테마파크 판매시설","2021-07-13 20:35:21","U","2021-07-15 02:40:00","쇼핑센터","401648.172377821","190623.521052889","대규모점포"
"2238","대규모점포","08_25_01_P","3610000","2007361006407500001","2007-06-27","","01","영업/정상","1","정상영업","","","","","062-611-1234","10855.91","","광주광역시 남구 봉선동 1064호","광주광역시 남구 봉선로 198 (봉선동)","503-846","이마트 봉선점","2024-11-20 18:14:35","U","2024-11-22 02:40:00","대형마트","192271.788165678","180371.789080786","대규모점포"
"2239","대규모점포","08_25_01_P","3660000","2002366001507500001","2002-01-19","","01","영업/정상","1","정상영업","","","","","0424791053","9623.17","302-121","대전광역시 서구 둔산1동 959번지 2호","대전광역시 서구 둔산북로 41 (둔산동)","","주식회사 이마트 둔산점","2024-05-16 20:14:14","U","2024-05-18 02:40:00","구분없음","233873.025973088","317345.757178114","대규모점포"
"2242","대규모점포","08_25_01_P","3660000","2004366001507500001","2004-05-06","","01","영업/정상","1","정상영업","","","","","042-488-2062","26971.55","","대전광역시 서구 월평동 243","대전광역시 서구 대덕대로 325 (월평동)","35214","스타게이트씨네몰","2024-05-16 20:36:36","U","2024-05-18 02:40:00","그 밖의 대규모점포","233937.744100362","317963.347889291","대규모점포"
"2243","대규모점포","08_25_01_P","3660000","2004366006807500002","2004-07-09","","01","영업/정상","1","정상영업","","","","","0424854184","18437","","대전광역시 서구 월평동 1491번지 패션월드","대전광역시 서구 월평새뜸로 5, 패션월드 (월평동)","35226","패션월드","2024-05-16 20:38:05","U","2024-05-18 02:40:00","그 밖의 대규모점포","231596.518599232","316844.754956974","대규모점포"
"2244","대규모점포","08_25_01_P","3660000","2012366012507500002","2012-03-22","","01","영업/정상","1","정상영업","","","","","042 525 8546","237.9","302-815","대전광역시 서구 괴정동 91번지 6호","대전광역시 서구 갈마로 257 (괴정동)","","홈플러스(주) 익스프레스 괴정점","2024-05-09 13:01:21","U","2024-05-11 02:40:00","대형마트","234267.45375467","314797.85822433","준대규모점포"
"2245","대규모점포","08_25_01_P","3660000","2012366012507500003","2012-12-24","","01","영업/정상","1","정상영업","","","","","042-610-6154","11282.78","302-834","대전광역시 서구 만년동 301번지","대전광역시 서구 대덕대로 408 (만년동)","","테크노월드","2024-11-20 16:19:58","U","2024-11-22 02:40:00","구분없음","234031.197153606","318785.398711515","대규모점포"
"2246","대규모점포","08_25_01_P","3660000","2014366013407500001","2014-01-10","","01","영업/정상","1","정상영업","","","","","0427181234","11319","","대전광역시 서구 월평동 510","대전광역시 서구 한밭대로 580(월평동)","35222","(주)이마트 트레이더스 월평점","2022-11-14 11:13:02","U","2022-11-16 02:40:00","구분없음","232507.184505762","317488.107936776","대규모점포"
"2247","대규모점포","08_25_01_P","3660000","2014366013407500002","2014-09-30","","01","영업/정상","1","정상영업","","","","","0425288546","367.7","302-220","대전광역시 서구 용문동 257번지 2호","대전광역시 서구 계룡로 648 (용문동)","302-220","홈플러스(주) 익스프레스 용문점","2024-05-09 12:59:00","U","2024-05-11 02:40:00","쇼핑센터","235251.993830709","315297.805895239","준대규모점포"
"2249","대규모점포","08_25_01_P","3660000","2018366013407500001","2018-05-30","","01","영업/정상","1","정상영업","","","","","0425361500","11432.33","","대전광역시 서구 둔산동 1279번지","대전광역시 서구 대덕대로 216 (둔산동)","35233","(주)프러스퍼러티","2024-05-16 20:42:52","U","2024-05-18 02:40:00","쇼핑센터","233985.791157191","316847.161670171","대규모점포"
"2253","대규모점포","08_25_01_P","3660000","1982366001507500003","1982-04-10","","01","영업/정상","1","정상영업","","","","","042-537-0945","8292","","대전광역시 서구 가장동 52번지 1호","대전광역시 서구 도산로314번길 19 (가장동)","35312","LK마트(빌딩)","2024-05-16 20:39:09","U","2024-05-18 02:40:00","그 밖의 대규모점포","234839.52283825","314801.489816511","대규모점포"
"2261","대규모점포","08_25_01_P","3660000","1994366001507500031","1997-09-05","","01","영업/정상","1","정상영업","","","","","042 4805562","55827.81","","대전광역시 서구 둔산동 1038호","대전광역시 서구 대덕대로 211 (둔산동)","","(주) 한화갤러리아 타임월드","2024-05-16 19:53:58","U","2024-05-18 02:40:00","백화점","233862.052682978","316846.061831289","대규모점포"
"2262","대규모점포","08_25_01_P","3660000","1996366001507500026","1996-02-29","","01","영업/정상","1","정상영업","","","","","04252208877","","","대전광역시 서구 갈마동 1418호","대전광역시 서구 대덕대로 150 (갈마동)","","(주)경성건설쇼핑","2007-06-23 10:15:16","I","2018-08-31 23:59:59","쇼핑센터","233760.108129755","316051.323101169",""
"2266","대규모점포","08_25_01_P","3660000","2010366011107500001","2010-10-21","","01","영업/정상","1","정상영업","","","","","042-483-2123","6219","302-847","대전광역시 서구 월평2동 245번지","대전광역시 서구 대덕대로317번길 20 (월평동)","","선사엔조이","2024-05-16 20:32:12","U","2024-05-18 02:40:00","그 밖의 대규모점포","233892.359009175","317905.159444619","대규모점포"
"2268","대규모점포","08_25_01_P","3660000","1991366001507500017","1991-09-28","","01","영업/정상","1","정상영업","","","","","042 4891540","4469","","대전광역시 서구 월평동 302호","대전광역시 서구 청사로 65 (월평동)","","황실코아","2019-09-03 13:50:17","U","2019-09-05 02:40:00","그 밖의 대규모점포","233293.025857215","317853.631178735","대규모점포"
"2269","대규모점포","08_25_01_P","3660000","1991366001507500018","","","01","영업/정상","1","정상영업","","","","","042 5833244","","","충청북도 충주시 주덕읍 신양리 919호","","","복수삼익목화","2007-06-23 10:15:16","I","2018-08-31 23:59:59","쇼핑센터","272062.541036096","386100.871107328",""
"2272","대규모점포","08_25_01_P","3660000","2000366001507500033","2000-02-21","","01","영업/정상","1","정상영업","","","","","042-601-3102","29063.89","302-794","대전광역시 서구 괴정동 423번지 1호","대전광역시 서구 계룡로 598 (괴정동)","302-794","롯데백화점 대전점","2025-04-30 10:10:33","U","2025-05-02 02:40:00","백화점","234901.193914174","315605.266030179","대규모점포"
"2273","대규모점포","08_25_01_P","3660000","2001366001507500003","2001-12-13","","01","영업/정상","1","정상영업","","","","","042-542-0991","4506.64","","대전광역시 서구 관저동 1008호","대전광역시 서구 관저중로 98 (관저동)","","리틀파워존","2024-05-16 20:33:08","U","2024-05-18 02:40:00","그 밖의 대규모점포","230055.811814155","311179.718881691","대규모점포"
"2279","대규모점포","08_25_01_P","3640000","2002364005807500019","2002-10-15","","01","영업/정상","1","정상영업","","","","","042 6088124","11572.63","","대전광역시 동구 용전동 65번지 1호 외 25필지","대전광역시 동구 한밭대로 1282 (용전동,외 25필지)","","삼성테스코(주) 홈플러스 동대전점","2009-04-21 14:45:43","I","2018-08-31 23:59:59","대형마트","239185.900858619","317088.412646934",""
"2280","대규모점포","08_25_01_P","3640000","2008364008907500002","2008-08-19","","01","영업/정상","1","정상영업","","","","","0422818120","8435.05","300-050","대전광역시 동구 가오동 557번지 토마토쇼핑센터 지하 1층","대전광역시 동구 은어송로 72 (가오동)","300-050","홈플러스(주) 대전가오점","2011-10-30 15:28:34","I","2018-08-31 23:59:59","대형마트","241064.767614979","311893.45796323","대규모점포"
"2281","대규모점포","08_25_01_P","3640000","2008364010407500001","2010-01-26","","01","영업/정상","1","정상영업","","2010-01-10","2010-02-25","2010-02-01","042-280-9004","9678.76","300-050","대전광역시 동구 가오동 557번지","대전광역시 동구 은어송로 72 (가오동)","","패션아일랜드 대전점","2010-01-29 16:30:20","I","2018-08-31 23:59:59","전문점","241064.767614979","311893.45796323",""
"2284","대규모점포","08_25_01_P","3640000","2009364010407500003","2010-06-01","","01","영업/정상","1","정상영업","","","","","042-607-7700","4464.1","300-070","대전광역시 동구 대동 160번지 1호","대전광역시 동구 동대전로 67 (대동)","","롯데쇼핑(주) 롯데마트 동대전점","2010-06-01 18:04:29","I","2018-08-31 23:59:59","쇼핑센터","239596.386064403","314379.091676888",""
"2286","대규모점포","08_25_01_P","3640000","2011364010307500002","2016-02-11","","01","영업/정상","1","정상영업","","","","","281-8001","8435.05","300-050","대전광역시 동구 가오동 557번지","대전광역시 동구 은어송로 72 (가오동)","300-050","홈플러스(주)대전가오점","2016-02-11 17:44:03","I","2018-08-31 23:59:59","대형마트","241064.767614979","311893.45796323","대규모점포"
"2287","대규모점포","08_25_01_P","3640000","2013364011407500001","2013-01-14","","01","영업/정상","1","정상영업","","","","","042-615-1234","23787.54","300-200","대전광역시 동구 용전동 63번지 3호","대전광역시 동구 동서대로 1689 (용전동)","","(주)이마트 대전터미널점","2013-01-14 11:52:05","I","2018-08-31 23:59:59","","239122.638390937","316705.693668735","대규모점포"
"2289","대규모점포","08_25_01_P","3640000","2014364011407500004","2017-04-17","","01","영업/정상","1","정상영업","","","","","042-271-6001","764.4","300-820","대전광역시 동구 용운동 322번지","대전광역시 동구 동부로85번길 19-8 (용운동)","300-820","(주)롯데프레시용운점","2022-10-27 10:02:14","U","2022-10-29 02:40:00","구분없음","241338.994706152","313683.583707525","준대규모점포"
"2303","대규모점포","08_25_01_P","3640000","2009364010407500013","2009-12-30","","01","영업/정상","1","정상영업","","","","","","23787","300-200","대전광역시 동구 용전동 63번지 3호 외 2필지","대전광역시 동구 동서대로 1689 (용전동)","300-710","(주)이마트 대전터미널점","2012-01-11 18:13:11","I","2018-08-31 23:59:59","대형마트","239122.638390937","316705.693668735","대규모점포"
"2304","대규모점포","08_25_01_P","3640000","2009364010407500014","2010-05-17","","01","영업/정상","1","정상영업","","","","","042-615-1234","23787.54","300-200","대전광역시 동구 용전동 63번지 3호 외 2필지","대전광역시 동구 동서대로 1689 (용전동,외 2필지)","","이마트 대전터미널점","2020-04-23 16:18:46","U","2020-04-25 02:40:00","대형마트","239122.638390937","316705.693668735","대규모점포"
"2305","대규모점포","08_25_01_P","3640000","2010364010407500001","2010-07-16","","01","영업/정상","1","정상영업","","","","","042-280-9073","14657.44","300-050","대전광역시 동구 가오동 557번지","대전광역시 동구 은어송로 72 (가오동)","","패션아일랜드 대전점","2015-09-07 14:05:27","I","2018-08-31 23:59:59","전문점","241064.767614979","311893.45796323","대규모점포"
"2306","대규모점포","08_25_01_P","3640000","2011364010307500001","2011-03-17","","01","영업/정상","1","정상영업","","","","","042 608 8124","16908.55","300-824","대전광역시 동구 용전동 65번지 1호","대전광역시 동구 한밭대로 1282 (용전동)","300-824","홈플러스(주) 동대전점","2016-02-11 17:44:44","I","2018-08-31 23:59:59","대형마트","239185.900858619","317088.412646934","대규모점포"
"2307","대규모점포","08_25_01_P","3640000","2017364011407500001","2021-02-22","","01","영업/정상","1","정상영업","","","","","0422818001","8435.05","","대전광역시 동구 가오동 557번지 패션아일랜드","대전광역시 동구 은어송로 72 (가오동)","34681","홈플러스(주)대전가오점","2024-02-27 17:01:38","U","2024-02-29 02:40:00","대형마트","241064.767614979","311893.45796323","대규모점포"
"2313","대규모점포","08_25_01_P","3310000","2005331001607500001","2005-04-06","","01","영업/정상","1","정상영업","","","","","0516091052","12661.45","","부산광역시 남구 문현동 751호","부산광역시 남구 전포대로91번길 47 (문현동)","","(주) 이마트 문현점","2024-12-26 16:04:07","U","2024-12-28 02:40:00","대형마트","388052.381944481","184747.385931209","대규모점포"
"2314","대규모점포","08_25_01_P","3310000","2006331001607500001","2006-07-13","","01","영업/정상","1","정상영업","","","","","0516098124","9882","","부산광역시 남구 감만동 8호","부산광역시 남구 우암로 124 (감만동)","608-800","홈플러스(주) 부산감만점","2025-05-27 17:32:36","U","2025-05-29 02:40:00","대형마트","389751.844562041","182245.608330959","대규모점포"
"2316","대규모점포","08_25_01_P","3310000","2011331008207500002","2011-08-12","","01","영업/정상","1","정상영업","","","","","051 638 8545","383.9","608-821","부산광역시 남구 문현1동 127번지 59호","부산광역시 남구 고동골로 66 (문현동)","608-821","홈플러스(주) 익스프레스 문현점","2024-03-28 13:52:52","U","2024-03-30 02:40:00","그 밖의 대규모점포","388708.504493627","184607.683566291","준대규모점포"
"2317","대규모점포","08_25_01_P","3310000","2011331008207500006","2011-09-02","","01","영업/정상","1","정상영업","","","","","051-621-3200","1552.99","608-838","부산광역시 남구 용호4동 541번지 18호","부산광역시 남구 용호로 228 (용호동)","608-838","농협하나로마트 용호점","2025-03-07 13:02:55","U","2025-03-09 02:40:00","그 밖의 대규모점포","392349.348327263","181234.845528669","준대규모점포"
"2318","대규모점포","08_25_01_P","3310000","2012331008207500001","2012-03-12","","01","영업/정상","1","정상영업","","","","","051-633-8405","1832","608-823","부산광역시 남구 문현3동 205번지 2호","부산광역시 남구 수영로39번길 2-5 (문현동, (주)메가마트 문현점)","608-823","(주)메가마트 문현점","2024-12-23 14:49:50","U","2024-12-25 02:40:00","그 밖의 대규모점포","388831.511202782","184013.267838581","준대규모점포"
"2319","대규모점포","08_25_01_P","3310000","2012331008207500002","2012-04-30","","01","영업/정상","1","정상영업","","","","","0516365601","525.6","608-828","부산광역시 남구 문현4동 358번지 9호","부산광역시 남구 지게골로 45 (문현동)","608-828","롯데쇼핑(주)롯데슈퍼 문현점","2025-04-29 16:13:53","U","2025-05-01 02:40:00","그 밖의 대규모점포","388650.24444681","183818.88630021","준대규모점포"
"2320","대규모점포","08_25_01_P","3310000","2014331008807500001","2014-08-18","","01","영업/정상","1","정상영업","","","","","051)913-5000","9643.53","608-042","부산광역시 남구 문현동 1229번지 1호","부산광역시 남구 문현금융로 40 (문현동)","608-042","비아이에프씨몰(BIFC Mall)","2024-11-04 16:31:37","U","2024-11-06 02:40:00","그 밖의 대규모점포","388182.381367829","185024.662471639","대규모점포"
"2321","대규모점포","08_25_01_P","3310000","2015331008807500001","2015-01-08","","01","영업/정상","1","정상영업","","","","","051)630-5000","41762.67","608-091","부산광역시 남구 용호동 954번지","","","W 스퀘어","2024-12-26 16:06:54","U","2024-12-28 02:40:00","쇼핑센터","392495.046847798","183633.944535074","대규모점포"
"2322","대규모점포","08_25_01_P","3310000","2015331008807500002","2015-02-04","","01","영업/정상","1","정상영업","","","","","051)625-2532","3670.35","608-839","부산광역시 남구 용호동 566번지 3호","부산광역시 남구 이기대공원로 450 (용호동)","608-839","다보네가구","2018-09-28 15:23:56","U","2018-09-28 23:59:59","전문점","392620.767456147","180839.195728232","대규모점포"
"2324","대규모점포","08_25_01_P","3350000","2005335001507500001","2005-04-15","","01","영업/정상","1","정상영업","","","","","051 606 1052","14644.91","","부산광역시 금정구 구서동 368호","부산광역시 금정구 중앙대로1841번길 24 (구서동)","609-847","(주)이마트 금정점","2024-05-01 15:42:30","U","2024-05-03 02:40:00","대형마트","390208.09260128","196546.356333373","대규모점포"
"2325","대규모점포","08_25_01_P","3350000","2009335008007500001","2009-07-24","","01","영업/정상","1","정상영업","","","","","051-509-7000","14680.61","","부산광역시 금정구 장전동 40","부산광역시 금정구 부산대학로63번길 2(장전동)","46241","NC 부산대점","2024-12-02 08:59:45","U","2024-12-04 02:40:00","쇼핑센터","389314.662086382","194669.898821674","대규모점포"
"2329","대규모점포","08_25_01_P","3350000","2017335010007500001","2017-12-01","","01","영업/정상","1","정상영업","","","","","051-510-4698","227","","부산광역시 금정구 장전동 538번지 1호 한신시티빌","부산광역시 금정구 금강로 209 (장전동)","46294","(주)GS리테일 부산장전점","2025-04-30 17:44:43","U","2025-05-02 02:40:00","구분없음","389544.633123958","193974.835419157","준대규모점포"
"2345","대규모점포","08_25_01_P","5670000","2008532011007500001","2008-06-11","","01","영업/정상","1","정상영업","","","","","055-540-8124","12780","645-808","경상남도 창원시 진해구 이동 536번지 10호","경상남도 창원시 진해구 충장로 356 (이동)","","홈플러스 진해점","2021-06-15 09:49:42","I","2021-07-02 00:23:01","대형마트","354027.572779734","185091.047013466","대규모점포"
"2346","대규모점포","08_25_01_P","5670000","2009528017007500001","2009-02-16","","01","영업/정상","1","정상영업","","","","","711-1052","0","631-870","경상남도 마산시 중앙동3가 4번지 1호","경상남도 창원시 마산합포구 서성로 3 (중앙동3가)","","(주)신세계이마트마산점","2009-02-16 18:28:32","I","2021-07-02 00:23:01","대형마트","342886.064848583","189864.336045851",""
"2347","대규모점포","08_25_01_P","5670000","2009528017007500002","2003-03-20","","01","영업/정상","1","정상영업","","","","2014-04-01","292 7988","5515.51","630-816","경상남도 창원시 마산회원구 합성1동 586번지","경상남도 창원시 마산회원구 3·15대로 지하 758 (합성동)","","(주)대현프리몰 창원점","2014-04-02 09:21:15","I","2021-07-02 00:23:01","쇼핑센터","343996.417072118","194413.871669486","대규모점포"
"2348","대규모점포","08_25_01_P","5670000","2009528017007500003","2009-04-27","","01","영업/정상","1","정상영업","","","","","055-259-8124","27678.74","630-811","경상남도 창원시 마산회원구 양덕2동 151번지 1호","경상남도 창원시 마산회원구 삼호로 56 (양덕동)","","홈플러스 마산점","2021-06-15 10:01:48","I","2021-07-02 00:23:01","대형마트","344300.256802514","192639.515073523","대규모점포"
"2350","대규모점포","08_25_01_P","5670000","2010567024107500001","2010-07-30","","01","영업/정상","1","정상영업","","","","","055-297-8593","390.8","630-811","경상남도 창원시 마산회원구 양덕2동 59번지 1호","경상남도 창원시 마산회원구 율림교로 12 (양덕동)","","홈플러스(주)익스프레스 마산양덕점","2024-03-19 14:49:24","U","2024-03-21 02:40:00","구분없음","344191.811954823","193346.155529709","준대규모점포"
"2351","대규모점포","08_25_01_P","5670000","2011567024107500002","2011-06-29","","01","영업/정상","1","정상영업","","","","","055 255 8545","363.3","630-807","경상남도 창원시 마산회원구 석전2동 245번지 3호","경상남도 창원시 마산회원구 양덕서8길 10 (석전동)","","홈플러스(주) 익스프레스 석전점","2024-03-19 14:57:38","U","2024-03-21 02:40:00","구분없음","343608.326889913","193632.616766862","준대규모점포"
"2352","대규모점포","08_25_01_P","5670000","2011567024107500003","2011-06-29","","01","영업/정상","1","정상영업","","","","","0552328052","479.7","630-856","경상남도 창원시 마산회원구 내서읍 호계리 65번지","경상남도 창원시 마산회원구 내서읍 광려천북로 198-2","","홈플러스(주) 익스프레스 마산호계점","2024-03-19 14:43:35","U","2024-03-21 02:40:00","구분없음","338565.952032288","197423.081824261","준대규모점포"
"2353","대규모점포","08_25_01_P","5480000","2012548006907500001","2012-05-08","","01","영업/정상","1","정상영업","","","","2010-10-09","055-931-5601","849.1","678-807","경상남도 합천군 합천읍 합천리 698번지 2호","경상남도 합천군 합천읍 충효로 39","678-801","롯데쇼핑(주)롯데슈퍼 합천점","2022-05-09 10:19:00","U","2022-05-11 02:40:00","그 밖의 대규모점포","305153.751800343","229962.575861394","준대규모점포"
"2355","대규모점포","08_25_01_P","5670000","2011567024107500005","2011-08-09","","01","영업/정상","1","정상영업","","","","","055-246-7114","1795","631-872","경상남도 창원시 마산합포구 해운동 34번지","경상남도 창원시 마산합포구 월영동서로 20 (해운동)","","(주)GS지에스리테일 마산점","2025-04-15 13:49:29","U","2025-04-17 02:40:00","그 밖의 대규모점포","342105.127165045","187860.660953508","준대규모점포"
"2356","대규모점포","08_25_01_P","5670000","2011567024107500006","2011-08-09","","01","영업/정상","1","정상영업","","","","","055-715-7030","677","630-820","경상남도 창원시 마산회원구 회원동 50번지 5호 천지리치빌","경상남도 창원시 마산회원구 북성로 138, 101호 (회원동, 천지리치빌)","630-820","(주)GS지에스리테일 마산회원점","2025-04-17 11:28:48","U","2025-04-19 02:40:00","구분없음","342974.493761506","192263.611428005","준대규모점포"
"2357","대규모점포","08_25_01_P","5670000","2011567024107500008","2011-08-09","","01","영업/정상","1","정상영업","","","","","055-263-4665","1543.2","642-805","경상남도 창원시 성산구 대방동 363번지 2호","경상남도 창원시 성산구 가양로124번길 5-12 (대방동)","642-805","(주)지에스리테일 대방점","2025-04-11 10:10:43","U","2025-04-13 02:40:00","그 밖의 대규모점포","355398.667712291","191281.336947593","준대규모점포"
"2358","대규모점포","08_25_01_P","5670000","2011567024107500010","2011-08-09","","01","영업/정상","1","정상영업","","","","","055-552-8867","958.37","645-806","경상남도 창원시 진해구 여좌동 761번지 46호","경상남도 창원시 진해구 충장로 87 (여좌동)","","(주)GS지에스리테일 진해여좌점","2025-04-16 09:44:37","U","2025-04-18 02:40:00","그 밖의 대규모점포","351335.420325117","185009.790493375","준대규모점포"
"2365","대규모점포","08_25_01_P","5670000","1997528000007500001","1997-08-11","","01","영업/정상","1","정상영업","","","","","0551 2434577","","","경상남도 마산시 오동동 18번지 61호","경상남도 창원시 마산합포구 오동동14길 29 (오동동)","","(주)기산프라쟈","2007-06-30 10:28:07","I","2021-07-02 00:23:01","대형마트","343880.183849584","190702.50942653",""
"2368","대규모점포","08_25_01_P","5670000","2000527002207500001","2000-08-23","","01","영업/정상","1","정상영업","","","","","055 2763535","0","","경상남도 창원시 반지동 78호","경상남도 창원시 성산구 원이대로393번길 25 (반지동)","","(주)아람마트 창원점","2009-05-15 15:18:15","I","2021-07-02 00:23:01","대형마트","351260.497721082","194674.701177344",""
"2371","대규모점포","08_25_01_P","5670000","2000527002207500004","2000-10-06","","01","영업/정상","1","정상영업","","","","","055-270-8124","30100","641-847","경상남도 창원시 의창구 팔용동 30번지 3호","경상남도 창원시 의창구 창원대로 415 (팔용동)","","홈플러스 창원점","2021-06-15 09:47:01","I","2021-07-02 00:23:01","대형마트","349554.531300316","193997.823602934","대규모점포"
"2372","대규모점포","08_25_01_P","5670000","2001527018207500001","2001-12-24","","01","영업/정상","1","정상영업","","","","","055-279-2500","27497.64","","경상남도 창원시 상남동 79호","경상남도 창원시 성산구 중앙대로 124 (상남동)","","롯데백화점 창원점","2025-05-07 20:13:28","U","2025-05-09 02:40:00","백화점","353052.944834244","192993.337825028","대규모점포"
"2373","대규모점포","08_25_01_P","5670000","2001528015507500020","2001-03-26","","01","영업/정상","1","정상영업","","","","","055 240 1041","26674.69","","경상남도 마산시 산호동 10번지 3 호","경상남도 창원시 마산합포구 합포로 251 (산호동)","631-711","(주)신세계 마산점","2022-04-26 15:41:41","U","2022-04-28 02:40:00","백화점","344361.357213009","192302.09720122","대규모점포"
"2374","대규모점포","08_25_01_P","5670000","2002527002207500001","2002-03-15","","01","영업/정상","1","정상영업","","","","","055 211 1052","10909","642-845","경상남도 창원시 성산구 중앙동 91번지","경상남도 창원시 성산구 원이대로 608 (중앙동)","642-845","(주) 이마트 창원점","2023-07-04 17:31:23","U","2023-07-06 02:40:00","대형마트","352870.655048828","193192.657445858","대규모점포"
"2376","대규모점포","08_25_01_P","5670000","19975670570075","1997-07-01","","01","영업/정상","1","정상영업","","","","","055-224-0426","396","","경상남도 창원시 마산합포구 자산동 330-1 하얀집","경상남도 창원시 마산합포구 자산솔밭로 51, 하얀집 (자산동)","51261","롯데슈퍼 마산자산점","2021-05-03 16:50:26","I","2021-07-02 00:23:01","그 밖의 대규모점포","341877.6268526","190288.093378016","준대규모점포"
"2407","대규모점포","08_25_01_P","5670000","2003527018207500001","2003-06-23","","01","영업/정상","1","정상영업","","","","","055 212 8063","8123","","경상남도 창원시 성산구 상남동 44번지 1호 대동백화점","경상남도 창원시 성산구 원이대로 730, 대동백화점 1층 (상남동)","51498","대동백화점","2018-09-20 20:31:26","I","2021-07-02 00:23:01","백화점","353660.889782198","192440.577505521","대규모점포"
"2408","대규모점포","08_25_01_P","5670000","2004527009307500001","2004-05-06","","01","영업/정상","1","정상영업","","","","","055-211-1053","0","","경상남도 창원시 중앙동 91호","경상남도 창원시 성산구 원이대로 608 (중앙동)","","신세계 이마트 창원점","2008-11-19 10:50:59","I","2021-07-02 00:23:01","대형마트","352870.655048828","193192.657445858",""
"2409","대규모점포","08_25_01_P","5670000","2004527009307500002","2004-05-06","","01","영업/정상","1","정상영업","","","","","055-211-1053","10909","","경상남도 창원시 중앙동 91호","경상남도 창원시 성산구 원이대로 608 (중앙동)","","신세계 이마트 창원점","2008-11-19 14:12:45","I","2021-07-02 00:23:01","대형마트","352870.655048828","193192.657445858",""
"2411","대규모점포","08_25_01_P","5670000","2005527012907500001","2005-04-13","","01","영업/정상","1","정상영업","","","","","055-211-1053","10909","","경상남도 창원시 중앙동 91호","경상남도 창원시 성산구 원이대로 608 (중앙동)","","신세계 이마트 창원점","2008-11-19 11:36:46","I","2021-07-02 00:23:01","대형마트","352870.655048828","193192.657445858",""
"2412","대규모점포","08_25_01_P","5670000","2005532006207500001","2005-03-04","","01","영업/정상","1","정상영업","","","","","055 540 7050","11630.56","","경상남도 진해시 석동 543-5호","경상남도 창원시 진해구 진해대로 762 (석동)","645-280","롯데쇼핑(주)롯데마트진해점","2025-06-04 11:24:50","U","2025-06-06 02:40:00","대형마트","354711.697540492","185657.659582022","대규모점포"
"2416","대규모점포","08_25_01_P","5670000","2008527018207500001","2008-06-02","","01","영업/정상","1","정상영업","","","","","055-385-2500","10040.05","","경상남도 창원시 성산구 대원동 121 더시티세븐","경상남도 창원시 성산구 원이대로 320, 더시티세븐 (대원동)","51408","롯데쇼핑(주) 롯데마트 시티세븐점","2025-06-04 08:48:01","U","2025-06-06 02:40:00","대형마트","350381.455011533","194669.203835745","대규모점포"
"2417","대규모점포","08_25_01_P","5670000","2008527018207500002","2008-06-02","","01","영업/정상","1","정상영업","","","","","055 600 5100","25143.94","","경상남도 창원시 성산구 대원동 121 더시티세븐","경상남도 창원시 성산구 원이대로 320, 더시티세븐 (대원동)","51408","City7 Mall","2025-05-16 09:21:55","U","2025-05-18 02:40:00","그 밖의 대규모점포","350381.455011533","194669.203835745","대규모점포"
"2418","대규모점포","08_25_01_P","5670000","2008528017007500001","2006-10-16","","01","영업/정상","1","정상영업","","","","","055-711-1052","0","631-423","경상남도 마산시 중앙동3가 4번지 1호","경상남도 창원시 마산합포구 서성로 3 (중앙동3가)","","(주)신세계마트 이마트 마산점","2008-01-24 17:29:43","I","2021-07-02 00:23:01","대형마트","342886.064848583","189864.336045851",""
"2419","대규모점포","08_25_01_P","5670000","2008528017007500002","2008-02-11","","01","영업/정상","1","정상영업","","","","","055 711 1052","11192","631-870","경상남도 창원시 마산합포구 중앙동3가 4번지 1호","경상남도 창원시 마산합포구 서성로 3 (중앙동3가)","","(주) 이마트 마산점","2023-07-04 17:30:37","U","2023-07-06 02:40:00","구분없음","342886.064848583","189864.336045851","대규모점포"
"2420","대규모점포","08_25_01_P","5670000","2008528017007500003","2007-02-02","","01","영업/정상","1","정상영업","","","","","240-5000","0","631-712","경상남도 마산시 신포동2가 28번지 대우백화점","경상남도 창원시 마산합포구 동서동로 18 (신포동2가,대우백화점)","","(주)대우인터내서널 대우백화점","2008-09-24 17:17:11","I","2021-07-02 00:23:01","백화점","343212.800421554","190266.65987154",""
"2421","대규모점포","08_25_01_P","3690000","2005369006007500002","2005-10-14","","01","영업/정상","1","정상영업","","","","","052-243-2911","12046.4","","울산광역시 중구 성남동 256번지 24호","울산광역시 중구 젊음의2거리 33 (성남동)","681-812","(유) 에브라임이노베이션 울산지점","2021-12-29 15:04:42","U","2021-12-31 02:40:00","쇼핑센터","410346.764882793","230634.46944722","대규모점포"
"2422","대규모점포","08_25_01_P","3690000","2006369006007500001","2001-11-06","","01","영업/정상","1","정상영업","","","","","052-702-8087","17700","681-809","울산광역시 중구 복산2동 100번지","울산광역시 중구 번영로 475 (복산동)","681-809","홈플러스(주) 울산점","2024-03-06 16:12:33","U","2024-03-08 02:40:00","대형마트","411601.338446216","231915.243733168","대규모점포"
"2424","대규모점포","08_25_01_P","3690000","2014369009907500001","2011-07-25","","01","영업/정상","1","정상영업","","","","","052-246-8116","418","","울산광역시 중구 태화동 37-29","울산광역시 중구 명륜로 23 (태화동)","44452","(주)지에스리테일 GS더프레시 울산태화점","2025-04-18 13:09:27","U","2025-04-20 02:40:00","구분없음","409276.15205248","230745.196101658","준대규모점포"
"2425","대규모점포","08_25_01_P","5690000","2015569013607500001","2015-01-09","","01","영업/정상","1","정상영업","","","","","044-902-1234","13996.41","","세종특별자치시 가람동 406번지 이마트세종점","세종특별자치시 금송로 687, 이마트세종점 (가람동)","30065","이마트 세종점","2018-07-06 15:27:28","I","2018-08-31 23:59:59","대형마트","222425.493016349","330046.389124869","대규모점포"
"2426","대규모점포","08_25_01_P","5690000","2016569013607500003","2016-06-15","","01","영업/정상","1","정상영업","","","","","1899-9900","13750.56","","세종특별자치시 대평동 584번지 7호 코스트코 세종점","세종특별자치시 종합운동장1로 14, 코스트코 세종점 (대평동)","30154","코스트코 홀세일 세종점","2018-10-30 10:59:35","U","2018-11-01 02:37:43","대형마트","224057.825004564","329646.154691509","대규모점포"
"2427","대규모점포","08_25_01_P","5690000","2018569020007500001","2018-07-06","","01","영업/정상","1","정상영업","","","","","02-3404-4941","13122.66","","세종특별자치시 어진동 539번지","세종특별자치시 한누리대로 411 (어진동)","30116","KT&G Mall 세종A관","2019-02-12 18:04:31","U","2019-02-14 02:40:00","그 밖의 대규모점포","223120.094210618","333376.484678264","대규모점포"
"2428","대규모점포","08_25_01_P","4450000","2011445005307500001","2011-12-07","","01","영업/정상","1","정상영업","","","","","043-536-2303","1243.02","365-803","충청북도 진천군 진천읍 교성리 206번지 1호","충청북도 진천군 진천읍 남산길 78","365-803","(주)지에스리테일 진천점","2025-04-19 11:15:43","U","2025-04-21 02:40:00","그 밖의 대규모점포","239497.37327675","372568.007341718","준대규모점포"
"2429","대규모점포","08_25_01_P","5690000","2008456001007500001","2008-05-09","","01","영업/정상","1","정상영업","","","","","044-861-8124","8459.4","339-804","세종특별자치시 조치원읍 번암리 53번지","세종특별자치시 조치원읍 허만석로 60","339-804","홈플러스(주) 조치원점","2024-03-06 14:00:55","U","2024-03-09 02:40:00","대형마트","226564.668968332","342839.206240872","대규모점포"
"2430","대규모점포","08_25_01_P","5690000","2014569002107500001","2014-07-25","","01","영업/정상","1","정상영업","","","","","044-715-8124","23716","","세종특별자치시 어진동 503번지 홈플러스 세종점","세종특별자치시 절재로 154 (어진동)","30102","홈플러스(주) 세종점","2024-03-06 14:03:08","U","2024-03-09 02:40:00","쇼핑센터","223118.17941601","334063.124365711","대규모점포"
"2431","대규모점포","08_25_01_P","3150000","2011315012307500001","2011-01-18","","01","영업/정상","1","정상영업","","","","","000261164000","77670","157-222","서울특별시 강서구 방화2동 886번지 외6필지","서울특별시 강서구 하늘길 38 (방화동, 롯데몰 김포공항)","157-220","롯데몰 김포공항","2025-05-17 09:58:52","U","2025-05-19 02:40:00","쇼핑센터","182524.823835629","451438.25089679","대규모점포"
"2432","대규모점포","08_25_01_P","3090000","2012309013407500001","2012-01-05","","01","영업/정상","1","정상영업","","","","2012-01-05","903-0900","784.04","132-042","서울특별시 도봉구 창2동 628번지 20호","서울특별시 도봉구 도봉로104길 53 (창동)","132-042","(주)에브리데이리테일 창동점","2014-10-17 15:07:34","I","2018-08-31 23:59:59","구분없음","203027.627111443","460124.418353378","준대규모점포"
"2433","대규모점포","08_25_01_P","3090000","2012309013407500002","2012-03-15","","01","영업/정상","1","정상영업","","","","","903-5601","705.1","132-032","서울특별시 도봉구 쌍문2동 19번지","서울특별시 도봉구 도당로 10 (쌍문동)","132-858","롯데슈퍼 쌍문점","2025-04-22 17:17:21","U","2025-04-24 02:40:00","쇼핑센터","203048.669322526","461867.647869631","준대규모점포"
"2434","대규모점포","08_25_01_P","3090000","2012309013407500003","2012-03-18","","01","영업/정상","1","정상영업","","","","","903-5602","197.7","132-041","서울특별시 도봉구 창1동 651번지 36호","서울특별시 도봉구 도봉로110길 65 (창동)","132-925","롯데프레쉬 창동점","2023-05-04 09:18:41","U","2023-05-07 02:40:00","구분없음","203207.625254256","460455.837628654","준대규모점포"
"2435","대규모점포","08_25_01_P","3090000","2003309008707500846","2003-06-25","","01","영업/정상","1","정상영업","","","","","000209122080","15851.56","132-854","서울특별시 도봉구 방학동 707번지 7호","서울특별시 도봉구 도봉로 678 (방학동)","132-854","홈플러스(주)방학점","2024-02-23 17:58:32","U","2024-02-25 02:40:00","대형마트","203790.013568785","462495.417040876","대규모점포"
"2436","대규모점포","08_25_01_P","3090000","2007309010507500001","2006-09-04","","01","영업/정상","1","정상영업","","","","","02-907-0033","5648.26","132-918","서울특별시 도봉구 창동 581번지 28호","서울특별시 도봉구 덕릉로57길 30 (창동)","132-918","삼익쇼핑","2014-09-29 17:07:06","I","2018-08-31 23:59:59","그 밖의 대규모점포","203220.921406024","459746.924430501","대규모점포"
"2438","대규모점포","08_25_01_P","3090000","2011309013407500001","2011-09-26","","01","영업/정상","1","정상영업","","","","","903-0900","1095.47","132-042","서울특별시 도봉구 창2동 628번지 20호","서울특별시 도봉구 도봉로104길 53 (창동)","132-042","(주)에브리데이리테일 창동점","2014-09-25 13:41:44","I","2018-08-31 23:59:59","구분없음","203027.627111443","460124.418353378","준대규모점포"
"2439","대규모점포","08_25_01_P","3090000","2012309013407500004","2012-03-15","","01","영업/정상","1","정상영업","","","","","3491-4297","844.9","132-828","서울특별시 도봉구 방학3동 271번지 2호","서울특별시 도봉구 방학로 223 (방학동)","132-828","롯데슈퍼 방학점","2025-04-22 17:22:41","U","2025-04-24 02:40:00","구분없음","202326.175760253","462116.40856417","준대규모점포"
"2441","대규모점포","08_25_01_P","3240000","2005324010607500002","2005-03-31","","01","영업/정상","1","정상영업","","","","","2224 1053","9081","","서울특별시 강동구 천호동 454번지 1호","서울특별시 강동구 천호대로 1017 (천호동)","134-874","(주)이마트천호점","2024-05-10 13:13:11","U","2024-05-12 02:40:00","대형마트","211025.924972294","448495.189151526","대규모점포"
"2445","대규모점포","08_25_01_P","3240000","2007324013907500001","2007-06-05","","01","영업/정상","1","정상영업","","","","","02-3393-3466","3513.8","134-814","서울특별시 강동구 길동 414번지 10호","서울특별시 강동구 진황도로 99 (길동)","134-814","강동한신휴플러스","2015-11-26 18:04:34","I","2018-08-31 23:59:59","그 밖의 대규모점포","212081.019857419","448209.124823551","대규모점포"
"2446","대규모점포","08_25_01_P","3240000","2009324013907500001","2008-11-07","","01","영업/정상","1","정상영업","","","","","000234008000","14176","134-861","서울특별시 강동구 천호동 42번지","서울특별시 강동구 양재대로 1571 (천호동)","134-861","홈플러스 강동점","2024-03-06 17:08:54","U","2024-03-08 02:40:00","대형마트","212501.369116329","449282.31038379","대규모점포"
"2448","대규모점포","08_25_01_P","3240000","2011324013907500002","2011-09-27","","01","영업/정상","1","정상영업","","","","","4763708","1494.61","134-830","서울특별시 강동구 명일1동 312번지 99호","서울특별시 강동구 양재대로 1630 (명일동)","134-071","(주)지에스리테일 명일점","2025-06-09 14:57:27","U","2025-06-12 02:40:00","구분없음","212676.162193508","449910.881572138","준대규모점포"
"2449","대규모점포","08_25_01_P","3240000","1999324013907500001","1999-04-12","","01","영업/정상","1","정상영업","","","","","02-2225-8702","36175","","서울특별시 강동구 천호동 455번지 8호","서울특별시 강동구 천호대로 1005 (천호동, 현대백화점)","134-779","현대백화점 천호점","2024-03-11 17:26:40","U","2024-03-13 02:40:00","백화점","210929.919693661","448537.406728283","대규모점포"
"2450","대규모점포","08_25_01_P","3240000","2002324007307500000","2002-11-20","","01","영업/정상","1","정상영업","","","","","0221451051","8659","","서울특별시 강동구 명일동 46번지 4 호","서울특별시 강동구 고덕로 276 (명일동)","134-825","(주)이마트명일점","2024-05-10 13:02:40","U","2024-05-12 02:40:00","그 밖의 대규모점포","213700.877714971","450278.100930843","대규모점포"
"2453","대규모점포","08_25_01_P","3130000","2014313011807500001","2009-05-29","","01","영업/정상","1","정상영업","","","","","7065602","1335.9","","","서울특별시 마포구 마포대로 109 (공덕동, 롯데캐슬프레지던트)","121-916","롯데프리미엄푸드마켓 공덕점","2025-05-14 10:15:21","U","2025-05-16 02:40:00","구분없음","195564.375757848","449186.933273231","준대규모점포"
"2457","대규모점포","08_25_01_P","3130000","2010313011807500001","2010-12-23","","01","영업/정상","1","정상영업","","","","","3809414","5687.96","121-802","서울특별시 마포구 공덕동 173번지 대우월드마크마포","서울특별시 마포구 백범로 212 (신공덕동)","121-030","(주)이마트 마포점","2024-04-25 13:14:17","U","2024-04-27 02:40:00","대형마트","195808.904523588","448910.741283532","대규모점포"
"2458","대규모점포","08_25_01_P","3130000","2010313011807500002","2010-12-23","","01","영업/정상","1","정상영업","","","","","2197-1234","5687.96","121-852","서울특별시 마포구 신공덕동 173번지","서울특별시 마포구  백범로  212 (신공덕동)","121-852","(주)이마트 마포점","2020-04-29 13:50:50","U","2020-05-01 02:40:00","대형마트","195808.904523588","448910.741283532","대규모점포"
"2459","대규모점포","08_25_01_P","3130000","2011313011807500001","2011-01-06","","01","영업/정상","1","정상영업","","","","","34598000","14201","","서울특별시 마포구 서교동 490번지 1호","서울특별시 마포구 양화로 45 (서교동, 메세나폴리스)","04036","홈플러스 합정점","2024-03-04 18:02:32","U","2024-03-06 02:40:00","대형마트","192311.642580307","449855.643910445","대규모점포"
"2460","대규모점포","08_25_01_P","3130000","2003313009907500001","2003-05-21","","01","영업/정상","1","정상영업","","","","","02-312-2080","17687.3","","서울특별시 마포구 성산동 515호 월드컵경기장내","서울특별시 마포구 월드컵로 240 (성산동,월드컵경기장내)","","홈플러스(주)월드컵점","2024-03-05 10:20:33","U","2024-03-07 02:40:00","대형마트","","","대규모점포"
"2463","대규모점포","08_25_01_P","3130000","2016313018007500001","2011-12-06","","01","영업/정상","1","정상영업","","","","","02-701-8544","230.7","","","서울특별시 마포구 토정로 282 (용강동)","04163","홈플러스익스프레스 용강점","2024-04-05 10:00:19","U","2024-04-07 02:40:00","대형마트","","","준대규모점포"
"2464","대규모점포","08_25_01_P","3130000","2009313011807500008","1994-05-10","","01","영업/정상","1","정상영업","","","","","320-2511","6592.35","","서울특별시 마포구 노고산동 57번지 1호","서울특별시 마포구  신촌로  94 (노고산동)","","정도진흥기업(주)","2024-06-13 10:20:10","U","2024-06-15 02:40:00","그 밖의 대규모점포","194273.598098938","450318.724130121","대규모점포"
"2469","대규모점포","08_25_01_P","3130000","2011313011807500002","2011-07-29","","01","영업/정상","1","정상영업","","","","","02-517-7885","22471.9","121-818","서울특별시 마포구 동교동 166번지 15호","서울특별시 마포구 양화로 176 (동교동)","","YZ Park 홍대점","2020-03-30 14:19:59","U","2020-04-01 02:40:00","전문점","193296.791432042","450562.931242819","대규모점포"
"2470","대규모점포","08_25_01_P","3130000","2011313011807500003","2011-12-12","","01","영업/정상","1","정상영업","","","","","02-3272-8544","377.72","","서울특별시 마포구 도화동 353번지","서울특별시 마포구 도화4길 73 (도화동, 현대홈타운)","04180","홈플러스익스프레스 도화점","2024-04-05 10:00:36","U","2024-04-07 02:40:00","그 밖의 대규모점포","195669.217619713","448393.658663222","준대규모점포"
"2486","대규모점포","08_25_01_P","3160000","2007316011707500001","2007-08-13","","01","영업/정상","1","정상영업","","","","","0226182080","11914","","서울특별시 구로구 신도림동 337번지 신도림1차푸르지오","서울특별시 구로구 경인로 661, 신도림1차푸르지오 (신도림동)","08208","홈플러스(주) 신도림점","2024-03-05 16:34:52","U","2024-03-07 02:40:00","대형마트","190005.132500398","445250.538868558","대규모점포"
"2493","대규모점포","08_25_01_P","3160000","2007316011707500003","2007-09-27","","01","영업/정상","1","정상영업","","","","","380-5234","7337","","서울특별시 구로구 구로동 3번지 25호 외 31필지","서울특별시 구로구 새말로 97 (구로동,외 31필지)","","(주) 이마트 신도림점","2024-04-24 09:39:06","U","2024-04-27 02:40:00","대형마트","190232.524534335","444978.682746138","대규모점포"
"2494","대규모점포","08_25_01_P","3160000","2007316011707500004","2007-11-08","","01","영업/정상","1","정상영업","","","","","852-7550","15624","152-050","서울특별시 구로구 구로동 501번지","서울특별시 구로구 구로중앙로 134 (구로동)","","나인스에비뉴","2014-09-25 08:50:05","I","2018-08-31 23:59:59","그 밖의 대규모점포","189682.799434964","444193.860003095","대규모점포"
"2496","대규모점포","08_25_01_P","3160000","2007316011707500006","2007-11-19","","01","영업/정상","1","정상영업","","","","","3424-7800","45744","152-050","서울특별시 구로구 구로동 3번지 25호 외 31필지","서울특별시 구로구 새말로 97 (구로동,외 31필지)","","신도림 테크노마트","2017-05-26 08:58:14","I","2018-08-31 23:59:59","그 밖의 대규모점포","190232.524534335","444978.682746138","대규모점포"
"2499","대규모점포","08_25_01_P","3160000","2012316015907500003","2012-06-20","","01","영업/정상","1","정상영업","","","","","02-868-8726","228.69","152-720","서울특별시 구로구 구로1동 650번지 4호 SK허브수 제B동 제118호,제119호,제121호~126호","서울특별시  구일로10길 27, B동 1층 (제118호,제119호,제121호~126호)","152-720","홈플러스 익스프레스 서울구로점","2020-06-03 10:20:07","U","2020-06-05 02:40:00","구분없음","188674.995072188","443749.503020388","준대규모점포"
"2502","대규모점포","08_25_01_P","3160000","2011316015907500002","2011-09-19","","01","영업/정상","1","정상영업","","","","","000226842013","860","152-814","서울특별시 구로구 개봉동 324-1, 324-11,324-13  1층","서울특별시 구로구 개봉로17길 34 (개봉동)","152-814","(주)이마트에브리데이 개봉동점","2025-01-23 15:05:02","U","2025-01-25 02:40:00","구분없음","187009.804317689","443285.606966752","준대규모점포"
"2508","대규모점포","08_25_01_P","3240000","2013324018907500003","1992-05-02","","01","영업/정상","1","정상영업","","","","","428-7744","9484.37","134-825","서울특별시 강동구 명일동 48번지","서울특별시 강동구  고덕로62길  55 (명일동)","134-825","주양쇼핑","2013-12-23 15:10:48","I","2018-08-31 23:59:59","그 밖의 대규모점포","213493.90717524","450038.847319845","대규모점포"
"2509","대규모점포","08_25_01_P","3240000","2011324013907500005","2011-09-27","","01","영업/정상","1","정상영업","","","","","69332502","1127.88","134-716","서울특별시 강동구 암사3동 414번지 18호 강동롯데캐슬퍼스트아파트","서울특별시 강동구 고덕로 133 (암사동)","134-852","(주)지에스리테일 암사캐슬점","2025-06-06 12:10:33","U","2025-06-09 02:40:00","구분없음","212334.9584644","450346.790651613","준대규모점포"
"2510","대규모점포","08_25_01_P","3240000","2011324013907500006","2011-09-27","","01","영업/정상","1","정상영업","","","","","4410671","324","134-857","서울특별시 강동구 암사1동 473번지 3호","서울특별시 강동구 고덕로24길 50 (암사동)","134-854","홈플러스(주) 익스프레스 암사점","2024-11-28 10:21:16","U","2024-11-30 02:40:00","구분없음","211868.244314608","450020.355211693","준대규모점포"
"2511","대규모점포","08_25_01_P","3240000","2011324013907500007","2011-09-27","","01","영업/정상","1","정상영업","","","","","4758546","189.1","134-850","서울특별시 강동구 성내1동 521번지","서울특별시 강동구 풍성로 138 (성내동)","134-850","홈플러스(주) 익스프레스 성내점","2024-04-02 21:47:17","U","2024-04-04 02:40:00","구분없음","211185.497701374","447670.852055872","준대규모점포"
"2512","대규모점포","08_25_01_P","3240000","2011324013907500008","2011-09-27","","01","영업/정상","1","정상영업","","","","","4400785","1056.33","","서울특별시 강동구 명일동 15 삼익그린맨션","서울특별시 강동구 명일로 375, 삼익그린맨션 지하1층 (명일동)","05267","(주)이마트에브리데이 명일동점","2024-07-31 15:10:28","U","2024-08-02 02:40:00","구분없음","213048.692179757","450124.105734971","준대규모점포"
"2513","대규모점포","08_25_01_P","3240000","2011324013907500010","2011-10-07","","01","영업/정상","1","정상영업","","","","","0234598000","252.4","134-010","서울특별시 강동구 길동 391번지 2호","서울특별시 강동구 양재대로 1486 (길동)","134-880","홈플러스(주)익스프레스 길동점","2024-04-02 21:47:55","U","2024-04-04 02:40:00","구분없음","212349.37381605","448466.105629578","준대규모점포"
"2516","대규모점포","08_25_01_P","3220000","2001322008307500007","1985-07-08","","01","영업/정상","1","정상영업","","","","","0234494406","10250","","서울특별시 강남구 압구정동 515호","서울특별시 강남구 압구정로 407 (압구정동, 갤러리아백화점)","135-902","갤러리아백화점(동관)","2023-03-28 11:23:26","U","2023-03-30 02:40:00","백화점","203604.761651873","447316.222786487","대규모점포"
"2518","대규모점포","08_25_01_P","3220000","2001322008307500011","1985-02-06","","01","영업/정상","1","정상영업","","","","","0234589571","0","","서울특별시 강남구 대치동 500호","서울특별시 강남구 남부순환로 2912 (대치동, 개포우성아파트)","135-828","그랑프리","2013-12-30 13:29:06","I","2018-08-31 23:59:59","그 밖의 대규모점포","204992.451561361","443183.576115254","대규모점포"
"2523","대규모점포","08_25_01_P","3550000","19981","1998-01-08","","01","영업/정상","1","정상영업","","","","","551-2080","16072","407-050","인천광역시 계양구 계산동 1061번지","인천광역시 계양구 오조산공원로 14 (계산동)","407-813","홈플러스스토어즈(주) 계산점","2017-11-27 17:32:08","I","2018-08-31 23:59:59","대형마트","176616.682613356","448616.432509265","대규모점포"
"2524","대규모점포","08_25_01_P","3550000","19982","2012-08-01","","01","영업/정상","1","정상영업","","","","","0325502521","19418","407-050","인천광역시 계양구 계산동 1059번지 1호","인천광역시 계양구 장제로 822 (계산동)","407-813","롯데쇼핑(주) 롯데마트 계양점","2025-05-01 14:31:30","U","2025-05-03 02:40:00","대형마트","176599.816295302","448767.427225648","대규모점포"
"2525","대규모점포","08_25_01_P","3550000","20013","2001-06-27","","01","영업/정상","1","정상영업","","","","","032 540 8124","18735","407-062","인천광역시 계양구 작전동 448번지 7호","인천광역시 계양구 계양대로 27 (작전동)","407-816","홈플러스(주) 작전점","2024-02-28 17:19:13","U","2024-03-01 02:40:00","대형마트","175291.982296046","447141.041163927","대규모점포"
"2526","대규모점포","08_25_01_P","3550000","20021","2002-04-19","","01","영업/정상","1","정상영업","","","","","032 717 1052","13534","407-063","인천광역시 계양구 작전동 911번지 1호","인천광역시 계양구 봉오대로 785 (작전동)","407-825","(주)이마트 계양점","2024-04-25 15:53:07","U","2024-04-27 02:40:00","대형마트","176674.935225112","447677.795056986","대규모점포"
"2527","대규모점포","08_25_01_P","3550000","19983550059075","1998-01-08","","01","영업/정상","1","정상영업","","","","","551-2080","16072","407-050","인천광역시 계양구 계산동 1061번지","인천광역시 계양구 오조산공원로 14 (계산동)","407-813","홈플러스(주) 계산점","2024-02-28 17:17:16","U","2024-03-01 02:40:00","대형마트","176616.682613356","448616.432509265","대규모점포"
"2528","대규모점포","08_25_01_P","3550000","1985355001207500001","1985-05-24","","01","영업/정상","1","정상영업","","","","","032 5479636","","","인천광역시 계양구 작전동 444번지 2   호","","","작전현대백화점","2007-06-30 11:07:50","I","2018-08-31 23:59:59","그 밖의 대규모점포","","",""
"2530","대규모점포","08_25_01_P","3550000","2013355005907500001","2013-04-15","","01","영업/정상","1","정상영업","","","","","0325442100","867","407-821","인천광역시 계양구 작전서운동 648번지 5호","인천광역시 계양구 효서로 348-1 (작전동)","","(주)이마트에브리데이 작전점","2024-08-05 16:46:42","U","2024-08-07 02:40:00","그 밖의 대규모점포","176503.549136687","447291.218565441","준대규모점포"
"2531","대규모점포","08_25_01_P","4251000","2025425102207500001","2025-04-15","","01","영업/정상","1","정상영업","","","","","0334350085","1441","","강원특별자치도 홍천군 홍천읍 신장대리 62-1","강원특별자치도 홍천군 홍천읍 홍천로 344","25139","(주)지에스리테일 홍천점","2025-04-15 16:42:29","I","2025-04-17 00:10:40","그 밖의 대규모점포","277870.200862898","465464.803193958","준대규모점포"
"2532","대규모점포","08_25_01_P","4221000","2019422105407500001","2019-07-12","","01","영업/정상","1","정상영업","","","","","033-554-9495","1320","","강원특별자치도 태백시 황지동 200-26","강원특별자치도 태백시 번영로 144, 1층 (황지동)","26038","롯데슈퍼 태백점","2025-03-07 11:22:43","I","2025-03-09 00:10:36","구분없음","376460.158282674","407946.301990225","준대규모점포"
"2534","대규모점포","08_25_01_P","3510500","2025351057907500004","2025-04-22","","01","영업/정상","1","정상영업","","","","","032-888-7314","226.98","","인천광역시 미추홀구 용현동 0 자이타워","인천광역시 미추홀구 독배로 383, 자이타워 (용현동)","22184","GS THE FRESH 용현자이점","2025-04-22 09:28:38","I","2025-04-24 00:10:03","그 밖의 대규모점포","","","준대규모점포"
"2535","대규모점포","08_25_01_P","3510500","2025351057907500002","2025-04-22","","01","영업/정상","1","정상영업","","","","","","1489","","인천광역시 미추홀구 학익동 256-19","인천광역시 미추홀구 소성로 146 (학익동)","22224","GS THE FRESH 학익점","2025-04-22 09:28:07","I","2025-04-24 00:10:03","그 밖의 대규모점포","170216.500357923","437843.275382345","준대규모점포"
"2538","대규모점포","08_25_01_P","3530000","2012353017907500005","2012-10-29","","01","영업/정상","1","정상영업","","","","","032-472-8889","327","","인천광역시 남동구 만수동 1-190","인천광역시 남동구 만수로 107 (만수동)","21521","GS더프레시 만수2점","2025-05-13 15:14:06","U","2025-05-15 02:40:00","구분없음","176730.177139444","440318.943388459","준대규모점포"
"2539","대규모점포","08_25_01_P","5350000","2025535037407500008","1996-05-14","","01","영업/정상","1","정상영업","","","","","0553450388","846.85","","경상남도 김해시 진영읍 여래리 454-10","경상남도 김해시 진영읍 진영로 221","50868","탑마트 김해진영점","2025-04-29 17:26:22","I","2025-05-01 00:20:22","구분없음","357925.974034946","201767.002377374","준대규모점포"
"2540","대규모점포","08_25_01_P","5350000","2025535037407500003","2008-04-24","","01","영업/정상","1","정상영업","","","","","055-724-3001","426.6","","경상남도 김해시 부곡동 1163-1","경상남도 김해시 월산로 3 (부곡동)","50983","GS THE FRESH 장유삼문점","2025-04-29 13:13:54","I","2025-05-01 00:20:22","구분없음","364869.833042472","190643.314316385","준대규모점포"
"2541","대규모점포","08_25_01_P","5350000","2025535037407500004","2004-06-17","","01","영업/정상","1","정상영업","","","","","","1226.19","","경상남도 김해시 삼방동 178-1","경상남도 김해시 활천로255번길 16, 1층 (삼방동)","50818","탑마트 김해삼방점","2025-04-29 16:14:00","I","2025-05-01 00:20:22","구분없음","373547.369632847","195538.305245632","준대규모점포"
"2542","대규모점포","08_25_01_P","5350000","2025535037407500005","1988-09-07","","01","영업/정상","1","정상영업","","","","","0553366847","651.21","","경상남도 김해시 서상동 73-4","경상남도 김해시 가락로 83, 1층 (서상동)","50916","탑마트 김해점","2025-04-29 16:22:55","I","2025-05-01 00:20:22","구분없음","371153.503674885","194379.983251428","준대규모점포"
"2543","대규모점포","08_25_01_P","5350000","2025535037407500006","1997-04-03","","01","영업/정상","1","정상영업","","","","","0553256283","991.8","","경상남도 김해시 구산동 294-1","경상남도 김해시 구산로 50, 1층 (구산동)","50908","탑마트 구산점","2025-04-29 16:26:19","I","2025-05-01 00:20:22","구분없음","370504.565612363","195968.93245642","준대규모점포"
"2544","대규모점포","08_25_01_P","5350000","2025535037407500007","2007-11-29","","01","영업/정상","1","정상영업","","","","","0553395900","1261.13","","경상남도 김해시 외동 529-4","경상남도 김해시 분성로 104 (외동)","50960","탑마트 김해외동점","2025-04-29 17:22:06","I","2025-05-01 00:20:22","구분없음","369095.360190715","193951.15676439","준대규모점포"
"2545","대규모점포","08_25_01_P","3020000","2025302020307500001","2025-02-20","","01","영업/정상","1","정상영업","","","","","027097373","7470.17","","서울특별시 용산구 용산동6가 69-167 신동아쇼핑","서울특별시 용산구 이촌로 352, 신동아쇼핑 (용산동6가)","04428","신동아쇼핑센터","2025-02-27 10:20:17","I","2025-03-01 00:10:37","쇼핑센터","198622.89264988","446114.155238838","대규모점포"
"2546","대규모점포","08_25_01_P","3240000","2025324028907500003","2025-03-11","","01","영업/정상","1","정상영업","","","","","02-2006-2364","1017","","서울특별시 강동구 둔촌동 170-1 포레온스테이션5","서울특별시 강동구 양재대로 1360, 포레온스테이션5 (둔촌동)","05409","GS THE FRESH 둔촌포레온점","2025-06-06 12:11:16","U","2025-06-09 02:40:00","구분없음","212195.109947109","447197.273286818","준대규모점포"
"2547","대규모점포","08_25_01_P","3210000","2025321019507500001","2025-04-21","","01","영업/정상","1","정상영업","","","","","02-2006-2364","297.5","","서울특별시 서초구 방배동 790-12","서울특별시 서초구 동광로 35 (방배동)","06560","GS THE FRESH 방배중앙점","2025-05-02 09:53:19","U","2025-05-04 02:40:00","구분없음","198748.271354705","443257.313511019","준대규모점포"
"2548","대규모점포","08_25_01_P","3710000","2013371015007500001","2013-02-25","","01","영업/정상","1","정상영업","","","","","232-8545","264.46","","울산광역시 동구 방어동 1156-2","울산광역시 동구 문현로 47, 1층 (방어동)","44100","GS THE FRESH 울산방어점","2025-04-04 09:59:05","U","2025-04-06 02:40:00","그 밖의 대규모점포","418940.863573865","223172.711897596","준대규모점포"
"2549","대규모점포","08_25_01_P","3510500","2025351057907500005","2025-04-24","","01","영업/정상","1","정상영업","","","","","032-242-2805","59168.33","","인천광역시 미추홀구 관교동 15 인천종합터미널,롯데백화점","인천광역시 미추홀구 연남로 35, 인천종합터미널,롯데백화점 (관교동)","22242","롯데쇼핑(주)인천점","2025-04-24 12:58:24","I","2025-04-26 00:10:03","백화점","173499.267314606","437739.32138498","대규모점포"
"2550","대규모점포","08_25_01_P","4000000","2025400019407500001","2025-05-01","","01","영업/정상","1","정상영업","","","","","031-371-2501","8575","","경기도 오산시 오산동 868 롯데마트오산점","경기도 오산시 경기대로 271, 롯데마트오산점 (오산동)","18135","롯데쇼핑(주)롯데마트","2025-05-07 18:06:04","U","2025-05-09 02:40:00","대형마트","206416.225089197","405292.957866229","대규모점포"
"2551","대규모점포","08_25_01_P","3080000","2025308019007500001","2025-04-07","","01","영업/정상","1","정상영업","","","","","02-2006-2364","294.5","","서울특별시 강북구 수유동 472-304","서울특별시 강북구 삼양로79길 24-17 (수유동)","01100","GS THE FRESH 수유중앙점","2025-05-02 09:46:10","U","2025-05-04 02:40:00","구분없음","201357.487353084","458750.390221395","준대규모점포"
"2553","대규모점포","08_25_01_P","3190000","2025319027107500001","2025-03-31","","01","영업/정상","1","정상영업","","","","","02-2006-2364","179.4","","서울특별시 동작구 노량진동 119-68","서울특별시 동작구 만양로 93, 주영빌딩 B1층 (노량진동)","06923","GS THE FRESH 노량진역점","2025-05-15 10:57:30","U","2025-05-18 02:40:00","구분없음","194984.417259173","445509.979775534","준대규모점포"
"2554","대규모점포","08_25_01_P","5670000","2015567057407500001","2015-11-27","","01","영업/정상","1","정상영업","","","","","0555439340","586","","경상남도 창원시 진해구 풍호동 305-17 창원 마린 푸르지오 2단지","경상남도 창원시 진해구 충장로657번길 35 (풍호동, 창원 마린 푸르지오 2단지)","51628","GS THE FRESH 진해풍호점","2025-04-21 16:22:01","U","2025-04-23 02:40:00","그 밖의 대규모점포","355532.334699694","182681.549065923","준대규모점포"
"2555","대규모점포","08_25_01_P","3940000","2022394038807500001","2022-08-10","","01","영업/정상","1","정상영업","","","","","02-380-5042","1111.32","","경기도 고양시 일산서구 덕이동 373-21","경기도 고양시 일산서구 하이파크2로 65, 1층 (덕이동)","10231","(주)이마트에브리데이 고양덕이점","2024-07-19 16:29:41","U","2024-07-21 02:40:00","구분없음","178440.320567802","466401.449064464","준대규모점포"
"2557","대규모점포","08_25_01_P","3120000","2022312019207500002","2022-08-16","","01","영업/정상","1","정상영업","","","","","02-380-5124","1133.21","","서울특별시 서대문구 남가좌동 286-1 DMC금호리첸시아","서울특별시 서대문구 수색로2길 39(남가좌동, DMC금호리첸시아)","03712","이마트에브리데이 남가좌점","2024-08-22 17:54:40","U","2024-08-24 02:40:00","구분없음","192482.416512858","452143.491541077","준대규모점포"
"2559","대규모점포","08_25_01_P","3050000","2022305014007500001","2022-07-11","","01","영업/정상","1","정상영업","","","","","02-721-8286","22487.6","","서울특별시 동대문구 용두동 39-1 청량리역한양수자인그라시엘","서울특별시 동대문구 고산자로32길 78 (용두동, 청량리역한양수자인그라시엘)","02561","청량리역 한양수자인 그라시엘 판매시설","2023-06-29 10:04:00","U","2023-07-01 02:40:00","그 밖의 대규모점포","203728.022004023","452778.965235022","대규모점포"
"2560","대규모점포","08_25_01_P","3000000","2022300020207500001","2022-06-28","","01","영업/정상","1","정상영업","","","","","02-2006-2678","297","","서울특별시 종로구 무악동 82 무악현대아파트","서울특별시 종로구 통일로 246-10, 무악현대아파트 지하 1층 (무악동)","03025","GS THE FRESH 무악현대점","2025-04-25 11:24:51","U","2025-04-27 02:40:00","구분없음","196467.975088253","452566.134030104","준대규모점포"
"2561","대규모점포","08_25_01_P","3310000","2022331011907500002","2022-06-30","","01","영업/정상","1","정상영업","","","","","051-624-1107","327.93","","부산광역시 남구 대연동 52-8 1층","부산광역시 남구 수영로322번길 33, 1층 (대연동)","48512","GS THE FRESH 경성부경대점","2025-05-08 10:48:17","U","2025-05-10 02:40:00","그 밖의 대규모점포","391533.252838371","183948.441976479","준대규모점포"
"2562","대규모점포","08_25_01_P","3190000","2022319021607500001","2022-07-22","","01","영업/정상","1","정상영업","","","","","02-792-0653","8995.84","","서울특별시 동작구 노량진동 16-1 노량진 드림스퀘어 복합빌딩","서울특별시 동작구 노들로2길 7, 노량진 드림스퀘어 복합빌딩 (노량진동)","06900","노량진 드림스퀘어","2024-03-07 09:42:42","U","2024-03-09 02:40:00","그 밖의 대규모점포","194571.152376388","445790.549860682","대규모점포"
"2563","대규모점포","08_25_01_P","3040000","2022304019007500001","2022-07-13","","01","영업/정상","1","정상영업","","","","","02-2006-2364","203.28","","서울특별시 광진구 구의동 236-53 광진 더프레236","서울특별시 광진구 자양로 168, 102호 (구의동, 광진 더프레236)","05038","GS THE FRESH 광진구의점","2025-04-14 13:33:12","U","2025-04-16 02:40:00","구분없음","207400.608063491","448930.683211743","준대규모점포"
"2565","대규모점포","08_25_01_P","5060000","2022506030707500001","2022-07-12","","01","영업/정상","1","정상영업","","","","","054-420-2300","772.72","","경상북도 김천시 부곡동 874-12","경상북도 김천시 부곡길 91(부곡동)","39629","김천농협 로컬푸드복합문화센터","2023-02-07 09:44:57","U","2023-02-09 02:40:00","그 밖의 대규모점포","298334.598256549","292267.789841371","준대규모점포"
"2566","대규모점포","08_25_01_P","3470000","2022347018107500001","2022-08-04","","01","영업/정상","1","정상영업","","","","","02-2006-2364","216.17","","대구광역시 달서구 월성동 682 월성 삼정그린코아 에듀파크","대구광역시 달서구 월성로 100, 501동 107,108,109,110호 (월성동, 월성 삼정그린코아 에듀파크)","42751","GS THE FRESH 월성삼정점","2025-05-29 11:17:57","U","2025-05-31 02:40:00","구분없음","337668.155531145","259973.032583626","준대규모점포"
"2568","대규모점포","08_25_01_P","3910000","2023391041807500002","2023-12-08","","01","영업/정상","1","정상영업","","","","","031-667-6479","277","","경기도 평택시 고덕동 1956-1","경기도 평택시 고덕국제3길 143, 101호 (고덕동)","18014","GS THE FRESH 평택고덕점","2025-04-18 17:37:18","U","2025-04-20 02:40:00","구분없음","204166.817716298","394301.558793892","준대규모점포"
"2571","대규모점포","08_25_01_P","3230000","2023323029107500003","2023-12-07","","01","영업/정상","1","정상영업","","","","","","197.2","","서울특별시 송파구 석촌동 5-8","서울특별시 송파구 백제고분로33길 25 (석촌동)","05612","GS THE FRESH 송파석촌호수점","2025-05-08 11:12:20","U","2025-05-10 02:40:00","구분없음","208648.850084121","444767.440404014","준대규모점포"
"2572","대규모점포","08_25_01_P","3860000","2011386021207500005","2011-10-17","","01","영업/정상","1","정상영업","","","","","","369.9","420-844","경기도 부천시 원미구 중동 771번지","경기도 부천시 원미구 중동로 143 (중동)","","홈플러스(주)익스프레스중동3점","2020-07-23 17:40:09","I","2024-01-02 00:16:32","구분없음","179285.803731872","443417.055705567","준대규모점포"
"2573","대규모점포","08_25_01_P","3860000","2011386021207500006","2011-10-17","","01","영업/정상","1","정상영업","","","","","0326718517","298.8","421-815","경기도 부천시 오정구 오정동 543번지 1호","경기도 부천시 오정구 오정로 246 (오정동)","","홈플러스(주)익스프레스오정점","2024-04-05 18:21:45","U","2024-04-07 02:40:00","구분없음","181035.428057858","447474.658169397","준대규모점포"
"2575","대규모점포","08_25_01_P","3860000","2012386021207500003","2012-04-02","","01","영업/정상","1","정상영업","","","","","032-344-7000","874.5","422-810","경기도 부천시 소사구 소사본3동 197번지 2,4,5호","경기도 부천시 소사구 은성로 82 (소사본동)","422-810","롯데슈퍼 소사점","2024-11-11 17:45:04","U","2024-11-13 02:40:00","구분없음","182167.856024103","441454.978882441","준대규모점포"
"2576","대규모점포","08_25_01_P","3860000","2012386021207500004","2012-04-02","","01","영업/정상","1","정상영업","","","","","032-621-7400","479.3","420-777","경기도 부천시 원미구 중2동 1107번지 위브더스테이트아파트","경기도 부천시 원미구 신흥로 190-1 (중동)","420-776","롯데슈퍼 중동점","2025-05-09 10:55:21","U","2025-05-11 02:40:00","구분없음","180295.412235987","444337.383690366","준대규모점포"
"2577","대규모점포","08_25_01_P","3860000","2012386021207500005","2012-04-10","","01","영업/정상","1","정상영업","","","","","032-3222-8562","218.01","420-848","경기도 부천시 원미구 중4동 1034번지 4호","경기도 부천시 원미구 길주로 219 (중동)","","홈플러스(주)익스프레스부천중동4점","2024-04-05 18:29:08","U","2024-04-07 02:40:00","구분없음","179310.387407428","444754.845185643","준대규모점포"
"2578","대규모점포","08_25_01_P","3860000","2012386021207500006","2012-04-10","","01","영업/정상","1","정상영업","","","","","032-327-8536","218.7","420-814","경기도 부천시 원미구 상1동 401번지 1호","경기도 부천시 원미구 상일로 100 (상동)","420-814","홈플러스(주)익스프레스부천상동점","2024-04-05 18:30:31","U","2024-04-07 02:40:00","구분없음","178104.816341839","443262.007187175","준대규모점포"
"2579","대규모점포","08_25_01_P","3860000","2012386021207500007","2012-04-10","","01","영업/정상","1","정상영업","","","","","032-676-8545","618.2","420-804","경기도 부천시 원미구 도당동 131번지 1호","경기도 부천시 원미구 삼작로 294 (도당동)","","홈플러스(주)익스프레스도당점","2024-04-05 18:25:14","U","2024-04-07 02:40:00","구분없음","181736.191478895","446426.72538445","준대규모점포"
"2581","대규모점포","08_25_01_P","3860000","2012386021207500009","2012-04-10","","01","영업/정상","1","정상영업","","","","","032-666-8542","318.1","420-776","경기도 부천시 원미구 중2동 1110번지 위브더스테이트아파트 1층","경기도 부천시 원미구 신흥로 170, 1층 (중동, 위브더스테이트아파트)","420-851","홈플러스(주)익스프레스중동점","2024-04-05 18:28:03","U","2024-04-07 02:40:00","구분없음","180285.454116153","444119.216095977","준대규모점포"
"2583","대규모점포","08_25_01_P","3860000","2023386055507500001","2023-09-22","","01","영업/정상","1","정상영업","","","","","000-000-0000","288.32","","경기도 부천시 소사구 범박동 210-1 보광빌딩","경기도 부천시 소사구 양지로 88, 보광빌딩 1층 (범박동)","14783","GS THE FRESH 부천범박점","2025-04-17 15:04:38","U","2025-04-19 02:40:00","구분없음","183358.662578028","441230.476103089","준대규모점포"
"2588","대규모점포","08_25_01_P","3860000","1999386000007500002","1990-06-15","","01","영업/정상","1","정상영업","","","","","032 6678811","16","","경기도 부천시 소사구심곡본동 호 545","경기도 부천시 소사구 경인로 231 (심곡본동, 아이쇼핑)","422-712","그레이스쇼핑","2014-02-11 14:40:16","I","2024-01-02 00:16:32","쇼핑센터","","","대규모점포"
"2589","대규모점포","08_25_01_P","3860000","1996386000007500002","1996-10-28","","01","영업/정상","1","정상영업","","","","","3207114","43832.05","","경기도 부천시 원미구중동 1140호","경기도 부천시 원미구 길주로 300 (중동)","","롯데쇼핑(주)  중동점","2025-04-22 14:44:16","U","2025-04-24 02:40:00","백화점","180053.344972882","444507.865626959","대규모점포"
"2590","대규모점포","08_25_01_P","3860000","2003386010707500001","2003-01-10","","01","영업/정상","1","정상영업","","","","","032 650 8124","43872","","경기도 부천시 원미구상동 540번지 1호","경기도 부천시 원미구 길주로 118 (상동)","","홈플러스(주)부천상동점","2024-03-11 17:59:27","U","2024-03-13 02:40:00","대형마트","178267.428293028","444706.144749999","대규모점포"
"2591","대규모점포","08_25_01_P","3860000","2003386010707500003","2003-08-07","","01","영업/정상","1","정상영업","","","","","032-623-3013","51416.9","","경기도 부천시 원미구중동 1164호","경기도 부천시 원미구 길주로 180 (중동)","","(주)현대백화점 중동점","2024-04-05 18:08:59","U","2024-04-07 02:40:00","백화점","178901.991280584","444701.557193","대규모점포"
"2592","대규모점포","08_25_01_P","3860000","2003386010707500006","2003-09-02","","01","영업/정상","1","정상영업","","","","","032-623-3013","28884.18","","경기도 부천시 원미구중동 1164번지","경기도 부천시 원미구 길주로 180 (중동)","","(주)현대백화점 중동점","2024-04-05 18:15:23","U","2024-04-07 02:40:00","백화점","178901.991280584","444701.557193","대규모점포"
"2593","대규모점포","08_25_01_P","3860000","2007386012607500001","2007-10-18","","01","영업/정상","1","정상영업","","","","","032-624-6100","67922.98","","경기도 부천시 원미구상동 539번지 1호","경기도 부천시 원미구 송내대로 239 (상동)","","부천터미널 소풍","2011-05-24 11:03:57","I","2024-01-02 00:16:32","쇼핑센터","178411.442079953","444684.405331659",""
"2594","대규모점포","08_25_01_P","3860000","2007386012607500003","2007-04-17","","01","영업/정상","1","정상영업","","","","","032-250-5000","45275.97","420-713","경기도 부천시 원미구상동 461번지 투나","경기도 부천시 원미구 부일로 223 (상동,투나)","","투나","2015-09-18 18:07:02","I","2024-01-02 00:16:32","쇼핑센터","178293.171843054","442988.573692305","대규모점포"
"2595","대규모점포","08_25_01_P","3150000","2023315020007500003","2023-12-28","","01","영업/정상","1","정상영업","","","","","02-3662-4171","673.32","","서울특별시 강서구 염창동 242-11 한희빌딩","서울특별시 강서구 양천로67길 15, 한희빌딩 1층 (염창동)","07545","GS THE FRESH 강서증미역점","2023-12-29 09:08:19","I","2023-12-31 00:16:34","구분없음","188237.941732745","450314.08791281","준대규모점포"
"2596","대규모점포","08_25_01_P","3860000","2008386012607500003","2008-10-10","","01","영업/정상","1","정상영업","","","","","680-8000","16035.41","421-220","경기도 부천시 오정구 여월동 301번지","경기도 부천시 오정구 소사로 663 (여월동)","","홈플러스 주식회사 부천여월점","2024-03-11 17:48:13","U","2024-03-13 02:40:00","대형마트","182455.521209906","445978.59662723","대규모점포"
"2597","대규모점포","08_25_01_P","3860000","2009386021207500001","2005-02-28","","01","영업/정상","1","정상영업","","","","","032 650 8124","17585.32","","경기도 부천시 소사구 괴안동 129-1 HOME PLUS 소사점","경기도 부천시 소사구 경인로 532, HOME PLUS 소사점 (괴안동)","14676","홈플러스(주) 부천소사점","2025-06-30 17:29:44","U","2025-07-02 02:40:00","대형마트","183505.044366024","442533.953044508","대규모점포"
"2599","대규모점포","08_25_01_P","3860000","2009386021207500004","2009-09-23","","01","영업/정상","1","정상영업","","","","","624-8119","25023.5","","경기도 부천시 원미구 상동 539-1 소풍(부천터미널)","경기도 부천시 원미구 송내대로 239, 소풍(부천터미널) (상동)","14545","뉴코아부천점","2024-12-06 14:53:51","U","2024-12-08 02:40:00","쇼핑센터","178411.442079953","444684.405331659","대규모점포"
"2602","대규모점포","08_25_01_P","3860000","2011386021207500001","2011-10-06","","01","영업/정상","1","정상영업","","","","","032-710-2500","447.05","420-140","경기도 부천시 원미구 약대동 122번지","경기도 부천시 원미구 수도로 48 (약대동)","","(주)지에스리테일부천약대점","2025-04-17 15:18:44","U","2025-04-19 02:40:00","구분없음","179738.276762878","445738.07019903","준대규모점포"
"2603","대규모점포","08_25_01_P","3380000","2023338009407500001","2023-12-18","","01","영업/정상","1","정상영업","","","","","","244.07","","부산광역시 수영구 광안동 145-3 대왕빌딩","부산광역시 수영구 수영로582번길 19, 대왕빌딩 (광안동)","48297","GS THE FRESH 광안역점","2024-04-11 16:13:50","U","2024-04-13 02:40:00","구분없음","392568.787551499","186329.071303209","준대규모점포"
"2604","대규모점포","08_25_01_P","3510500","2023351057907500006","2023-12-18","","01","영업/정상","1","정상영업","","","","","032-459-6002","6472.96","","인천광역시 미추홀구 주안동 0 포레나 미추홀","인천광역시 미추홀구 경인로 372 (주안동, 포레나 미추홀)","22148","아인애비뉴 메디&라이프 복합몰","2024-02-21 17:51:41","U","2024-02-23 02:40:00","그 밖의 대규모점포","","","대규모점포"
"2610","대규모점포","08_25_01_P","3400000","2010340004407500001","2010-05-07","","01","영업/정상","1","정상영업","","","","","051-290-6000","7372.53","","부산광역시 기장군 일광읍 삼성리 547-6","부산광역시 기장군 일광읍 기장대로 673","46048","(주)메가마트 기장점","2024-12-20 15:26:01","U","2024-12-22 02:40:00","대형마트","402168.69425719","197304.274454258","대규모점포"
"2611","대규모점포","08_25_01_P","3400000","2010340004407500002","2010-12-02","","01","영업/정상","1","정상영업","","","","","051 519 8224","7556.89","","부산광역시 기장군 정관읍 매학리 712-1 정관 홈플러스","부산광역시 기장군 정관읍 정관5로 50, 정관 홈플러스","46015","홈플러스 부산정관점","2024-03-05 11:38:17","U","2024-03-07 02:40:00","대형마트","397835.275062345","204802.042928644","대규모점포"
"2612","대규모점포","08_25_01_P","3400000","2012340004407500006","2012-10-17","","01","영업/정상","1","정상영업","","","","","02-2185-1230","53233.98","619-953","부산광역시 기장군 장안읍 좌동리 산 32번지 일원","부산광역시 기장군 장안읍 정관로 1133","619-953","신세계사이먼","2023-11-01 14:31:08","U","2023-11-03 02:40:00","전문점","403214.458027912","204878.049675429","대규모점포"
"2615","대규모점포","08_25_01_P","3400000","2016340007207500001","2016-06-29","","01","영업/정상","1","정상영업","","","","","02-3456-0000","12916.78","","부산광역시 기장군 기장읍 시랑리 489번지 9호","부산광역시 기장군 기장읍 기장해안로 98","46078","판타지오스퀘어","2023-02-23 11:27:40","U","2023-05-26 08:48:36","그 밖의 대규모점포","401472.222155142","189850.695819127","대규모점포"
"2616","대규모점포","08_25_01_P","3400000","2018340010907500001","2018-03-26","","01","영업/정상","1","정상영업","","","","","051-710-0056","35299.92","","부산광역시 기장군 정관읍 매학리 717번지 6호","부산광역시 기장군 정관읍 정관중앙로 45","46015","탑스퀘어","2020-11-18 17:25:58","U","2020-11-20 02:40:00","그 밖의 대규모점포","398024.244821605","204621.655738547","대규모점포"
"2618","대규모점포","08_25_01_P","3340000","2006334001707500002","2006-04-27","","01","영업/정상","1","정상영업","","","","","051261 2655","6688.82","","부산광역시 사하구 다대동 820번지 1   호","부산광역시 사하구 다대동로 30 (다대동)","","수협다대회센터","2014-02-24 14:35:30","I","2018-08-31 23:59:59","그 밖의 대규모점포","379838.84991767","174797.65636454","대규모점포"
"2629","대규모점포","08_25_01_P","3300000","2006330006407500001","2006-10-13","","01","영업/정상","1","정상영업","","","","","051 559 8000","13895","","부산광역시 동래구 온천동 153번지 8   호","부산광역시 동래구 중앙대로 1523 (온천동)","607-787","홈플러스(주) 동래점","2024-02-29 13:30:26","U","2024-03-02 02:40:00","대형마트","389816.233000769","193329.605871168","대규모점포"
"2630","대규모점포","08_25_01_P","3300000","2007330006407500001","2007-04-17","","01","영업/정상","1","정상영업","","","","","051 559 6106","15651.17","","부산광역시 동래구 온천동 153번지 8호","부산광역시 동래구 중앙대로 1523 (온천동)","","에스케이허브스카이위아","2018-05-08 13:54:41","I","2018-08-31 23:59:59","쇼핑센터","389816.233000769","193329.605871168","대규모점포"
"2631","대규모점포","08_25_01_P","3300000","2008330006407500001","2008-05-26","","01","영업/정상","1","정상영업","","","","","668-2500","11436.38","607-060","부산광역시 동래구 온천동 502번지 3호","부산광역시 동래구 중앙대로 1393 (온천동)","607-716","롯데쇼핑(주) 롯데마트 동래점","2025-05-02 17:29:54","U","2025-05-04 02:40:00","대형마트","389097.800933845","192260.811648263","대규모점포"
"2632","대규모점포","08_25_01_P","3300000","2009330006407500001","2009-04-29","","01","영업/정상","1","정상영업","","","","2004-04-29","051-550-6020","13191.43","607-011","부산광역시 동래구 명륜1동 506번지 3호","부산광역시 동래구 충렬대로 197 (명륜동)","607-804","(주)메가마트 동래점","2025-01-14 17:50:54","U","2025-01-16 02:40:00","대형마트","389455.109101676","191427.549247975","대규모점포"
"2633","대규모점포","08_25_01_P","3300000","2011330007907500001","2011-08-09","","01","영업/정상","1","정상영업","","","","","051-524-4944","1733","607-112","부산광역시 동래구 명장2동 23번지 2호","부산광역시 동래구 반송로 291 (명장동)","","(주)지에스리테일 명장점","2025-05-02 14:35:32","U","2025-05-04 02:40:00","구분없음","391333.589418805","191690.582020606","준대규모점포"
"2641","대규모점포","08_25_01_P","3300000","1985330001607500012","1985-12-02","","01","영업/정상","1","정상영업","","","","","051 5525290","4162.47","","부산광역시 동래구 온천동 707호","부산광역시 동래구 충렬대로107번길 54 (온천동)","","럭키동래쇼핑","2014-10-01 10:03:00","I","2018-08-31 23:59:59","그 밖의 대규모점포","388918.011079059","191892.623575025","대규모점포"
"2653","대규모점포","08_25_01_P","3340000","2000334001707500024","2006-12-27","","01","영업/정상","1","정상영업","","","","","051 466 2080","7485.44","","부산광역시 사하구 장림동 185호","부산광역시 사하구 다대로 225 (장림동)","604-843","홈플러스(주)장림점","2024-02-26 13:14:34","U","2024-02-28 02:40:00","대형마트","380356.697150584","177733.129142587","대규모점포"
"2655","대규모점포","08_25_01_P","3300000","2012330007907500001","2001-09-17","","01","영업/정상","1","정상영업","","","","","051-668-2202","29893.22","","","부산광역시 동래구 중앙대로 1393 (온천동)","607-716","롯데백화점 동래점","2025-05-02 17:37:13","U","2025-05-04 02:40:00","백화점","389097.800933845","192260.811648263","대규모점포"
"2658","대규모점포","08_25_01_P","3340000","2011334008007500003","2011-08-31","","01","영업/정상","1","정상영업","","","","","205-5602","437.4","604-828","부산광역시 사하구 당리동 115번지","부산광역시 사하구 제석로 68 (당리동)","","롯데쇼핑(주)롯데슈퍼 당리점","2025-04-26 15:55:09","U","2025-04-28 02:40:00","그 밖의 대규모점포","380034.928521695","180376.056556666","준대규모점포"
"2662","대규모점포","08_25_01_P","3340000","2012334008007500007","2012-04-04","","01","영업/정상","1","정상영업","","","","","0512668542","267.3","604-827","부산광역시 사하구 다대1동 1548번지 18호","부산광역시 사하구 다대낙조2길 3 (다대동)","604-827","홈플러스(주) 익스프레스 다대포점","2024-03-25 16:46:00","U","2024-03-27 02:40:00","대형마트","379285.24584426","174140.916066183","준대규모점포"
"2664","대규모점포","08_25_01_P","3340000","2012334008007500009","2000-09-26","","01","영업/정상","1","정상영업","","","","","0516032522","9547.15","604-041","부산광역시 사하구 장림1동 1033번지 2호","부산광역시 사하구 을숙도대로 610 (장림동)","604-041","롯데쇼핑(주) 롯데마트 사하점","2025-05-02 15:09:49","U","2025-05-04 02:40:00","대형마트","379719.031458622","177973.843364907","대규모점포"
"2669","대규모점포","08_25_01_P","3720000","2011372011607500001","2011-09-26","","01","영업/정상","1","정상영업","","","","","02-2630-1234","12588.13","683-350","울산광역시 북구 진장동 283번지 3호","","","코스트코 홀세일 울산점","2015-12-07 16:47:03","I","2018-08-31 23:59:59","대형마트","413746.941446528","233371.380234952","대규모점포"
"2670","대규모점포","08_25_01_P","3720000","2015372014207500002","2015-06-09","","01","영업/정상","1","정상영업","","","","","0522932080","8510","683-480","울산광역시 북구 상안동 322번지 9호","울산광역시 북구 신답로 26-0 (상안동)","683-480","홈플러스(주)울산북구점","2024-02-29 18:13:32","U","2024-03-02 02:40:00","대형마트","412349.300490111","239222.450142668","대규모점포"
"2675","대규모점포","08_25_01_P","4540000","2007454012507500001","2013-06-07","","01","영업/정상","1","정상영업","","","","","041 731 8124","10121","320-030","충청남도 논산시 내동 436번지 8호","충청남도 논산시 시민로 187 (내동)","","홈플러스(주) 논산점","2024-03-04 17:02:33","U","2024-03-06 02:40:00","대형마트","208765.139329138","298112.90198857","대규모점포"
"2676","대규모점포","08_25_01_P","4540000","1995454001207500013","1995-03-07","","01","영업/정상","1","정상영업","","","","","04107358975","","","충청남도 논산시 반월동 66-1호","","","아원백화점","2007-07-14 15:45:18","I","2018-08-31 23:59:59","백화점","","",""
"2677","대규모점포","08_25_01_P","4540000","1996454001207500001","1996-03-09","","01","영업/정상","1","정상영업","","","","","04107358081","","","충청남도 논산시 등화동 439-7호","","","논산청과(주)","2007-07-14 15:45:18","I","2018-08-31 23:59:59","그 밖의 대규모점포","","",""
"2678","대규모점포","08_25_01_P","4540000","2004454007807500001","2004-02-10","","01","영업/정상","1","정상영업","","","","","041 735 6891","3168.05","320-070","충청남도 논산시 반월동 66번지 1호","충청남도 논산시 중앙로 464 (반월동)","","청안백화점","2014-02-26 14:24:21","I","2018-08-31 23:59:59","백화점","207616.421564919","300437.62989623","대규모점포"
"2680","대규모점포","08_25_01_P","5680000","2008463008007500002","2008-11-10","","01","영업/정상","1","정상영업","","","","","041-350-7021","10356.86","343-090","충청남도 당진시 원당동 824번지","충청남도 당진시 정안로 20 (원당동)","343-090","롯데쇼핑(주) 롯데마트 당진점","2025-05-13 08:56:42","U","2025-05-15 02:40:00","대형마트","168374.445833845","378301.437167256","대규모점포"
"2685","대규모점포","08_25_01_P","4490000","2000449011907500001","2000-01-12","","01","영업/정상","1","정상영업","","","","","041-552-2080","14350","","충청남도 천안시 동남구 신방동 784번지 9   호","충청남도 천안시 동남구 신촌1길 23 (신방동)","","홈플러스(주) 천안신방점","2024-03-07 09:29:55","U","2024-03-09 02:40:00","대형마트","210681.520347633","365092.813367026","대규모점포"
"2686","대규모점포","08_25_01_P","4490000","2000449011907500002","1999-11-18","","01","영업/정상","1","정상영업","","","","","0415896019","9626","331-280","충청남도 천안시 서북구 신당동 452번지 3호","충청남도 천안시 서북구 천안대로 1348 (신당동)","","(주)메가마트 메가도매센터 천안점","2024-12-26 17:10:10","U","2024-12-28 02:40:00","대형마트","213510.454224013","373363.361136626","대규모점포"
"2695","대규모점포","08_25_01_P","4490000","2000449011907500009","2000-09-01","","01","영업/정상","1","정상영업","","","","","041 620 7000","63095","","충청남도 천안시 동남구 신부동 354-1 신세계백화점 천안아산점","충청남도 천안시 동남구 만남로 43, 신세계백화점 천안아산점  (신부동)","31120","신세계백화점 천안아산점","2021-12-01 13:36:04","U","2021-12-03 02:40:00","백화점","213910.850637373","368774.087611534","대규모점포"
"2702","대규모점포","08_25_01_P","4530000","2000453011607500006","1995-12-02","","01","영업/정상","1","정상영업","","","","","041 6697390","","","충청남도 서산시 동문동 888번지 11  호","","","그린필백화점","2007-06-23 10:45:46","I","2018-08-31 23:59:59","백화점","","",""
"2703","대규모점포","08_25_01_P","4530000","2002453011607500002","2002-03-06","","01","영업/정상","1","정상영업","","","","","041 661 0005","8324.71","356-070","충청남도 서산시 예천동 508번지","충청남도 서산시 충의로 27 (예천동)","356-808","롯데쇼핑(주)롯데마트서산점","2014-06-25 13:28:06","I","2018-08-31 23:59:59","대형마트","149769.23191319","363714.668155441","대규모점포"
"2704","대규모점포","08_25_01_P","4530000","2011453021107500001","2011-07-22","","01","영업/정상","1","정상영업","","","","","041-670-1271","9972.4","356-040","충청남도 서산시 잠홍동 463번지 외 7필지","충청남도 서산시 서해로 3685 (잠홍동,외 7필지)","","이마트 서산점","2024-04-24 09:01:48","U","2024-04-26 02:40:00","대형마트","153402.526239337","365343.26499901","대규모점포"
"2705","대규모점포","08_25_01_P","4530000","2014453023307500001","2002-03-06","","01","영업/정상","1","정상영업","","","","","041-661-0005","8324.71","","","충청남도 서산시 충의로 25-12 (예천동)","356-808","롯데쇼핑(주)롯데마트서산점","2025-05-02 09:18:06","U","2025-05-04 02:40:00","대형마트","","","대규모점포"
"2714","대규모점포","08_25_01_P","4520000","1987452001807500001","1987-02-09","","01","영업/정상","1","정상영업","","","","","5431397","","","충청남도 아산시 온천동 87번지 5호","충청남도 아산시 온천대로 1502-3 (온천동)","","녹산스토아","2007-06-23 10:11:01","I","2018-08-31 23:59:59","그 밖의 대규모점포","200353.036482849","364380.754829205",""
"2715","대규모점포","08_25_01_P","4520000","1994452001807500001","1994-12-17","","01","영업/정상","1","정상영업","","","","","","","","충청남도 아산시 온천동 194번지 5호","충청남도 아산시 시민로 346 (온천동)","","제일타워","2007-06-23 10:11:01","I","2018-08-31 23:59:59","그 밖의 대규모점포","199848.613284479","364260.269147754",""
"2716","대규모점포","08_25_01_P","4520000","1997452001807500001","1997-12-05","","01","영업/정상","1","정상영업","","","","","041 5304511","","","충청남도 아산시 배방읍 장재리 515번지 2호","","","(주)동방생활산업아산점","2007-06-23 10:11:01","I","2018-08-31 23:59:59","대형마트","","",""
"2717","대규모점포","08_25_01_P","4520000","2006452011607500001","2011-06-09","","01","영업/정상","1","정상영업","","","","","041-422-1052","7087.63","336-060","충청남도 아산시 풍기동 192번지 2호 외 7필지","충청남도 아산시 온천대로 1678 (풍기동)","336-060","(주)이마트 아산점","2024-04-22 10:24:08","U","2024-04-24 02:40:00","대형마트","201878.423890349","363909.743136977","대규모점포"
"2720","대규모점포","08_25_01_P","4520000","2011452022507500003","2011-09-14","","01","영업/정상","1","정상영업","","","","","02-380-9422","11107.3","336-857","충청남도 아산시 배방읍 장재리 1760번지","충청남도 아산시 배방읍 고속철대로 133","336-857","트레이더스 홀세일 클럽 천안아산점","2024-04-22 10:21:58","U","2024-04-24 02:40:00","대형마트","209360.843218577","366129.793611595","대규모점포"
"2723","대규모점포","08_25_01_P","4400000","2009440014607500001","2009-12-17","","01","영업/정상","1","정상영업","","","","","043-653-3021","8257.41","390-160","충청북도 제천시 강제동 684번지","충청북도 제천시 장평천로 11 (강제동)","","주식회사 신세계","2009-12-24 09:19:51","I","2018-08-31 23:59:59","그 밖의 대규모점포","308612.065962418","403106.413353613",""
"2724","대규모점포","08_25_01_P","4400000","2011440018107500001","2011-05-20","","01","영업/정상","1","정상영업","","","","","043-641-1051","8257.41","390-160","충청북도 제천시 강제동 684번지","충청북도 제천시 장평천로 11 (강제동)","","(주)이마트 제천점","2023-07-07 09:20:24","U","2023-07-09 02:40:00","대형마트","308612.065962418","403106.413353613","대규모점포"
"2727","대규모점포","08_25_01_P","4390000","1999439000007500002","1999-07-23","","01","영업/정상","1","정상영업","","","","","0441 2344567","200","","충청북도 충주시 가금면 가흥리 호","","","c-mart","2007-06-30 11:35:13","I","2018-08-31 23:59:59","대형마트","","",""
"2728","대규모점포","08_25_01_P","4390000","2002439002407500001","2002-01-08","","01","영업/정상","1","정상영업","","","","","043 841 2500","9854.37","","충청북도 충주시 칠금동 849번지 00호","충청북도 충주시 봉계1길 49 (칠금동)","380-965","롯데쇼핑(주)롯데마트충주점","2025-05-08 09:12:43","U","2025-05-10 02:40:00","대형마트","281360.558407973","387072.883137435","대규모점포"
"2729","대규모점포","08_25_01_P","4390000","2010439010307500001","2010-04-06","","01","영업/정상","1","정상영업","","","","","043 841 1052","8429.86","","충청북도 충주시 문화동 1024번지 이마트","충청북도 충주시 중원대로 3420, 이마트 (문화동)","27407","(주) 이마트 충주점","2024-04-19 10:29:53","U","2024-04-21 02:40:00","대형마트","282189.198577445","386015.218668088","대규모점포"
"2730","대규모점포","08_25_01_P","4390000","2012439010307500001","2016-02-22","","01","영업/정상","1","정상영업","","","","","043-724-1001","1622.1","380-962","충청북도 충주시 연수동 591번지 1호","충청북도 충주시 금곡로 55-0 (연수동)","380-100","(주)지에스리테일 충주연수점","2025-04-09 14:45:23","U","2025-04-11 02:40:00","그 밖의 대규모점포","283409.973811725","388056.457705197","준대규모점포"
"2732","대규모점포","08_25_01_P","4390000","2015439012107500001","2015-01-26","","01","영업/정상","1","정상영업","","","","","043-852-5335","594","380-964","충청북도 충주시 칠금동 171번지 2호","","","롯데슈퍼 충주칠금점","2015-01-26 20:47:23","I","2018-08-31 23:59:59","","281319.844286491","387482.58704793","준대규모점포"
"2733","대규모점포","08_25_01_P","4050000","2007405024007500003","2007-08-13","","01","영업/정상","1","정상영업","","","","","679-0001","14835.21","446-528","경기도 용인시 기흥구 중동 833번지","경기도 용인시 기흥구 동백죽전대로 444 (중동)","446-528","쥬네브썬월드","2024-12-16 10:07:09","U","2024-12-18 02:40:00","쇼핑센터","213383.977793755","419575.34117754","대규모점포"
"2735","대규모점포","08_25_01_P","4050000","2008405024007500002","2008-10-31","","01","영업/정상","1","정상영업","","","","","003180091051","7116.1","446-904","경기도 용인시 기흥구 보라동 623번지 1호","경기도 용인시 기흥구 한보라1로 92 (보라동)","446-904","(주)이마트 보라점","2024-12-06 10:44:07","U","2024-12-08 02:40:00","대형마트","209257.142312204","416191.247743094","대규모점포"
"2736","대규모점포","08_25_01_P","4050000","2009405024007500001","2009-07-14","","01","영업/정상","1","정상영업","","","","","031-802-11051","9170.24","446-908","경기도 용인시 기흥구 영덕동 985번지 3호","경기도 용인시 기흥구 흥덕중앙로 60 (영덕동)","446-908","(주)이마트 흥덕점","2024-05-20 14:05:35","U","2024-05-22 02:40:00","대형마트","206434.251915465","419314.165365317","대규모점포"
"2737","대규모점포","08_25_01_P","4050000","2015405037107500001","2015-05-28","","01","영업/정상","1","정상영업","","","","","031-285-4724","5766.11","446-902","경기도 용인시 기흥구 공세동","경기도 용인시 기흥구 공세로 186 (공세동)","446-902","한섬 패션웨어하우스","2021-04-20 14:10:08","U","2021-04-22 02:40:00","전문점","209153.939131626","415263.040054563","대규모점포"
"2739","대규모점포","08_25_01_P","4050000","2016405037107500002","2016-08-01","","01","영업/정상","1","정상영업","","","","","0312815400","46783.58","","경기도 용인시 수지구 성복동 23번지","경기도 용인시 수지구 심곡로 121 (성복동)","16847","롯데몰 용인점","2021-03-17 18:16:36","U","2021-03-19 02:40:00","쇼핑센터","","","대규모점포"
"2740","대규모점포","08_25_01_P","3820000","2012382017907500003","2012-05-14","","01","영업/정상","1","정상영업","","","","","031-856-5612","211.57","480-844","경기도 의정부시 의정부1동 235번지 17호","경기도 의정부시 평화로 635 (의정부동)","","롯데쇼핑(주) 롯데슈퍼 가능역점","2021-04-15 10:22:18","U","2021-04-17 02:40:00","구분없음","203877.860464049","471799.285751954","준대규모점포"
"2742","대규모점포","08_25_01_P","4050000","2012405028807500003","2012-05-04","","01","영업/정상","1","정상영업","","","","","02-2145-8470","15152.38","446-597","경기도 용인시 기흥구 신갈동 62번지","경기도 용인시 기흥구 신갈로58번길 16 (신갈동)","446-597","롯데쇼핑(주) 롯데마트 신갈점","2025-05-02 09:20:39","U","2025-05-04 02:40:00","대형마트","209459.248962457","418917.232336063","대규모점포"
"2743","대규모점포","08_25_01_P","4050000","2013405028807500001","2013-01-03","","01","영업/정상","1","정상영업","","","","","031 289 5602","13960.94","","","경기도 용인시 기흥구  탑실로  38 (공세동)","446-902","코스트코홀세일 공세점","2015-12-10 14:00:04","I","2018-08-31 23:59:59","대형마트","209595.481846485","415153.934258813","대규모점포"
"2744","대규모점포","08_25_01_P","4000000","2002400005007500001","2002-09-06","","01","영업/정상","1","정상영업","","","","","371 2612/371-2520","8575","","경기도 오산시 오산동 868호","경기도 오산시 경기대로 271 (오산동)","447-801","롯데쇼핑(주) 롯데마트 오산점","2025-04-30 16:55:38","U","2025-05-02 02:40:00","대형마트","206416.225089197","405292.957866229","대규모점포"
"2745","대규모점포","08_25_01_P","4000000","2005400005007500001","2005-11-17","","01","영업/정상","1","정상영업","","","","","031 369 7052","11742","447-060","경기도 오산시 원동 360번지 6호","경기도 오산시 경기대로 181 (원동)","447-060","(주)이마트 오산점","2024-11-05 13:50:02","U","2024-11-07 02:40:00","그 밖의 대규모점포","206383.775609107","404319.688193021","대규모점포"
"2746","대규모점포","08_25_01_P","4060000","2012406029207500004","2012-05-23","","01","영업/정상","1","정상영업","","","","","031-947-1923","996.6","413-854","경기도 파주시 광탄면 신산리 188번지 11호","경기도 파주시 광탄면 큰여울길 44","413-854","이마트에브리데이 광탄점","2024-07-25 16:32:16","U","2024-07-27 02:40:00","구분없음","186601.793372607","475319.542751513","준대규모점포"
"2747","대규모점포","08_25_01_P","4060000","2012406029207500006","2012-05-23","","01","영업/정상","1","정상영업","","","","","031-948-9489","980.75","","","경기도 파주시 시청로 190 (아동동)","10850","이마트에브리데이 팜스프링점","2024-07-25 11:13:30","U","2024-07-27 02:40:00","구분없음","180355.254248507","474266.843537213","준대규모점포"
"2748","대규모점포","08_25_01_P","4060000","2012406029207500007","2012-06-27","","01","영업/정상","1","정상영업","","","","","02-557-8828","34984","","경기도 파주시 목동동 927번지 (파주운정택지개발지구 F3-8 블럭)","","","더콜로니운정몰","2016-10-12 15:19:00","I","2018-08-31 23:59:59","쇼핑센터","176725.26242028","469706.991119381","대규모점포"
"2749","대규모점포","08_25_01_P","4050000","2006405016307500002","2006-07-18","","01","영업/정상","1","정상영업","","","","","003105461052","6797.48","446-528","경기도 용인시 기흥구 중동 833번지","경기도 용인시 기흥구 동백죽전대로 444 (중동)","446-765","(주)이마트 동백점","2024-04-22 17:23:35","U","2024-04-24 02:40:00","대형마트","213383.977793755","419575.34117754","대규모점포"
"2750","대규모점포","08_25_01_P","4050000","2004405008307500001","2003-12-31","","01","영업/정상","1","정상영업","","","","","031 2666071","3006.71","","경기도 용인시수지구 죽전동 1003-175호","경기도 용인시 수지구 용구대로 2725 (죽전동)","448-160","(주)에프앤에프용인","2017-03-08 15:30:39","I","2018-08-31 23:59:59","전문점","209558.52502256","425199.371817884","대규모점포"
"2751","대규모점포","08_25_01_P","4050000","2005405008307500002","2005-04-11","","01","영업/정상","1","정상영업","","","","","003102701052","11448.84","","경기도 용인시수지구 신봉동 909호","경기도 용인시 수지구 수지로 203 (신봉동)","448-150","(주)이마트 수지점","2024-04-22 17:49:50","U","2024-04-24 02:40:00","대형마트","207318.572861803","424204.581779995","대규모점포"
"2752","대규모점포","08_25_01_P","4050000","2005405008307500005","2005-05-12","","01","영업/정상","1","정상영업","","","","2006-10-20","003103271234","10715","","경기도 용인시기흥구 보정동 1019번지 237호","경기도 용인시 기흥구 용구대로 2457 (보정동)","446-855","트레이더스 홀세일 클럽 구성점","2024-04-18 09:01:17","U","2024-04-20 02:40:00","대형마트","209271.840918768","422612.412300721","대규모점포"
"2755","대규모점포","08_25_01_P","4060000","2000406001307500002","1993-01-28","","01","영업/정상","1","정상영업","","","","","031 9533860","","","경기도 파주시 문산읍 문산리 17-25호","","","청도훼미리코아","2013-04-25 17:09:07","I","2018-08-31 23:59:59","그 밖의 대규모점포","","",""
"2760","대규모점포","08_25_01_P","4060000","2005406011007500001","2005-03-31","","01","영업/정상","1","정상영업","","","","","031 950 1234","0","","경기도 파주시 교하읍 당하리 195번지 5호","","","신세계 이마트 파주점","2020-10-01 14:25:34","U","2020-10-03 02:40:00","대형마트","","","대규모점포"
"2761","대규모점포","08_25_01_P","4060000","2008406017607500001","2008-09-01","","01","영업/정상","1","정상영업","","","","","031-960-8000","10326.4","413-902","경기도 파주시 문산읍 당동리 산업단지내 지원시설용지 1-1","경기도 파주시 문산읍 방촌로 1759","413-901","홈플러스(주)파주문산점","2024-03-05 15:10:55","U","2024-03-07 02:40:00","대형마트","181002.777532337","485203.012122524","대규모점포"
"2762","대규모점포","08_25_01_P","4060000","2010406011007500001","2010-12-09","","01","영업/정상","1","정상영업","","","","","031941 2150","10417.88","413-100","경기도 파주시 동패동 1763번지","경기도 파주시 한울로 123 (동패동)","413-100","(주)이마트 파주운정점","2024-04-18 10:28:36","U","2024-04-20 02:40:00","대형마트","177453.945515036","467576.438594292","대규모점포"
"2763","대규모점포","08_25_01_P","4060000","2010406017607500001","2010-03-24","","01","영업/정상","1","정상영업","","","","","031-950-1053","9184.17","413-835","경기도 파주시 교하읍 야당1리 195번지 5호","경기도 파주시 당하길 10 (당하동)","413-090","(주)이마트파주점","2024-04-18 10:32:55","U","2024-04-20 02:40:00","대형마트","178030.82794167","471632.260930404","대규모점포"
"2764","대규모점포","08_25_01_P","4060000","2010406017607500002","2010-09-17","","01","영업/정상","1","정상영업","","","","","031-8071-7001","52503","413-841","경기도 파주시 탄현면 법흥리 1790번지 8호","경기도 파주시 탄현면 필승로 200","","(주)신세계사이먼 파주점","2023-01-12 14:06:52","U","2023-01-14 02:40:00","전문점","173172.828879481","474158.9428211","대규모점포"
"2766","대규모점포","08_25_01_P","3910000","2001391014907500001","2001-07-30","","01","영업/정상","1","정상영업","","","","","031-371-1234","9364","","경기도 평택시 지제동 50호","경기도 평택시 영신로 29 (지제동)","","주)이마트평택점","2024-04-17 10:52:34","U","2024-04-19 02:40:00","대형마트","206675.071220529","391060.040415712","대규모점포"
"2769","대규모점포","08_25_01_P","3910000","2009391018107500002","2009-04-22","","01","영업/정상","1","정상영업","","","","","031-615-1296","31750","450-827","경기도 평택시 평택동 185번지 568호","경기도 평택시 평택로 51 (평택동)","450-827","AK PLAZA 평택점","2024-12-24 10:25:07","U","2024-12-27 02:40:00","백화점","207523.442711596","387674.877266816","대규모점포"
"2770","대규모점포","08_25_01_P","3910000","2009391018107500003","2009-05-28","","01","영업/정상","1","정상영업","","","","","031-8053-2521","11450.91","450-020","경기도 평택시 합정동 968번지 1호","경기도 평택시 평택5로 30 (합정동)","450-020","롯데쇼핑(주) 롯데마트 평택점","2025-05-04 10:58:32","U","2025-05-08 02:40:00","대형마트","209876.420133429","387425.098329575","대규모점포"
"2771","대규모점포","08_25_01_P","3910000","2009391018107500004","2009-05-29","","01","영업/정상","1","정상영업","","","","","031 80538000","10343.35","459-020","경기도 평택시 장당동 390번지 1호","경기도 평택시 경기대로 1103 (장당동)","","홈플러스 송탄점","2024-02-29 10:52:08","U","2024-03-02 02:40:00","대형마트","205228.393696342","393704.000108834","대규모점포"
"2772","대규모점포","08_25_01_P","3910000","2011391024407500001","2011-03-28","","01","영업/정상","1","정상영업","","","","","03180468200","16000","","경기도 평택시 안중읍 현화리 산 274번지","경기도 평택시 안중읍 서동대로 1489","17816","홈플러스 평택안중","2024-02-29 10:50:31","U","2024-03-02 02:40:00","대형마트","192485.121561252","387625.950254015","대규모점포"
"2774","대규모점포","08_25_01_P","5700000","2007411000907500001","2007-05-22","","01","영업/정상","1","정상영업","","","","","031 880 1242","53948","","경기도 여주시 상거동 15-1번지","경기도 여주시 명품로 360","469-801","(주)신세계사이먼 여주점","2023-01-25 13:46:21","U","2023-05-26 08:48:36","전문점","254263.945020146","415664.62885435","대규모점포"
"2777","대규모점포","08_25_01_P","3910000","2012391024407500001","2012-05-14","","01","영업/정상","1","정상영업","","","","","617-9001","1213.47","459-030","경기도 평택시 이충동 667번지","경기도 평택시 이충로35번길 28-22 (이충동)","459-030","(주)지에스리테일 평택이충점","2025-04-18 17:36:17","U","2025-04-20 02:40:00","그 밖의 대규모점포","205796.899262265","395351.975127968","준대규모점포"
"2781","대규모점포","08_25_01_P","4070000","2012407008807500002","2012-06-26","","01","영업/정상","1","정상영업","","","","","031-638-0017","1282","467-808","경기도 이천시 중리동 21번지 1호","경기도 이천시 중리천로 18 (중리동)","467-808","(주)이마트에브리데이(이천점)","2024-07-26 10:02:54","U","2024-07-28 02:40:00","구분없음","238934.316946629","419876.035365793","준대규모점포"
"2783","대규모점포","08_25_01_P","4070000","2013407008807500003","2013-10-30","","01","영업/정상","1","정상영업","","","","","031-633-6898","14628","467-804","경기도 이천시 창전동 152번지 5호","경기도 이천시 영창로 165 (창전동)","467-804","(주)이랜드리테일NC이천점","2024-11-19 13:39:29","U","2024-11-21 02:40:00","쇼핑센터","239066.829966423","420094.84719581","대규모점포"
"2784","대규모점포","08_25_01_P","4070000","2014407008807500001","2014-12-17","","01","영업/정상","1","정상영업","","","","","","14460.81","","경기도 이천시 안흥동 474번지 롯데캐슬 골드스카이","경기도 이천시 구만리로 191 (안흥동, 롯데캐슬 골드스카이)","17372","롯데쇼핑(주) 롯데마트 이천점","2025-05-30 10:59:26","U","2025-06-01 02:40:00","대형마트","240254.30365186","419284.62693122","대규모점포"
"2785","대규모점포","08_25_01_P","3220000","2001322008307500029","2000-06-16","","01","영업/정상","1","정상영업","","","","","02 5312902","26532","","서울특별시 강남구 대치동 937호","서울특별시 강남구 도곡로 401 (대치동)","135-704","롯데백화점(강남점)","2022-05-04 16:04:56","U","2022-05-07 02:40:00","백화점","204669.543366778","443873.621189048","대규모점포"
"2786","대규모점포","08_25_01_P","3220000","2014322016207500011","2014-11-25","","01","영업/정상","1","정상영업","","","","","02-551-0705","13667","","","서울특별시 강남구 테헤란로87길 22-0 (삼성동)","135-728","도심공항몰(CALT MALL)","2019-04-11 14:04:06","U","2019-04-13 02:40:00","쇼핑센터","205170.959716696","445264.936337181","대규모점포"
"2787","대규모점포","08_25_01_P","3220000","2015322016207500001","2015-12-11","","01","영업/정상","1","정상영업","","","","","02)3446-7133","5155.7","","","서울특별시 강남구 강남대로 432 (역삼동, 점프밀라노)","06129","점프밀라노","2025-02-06 13:09:54","U","2025-02-08 02:40:00","그 밖의 대규모점포","202271.694937929","444339.880973826","대규모점포"
"2788","대규모점포","08_25_01_P","3220000","2016322016207500001","2016-12-29","","01","영업/정상","1","정상영업","","","","","023809461","358.71","","","서울특별시 강남구 삼성로 633, 1층 (삼성동, 삼광빌딩)","06091","노브랜드 삼성점","2024-04-19 09:46:16","U","2024-04-21 02:40:00","구분없음","204455.655","446026.109999999","준대규모점포"
"2789","대규모점포","08_25_01_P","3220000","2001322008307500030","1988-10-19","","01","영업/정상","1","정상영업","","","","","025597044","7940","135-732","서울특별시 강남구 삼성1동 159번지 8호 그랜드인터콘티넨탈호텔(지하1층)","서울특별시 강남구 테헤란로 521 (삼성동)","135-732","파르나스몰(PARNAS MALL)","2022-01-17 18:12:19","U","2022-01-19 02:40:00","쇼핑센터","205314.159889285","445204.709309676","대규모점포"
"2790","대규모점포","08_25_01_P","3220000","2001322008307500031","2000-05-01","","01","영업/정상","1","정상영업","","","","","02 5597049","5683.94","","서울특별시 강남구 삼성동 159호","서울특별시 강남구 봉은사로 524 (삼성동)","135-975","코엑스 호텔아케이드","2022-01-17 18:18:38","U","2022-01-19 02:40:00","쇼핑센터","205130.591678902","445590.096837802","대규모점포"
"2794","대규모점포","08_25_01_P","3220000","2006322012707500001","2006-10-24","","01","영업/정상","1","정상영업","","","","","02-6908-1051","5174","135-080","서울특별시 강남구 역삼동 755번지","서울특별시 강남구 역삼로 310 (역삼동)","135-926","(주)이마트 역삼점","2024-04-17 14:56:28","U","2024-04-19 02:40:00","대형마트","204213.643236507","444113.028210915","대규모점포"
"2798","대규모점포","08_25_01_P","3220000","2011322016207500002","2011-04-12","","01","영업/정상","1","정상영업","","","","","000269471234","3386.04","135-948","서울특별시 강남구 청담동 4번지 1호 외 9필지","서울특별시 강남구 도산대로 442 (청담동)","135-948","SSG Food Market 백화점","2023-11-30 13:32:43","U","2023-12-02 02:40:00","백화점","203789.588128352","446796.128299612","대규모점포"
"2801","대규모점포","08_25_01_P","3220000","2013322016207500002","2013-06-04","","01","영업/정상","1","정상영업","","","","","025168546","231","","","서울특별시 강남구 학동로 176 (논현동)","135-823","홈플러스익스프레스 학동역점","2024-04-15 15:24:58","U","2024-04-17 02:40:00","구분없음","202599.512133865","445700.273918744","준대규모점포"
"2803","대규모점포","08_25_01_P","3220000","2014322016207500005","2012-01-19","","01","영업/정상","1","정상영업","","","","","02-3466-5601","177.8","","","서울특별시 강남구 언주로122길 25 (논현동, 두산위브아파트)","135-832","롯데슈퍼 논현점","2017-04-26 18:33:19","I","2018-08-31 23:59:59","구분없음","203322.585990371","445590.72903471","준대규모점포"
"2804","대규모점포","08_25_01_P","3220000","2014322016207500007","2012-07-02","","01","영업/정상","1","정상영업","","","","","02-3445-5601","730.7","","","서울특별시 강남구 선릉로 660 (삼성동)","135-864","롯데쇼핑(주) 롯데슈퍼 삼성점","2024-09-04 13:44:12","U","2024-09-06 02:40:00","구분없음","203675.905036013","445926.119732235","준대규모점포"
"2805","대규모점포","08_25_01_P","3220000","2014322016207500008","2012-07-02","","01","영업/정상","1","정상영업","","","","","02-3446-5602","294.9","","","서울특별시 강남구 봉은사로103길 5 (삼성동)","135-873","롯데슈퍼 코엑스점","2023-05-09 15:26:03","U","2023-05-26 08:48:36","구분없음","205359.898726792","445864.805913342","준대규모점포"
"2808","대규모점포","08_25_01_P","3220000","1996322016207500001","1996-11-15","","01","영업/정상","1","정상영업","","","","","02-550-3090","12025.9","135-926","서울특별시 강남구 역삼동 755번지","서울특별시 강남구 역삼로 310 (역삼동)","135-926","한솔필리아","2018-04-18 16:09:06","I","2018-08-31 23:59:59","그 밖의 대규모점포","204213.643236507","444113.028210915","대규모점포"
"2811","대규모점포","08_25_01_P","3220000","2001322008307500004","1987-02-02","","01","영업/정상","1","정상영업","","","","","02 5103114","0","","서울특별시 강남구 논현동 105번지 7호","서울특별시 강남구 언주로 726 (논현동, 두산빌딩)","135-714","두산아케이드","2013-12-30 13:52:36","I","2018-08-31 23:59:59","그 밖의 대규모점포","203050.783890109","446316.514036122","대규모점포"
"2813","대규모점포","08_25_01_P","3220000","2001322008307500024","1997-06-30","","01","영업/정상","1","정상영업","","","","","0234662620","","","서울특별시 강남구 역삼동 826번지 14호","","","진솔물산","2007-07-14 10:53:01","I","2018-08-31 23:59:59","그 밖의 대규모점포","202557.007830645","443648.622539856",""
"2814","대규모점포","08_25_01_P","3220000","2001322008307500026","1985-11-30","","01","영업/정상","1","정상영업","","","","","0234495722","37604.54","135-724","서울특별시 강남구 압구정동 429번지","서울특별시 강남구 압구정로 165 (압구정동, 현대백화점본점)","135-724","(주)현대백화점 본점","2024-03-06 11:13:26","U","2024-03-08 02:40:00","백화점","202358.505687227","447232.955697694","대규모점포"
"2815","대규모점포","08_25_01_P","3220000","2001322008307500027","1988-10-10","","01","영업/정상","1","정상영업","","","","","02 5522233","46111.46","","서울특별시 강남구 삼성동 159번지 7호","서울특별시 강남구 테헤란로 517 (삼성동, 무역센터현대백화점)","135-730","현대백화점 무역센터점","2024-04-15 15:43:10","U","2024-04-17 02:40:00","백화점","205210.358779172","445154.42225208","대규모점포"
"2816","대규모점포","08_25_01_P","3220000","2001322008307500028","1985-03-18","","01","영업/정상","1","정상영업","","","","","0234494305","15358","","서울특별시 강남구 압구정동 494호","서울특별시 강남구 압구정로 343 (압구정동, 갤러리아백화점)","135-902","갤러리아백화점(서관)","2023-03-28 11:22:24","U","2023-03-30 02:40:00","백화점","203470.848439305","447369.579851952","대규모점포"
"2817","대규모점포","08_25_01_P","3220000","2012322016207500001","2012-07-26","","01","영업/정상","1","정상영업","","","","","0234458545","170.28","135-897","서울특별시 강남구 신사동 660번지 18호","서울특별시 강남구 압구정로46길 5-2 (신사동)","135-897","홈플러스 익스프레스 압구정점","2024-04-15 15:28:46","U","2024-04-17 02:40:00","구분없음","203191.25706078","447312.903662969","준대규모점포"
"2818","대규모점포","08_25_01_P","3220000","2012322016207500003","2012-05-18","","01","영업/정상","1","정상영업","","","","","025184089","272.02","","","서울특별시 강남구 압구정로18길 25 (신사동, 한국산업양행빌딩)","06031","GS THE FRESH 신사점","2025-05-07 10:45:12","U","2025-05-09 02:40:00","구분없음","202167.012989943","446808.075588622","준대규모점포"
"2819","대규모점포","08_25_01_P","5570000","2012557003107500001","2012-04-23","","01","영업/정상","1","정상영업","","","","","043-836-6711","1651.69","368-907","충청북도 증평군 증평읍 신동리 424번지","충청북도 증평군 증평읍 창신로 54","368-907","(주)지에스리테일 증평점","2025-04-16 11:36:12","U","2025-04-18 02:40:00","그 밖의 대규모점포","251564.053333333","364572.511333334","준대규모점포"
"2820","대규모점포","08_25_01_P","4070000","2018407008807500003","2009-09-12","","01","영업/정상","1","정상영업","","","","","031-638-5601","0","","경기도 이천시 송정동 317번지 3호","경기도 이천시 증신로291번길 82 (송정동)","17344","롯데쇼핑(주) 롯데슈퍼 송정점","2022-01-17 10:19:02","U","2022-01-19 02:40:00","구분없음","238563.750432498","421703.583393763","준대규모점포"
"2821","대규모점포","08_25_01_P","4070000","2018407008807500005","2016-07-07","","01","영업/정상","1","정상영업","","","","","031-8011-2021","772.08","","경기도 이천시 갈산동 602번지","경기도 이천시 안흥로 70 (갈산동)","17359","(주)이마트에브리데이 이천갈산점","2024-05-08 15:03:22","U","2024-05-10 02:40:00","구분없음","240306.158458325","420332.156379018","준대규모점포"
"2822","대규모점포","08_25_01_P","4070000","2018407008807500006","2017-09-20","","01","영업/정상","1","정상영업","","","","","031-638-8312","344","","경기도 이천시 안흥동 353번지 6호","경기도 이천시 영창로 290 (안흥동)","17371","(주)노브랜드 이천안흥점","2022-01-21 13:23:27","U","2022-01-23 02:40:00","구분없음","240274.674064413","419969.69866586","준대규모점포"
"2823","대규모점포","08_25_01_P","5020000","2018502031107500002","2018-11-12","","01","영업/정상","1","정상영업","","","","","","542","","경상북도 포항시 북구 장성동 977번지","경상북도 포항시 북구 성실로 67-4, 1층 (장성동)","37617","롯데쇼핑(주) 롯데슈퍼 포항장성점","2025-05-09 15:07:41","U","2025-05-11 02:40:00","구분없음","413736.014340543","288021.958974305","준대규모점포"
"2825","대규모점포","08_25_01_P","6520000","2020652017807500001","2020-11-25","","01","영업/정상","1","정상영업","","","","","064-908-6013","8834.54","","제주특별자치도 서귀포시 안덕면 서광리 산 24","제주특별자치도 서귀포시 안덕면 신화역사로304번길 38","63522","제주 프리미엄 전문점","2025-03-25 09:24:23","U","2025-03-27 02:40:00","전문점","136356.94232239","-20780.8074935676","대규모점포"
"2826","대규모점포","08_25_01_P","3310000","2022331011907500001","2022-05-11","","01","영업/정상","1","정상영업","","","","","051-625-6501","557.8","","부산광역시 남구 용호동 197 GS하이츠자이 401동 113, 호","부산광역시 남구 신선로 566, 401동 113, 114호 (용호동, GS하이츠자이)","48515","GS THE FRESH 부산용호점","2025-05-20 14:56:18","U","2025-05-22 02:40:00","그 밖의 대규모점포","392336.824825275","183544.386230822","준대규모점포"
"2829","대규모점포","08_25_01_P","3560000","2022356022207500001","2022-05-17","","01","영업/정상","1","정상영업","","","","","02-380-5042","476","","인천광역시 서구 가정동 0 루원시티 SK Leaders' VIEW","인천광역시 서구 가정로 437, 303동 지하2층 B242~B250호 (가정동, 루원시티 SK Leaders' VIEW)","22775","(주)이마트에브리데이 인천sk리더스뷰점","2024-08-06 15:44:58","U","2024-08-08 02:40:00","구분없음","","","준대규모점포"
"2831","대규모점포","08_25_01_P","3490000","2023349019107500001","2023-10-27","","01","영업/정상","1","정상영업","","","","","032-717-0207","81687.93","","인천광역시 중구 운서동 2955","인천광역시 중구 용유로 700 (운서동)","22382","인스파이어 인티그레이티드 리조트","2025-04-16 09:16:02","U","2025-04-18 02:40:00","쇼핑센터","145795.71564294","440225.472800033","대규모점포"
"2833","대규모점포","08_25_01_P","3190000","2023319027107500001","2023-11-01","","01","영업/정상","1","정상영업","","","","","02-2006-2364","539.78","","서울특별시 동작구 상도동 535 상도2차두산위브트레지움아파트","서울특별시 동작구 상도로30길 40, 판매/근생시설동 1층 125~131호 (상도동, 상도2차두산위브트레지움아파트)","06964","GS THE FRESH 동작구청점","2025-04-21 17:36:45","U","2025-04-23 02:40:00","구분없음","194870.38438442","444631.112679216","준대규모점포"
"2834","대규모점포","08_25_01_P","3510500","2023351057907500003","2023-10-16","","01","영업/정상","1","정상영업","","","","","032-874-8121","183.61","","인천광역시 미추홀구 주안동 1452-2 힐스테이트 푸르지오 주안","인천광역시 미추홀구 남주길 150 (주안동, 힐스테이트 푸르지오 주안)","22159","GS THE FRESH 인천주안점","2025-04-30 13:39:51","U","2025-05-02 02:40:00","그 밖의 대규모점포","171496.759700802","439044.001071504","준대규모점포"
"2835","대규모점포","08_25_01_P","3030000","2023303010307500004","2023-09-14","","01","영업/정상","1","정상영업","","","","","02-499-4519","158.8","","서울특별시 성동구 성수동1가 656-1208 성수만세주유소","서울특별시 성동구 왕십리로 109, 성수만세주유소 1층 (성수동1가)","04768","GS THE FRESG 서울숲점","2025-04-24 09:29:58","U","2025-04-26 02:40:00","구분없음","203841.225547969","449475.540141228","준대규모점포"
"2836","대규모점포","08_25_01_P","3740000","2023374039007500006","2023-11-21","","01","영업/정상","1","정상영업","","","","","02-380-9706","727.43","","경기도 수원시 장안구 정자동 111-10 외 3필지, 지하2층","","","노브랜드 스타필드수원점","2024-05-13 09:27:50","U","2024-05-15 02:40:00","구분없음","199213.609777517","420584.070996806","준대규모점포"
"2837","대규모점포","08_25_01_P","3270000","2023327013907500001","2023-11-21","","01","영업/정상","1","정상영업","","","","","051-635-3004","153","","부산광역시 동구 좌천동 68-164","부산광역시 동구 성남이로 25, 1층 (좌천동)","48754","GS THE FRESH 부산하버시티점","2024-01-19 19:33:23","U","2024-01-21 02:40:00","구분없음","387392.843756885","183422.443232763","준대규모점포"
"2839","대규모점포","08_25_01_P","3300000","2024330011907500004","2024-12-19","","01","영업/정상","1","정상영업","","","","","051-558-9798","439.7","","부산광역시 동래구 명륜동 185","부산광역시 동래구 문화로 7, 1층 (명륜동)","47747","GS THE FRESH 부산명륜점","2025-05-02 17:34:31","U","2025-05-04 02:40:00","구분없음","389649.19938709","192126.676191516","준대규모점포"
"2840","대규모점포","08_25_01_P","5350000","2024535037407500001","2024-12-27","","01","영업/정상","1","정상영업","","","","","055-371-6000","14842","","경상남도 김해시 삼정동 941 메가마트 김해점","경상남도 김해시 김해대로2492번길 20, 메가마트 김해점 (삼정동)","50935","메가마트 김해점","2024-12-27 10:09:20","I","2024-12-29 00:12:04","대형마트","372941.32985139","193521.212396072","대규모점포"
"2842","대규모점포","08_25_01_P","4351000","2024435100907500001","2024-09-11","","01","영업/정상","1","정상영업","","","","","033-671-8952","0","","강원특별자치도 양양군 강현면 전진리 7-1 강현농협낙산지점","강원특별자치도 양양군 강현면 해맞이길 8-12, 강현농협낙산지점","25009","강현농협 하나로마트 낙산점","2024-12-24 14:07:40","I","2024-12-27 00:11:58","구분없음","342881.510532634","514216.129963089","준대규모점포"
"2843","대규모점포","08_25_01_P","5360000","2025536020007500001","2025-02-07","","01","영업/정상","1","정상영업","","","","","055-475-6900","365.03","","경상남도 밀양시 삼문동 720-24","경상남도 밀양시 미리벌로 30 (삼문동)","50438","노브랜드 밀양삼문점","2025-03-18 15:40:31","U","2025-03-20 02:40:00","대형마트","358708.763727428","221641.904197922","준대규모점포"
"2844","대규모점포","08_25_01_P","5350000","2024535037407500005","2024-09-11","","01","영업/정상","1","정상영업","","","","","055-330-3416","709.4","","경상남도 김해시 율하동 1333-4","경상남도 김해시 율하2로97번길 34 (율하동)","51019","GS THE FRESH 김해율하점","2025-01-13 16:35:14","I","2025-01-15 00:11:12","구분없음","365223.320079331","187479.680724965","준대규모점포"
"2847","대규모점포","08_25_01_P","3460000","2024346019707500002","2024-12-09","","01","영업/정상","1","정상영업","","","","","000000","270.7","","대구광역시 수성구 노변동 452-2","대구광역시 수성구 노변공원로 85 (노변동)","42258","GS THE FRSH(대구노변점)","2024-12-10 10:59:35","I","2024-12-12 00:11:51","구분없음","353394.618500842","260767.94269704","준대규모점포"
"2849","대규모점포","08_25_01_P","3540000","2025354016107500001","2025-02-05","","01","영업/정상","1","정상영업","","","","","0220062364","210.4","","인천광역시 부평구 부평동 665-2 부평역해링턴플레이스","인천광역시 부평구 동수로 36 (부평동, 부평역해링턴플레이스)","21430","GS THE FRESH 부평해링턴점","2025-05-12 14:45:35","U","2025-05-14 02:40:00","구분없음","175406.984590886","442427.409794067","준대규모점포"
"2850","대규모점포","08_25_01_P","3240000","2025324028907500001","2025-01-23","","01","영업/정상","1","정상영업","","","","","02-2290-5996","200.64","","서울특별시 강동구 둔촌동 451-1","","","롯데슈퍼 강동둔촌점","2025-03-11 09:51:41","U","2025-03-13 02:40:00","구분없음","212502.058380013","447693.22037196","준대규모점포"
"2851","대규모점포","08_25_01_P","3300000","2024330011907500003","2024-12-02","","01","영업/정상","1","정상영업","","","","","051-510-4672","254.54","","부산광역시 동래구 온천동 47-5","부산광역시 동래구 금강로151번길 2, 1층 (온천동)","47701","GS THE FRESH 온천래미안점","2025-05-02 17:35:39","U","2025-05-04 02:40:00","구분없음","389394.888546212","193441.356927049","준대규모점포"
"2852","대규모점포","08_25_01_P","3460000","2024346019707500001","2024-12-09","","01","영업/정상","1","정상영업","","","","","000-0000-0000","270.7","","대구광역시 수성구 노변동 452-2","대구광역시 수성구 노변공원로 85 (노변동)","42258","GS THE FRESH(대구노변점)","2025-04-16 13:09:28","U","2025-04-18 02:40:00","구분없음","353394.618500842","260767.94269704","준대규모점포"
"2854","대규모점포","08_25_01_P","3450000","2002345007307500002","2002-09-06","","02","휴업","2","휴업처리","","","","","","12333","","대구광역시 북구 칠성동2가 20-1호","","","스펙트럼시티","2007-07-07 12:21:29","I","2018-08-31 23:59:59","그 밖의 대규모점포","","",""
"2855","대규모점포","08_25_01_P","3450000","2006345008907500001","2006-04-17","","02","휴업","2","휴업처리","","","","","053607 8000","14022","","대구광역시 북구 동천동 968호","대구광역시 북구 동암로12길 8 (동천동)","","삼성테스코(주)홈프러스 칠곡점","2007-07-07 12:21:29","I","2018-08-31 23:59:59","대형마트","340320.722709596","272735.675659876",""
"2856","대규모점포","08_25_01_P","3450000","2006345008907500002","2006-04-17","","02","휴업","2","휴업처리","","","","","053 350 8124","9441","","대구광역시 북구 칠성동2가 378번지 23호","대구광역시 북구 중앙대로 543 (칠성동2가)","","홈프러스대구점","2011-04-25 09:46:37","I","2018-08-31 23:59:59","대형마트","344041.493561539","265698.789666102",""
"2857","대규모점포","08_25_01_P","3450000","2005345008907500002","2005-06-10","","02","휴업","2","휴업처리","","","","","","4680.75","","대구광역시 북구 관음동 1369번지 1호","대구광역시 북구 관음로 43 (관음동)","","한국까르푸(주) 강북점","2007-07-07 12:21:29","I","2018-08-31 23:59:59","그 밖의 대규모점포","338898.15784325","271593.897503132",""
"2858","대규모점포","08_25_01_P","3450000","2005345008907500003","2005-06-27","","02","휴업","2","휴업처리","","","","","","4680.75","","대구광역시 북구 관음동 1369번지 1호","대구광역시 북구 관음로 43 (관음동)","","한국까르푸칠곡점","2007-07-07 12:21:29","I","2018-08-31 23:59:59","대형마트","338898.15784325","271593.897503132",""
"2859","대규모점포","08_25_01_P","3450000","2005345008907500005","2005-11-17","","02","휴업","2","휴업처리","","","","","053 380 1050","11525","","대구광역시 북구 산격동 1817호","대구광역시 북구 검단로 97 (산격동)","","코스트코홀세일","2007-07-07 12:21:29","I","2018-08-31 23:59:59","대형마트","346013.651465394","268532.189935562",""
"2860","대규모점포","08_25_01_P","5070000","2004507010207500001","2004-11-02","","02","휴업","2","휴업처리","","","","","","6809.93","","경상북도 안동시 옥동 796번지 1호","경상북도 안동시 옥동1길 2 (옥동)","","신세계 이마트 안동점","2007-06-23 10:20:20","I","2018-08-31 23:59:59","대형마트","352071.498057006","341053.155066362",""
"2861","대규모점포","08_25_01_P","5070000","2005507010207500001","2005-04-12","","02","휴업","2","휴업처리","","","","","054 850 1250","6809.93","","경상북도 안동시 옥동 796번지 1호","경상북도 안동시 옥동1길 2 (옥동)","","신세계이마트안동점","2007-06-23 10:20:20","I","2018-08-31 23:59:59","대형마트","352071.498057006","341053.155066362",""
"2863","대규모점포","08_25_01_P","3700000","2005370000907500001","2005-04-15","","02","휴업","2","휴업처리","","","","","","26010.15","","울산광역시 남구 삼산동 1521-1호","","","현대D.S.F 현대백화점 울산점","2009-04-02 15:43:49","I","2018-08-31 23:59:59","백화점","","",""
"2865","대규모점포","08_25_01_P","4490000","2005449013107500001","2005-04-11","","02","휴업","2","휴업처리","","","","","041620 1234","11786.13","","충청남도 천안시 쌍용동 191호","","","(주)신세계 이마트 천안점","2007-06-30 10:52:49","I","2018-08-31 23:59:59","대형마트","","",""
"2866","대규모점포","08_25_01_P","4490000","2005449013107500002","2005-05-09","","02","휴업","2","휴업처리","","","","","041559 9010","8388.54","","충청남도 천안시 신부동 354번지 1호","충청남도 천안시 동남구 만남로 43 (신부동)","","갤러리아백화점","2007-06-30 10:52:49","I","2018-08-31 23:59:59","백화점","213910.850637373","368774.087611534",""
"2867","대규모점포","08_25_01_P","4490000","2007449013107500001","2007-04-06","","02","휴업","2","휴업처리","","","","","041 6223699","6437.07","","충청남도 천안시 대흥동 102번지 10호","충청남도 천안시 동남구 명동길 47 (대흥동)","","오렌지 씨네스타","2007-06-30 10:52:49","I","2018-08-31 23:59:59","쇼핑센터","213170.605218936","367376.081706936",""
"2868","대규모점포","08_25_01_P","3830000","2001383006207500001","2001-09-10","","02","휴업","2","휴업처리","","","","","031 443 0171","6987.46","","경기도 안양시만안구 안양동 668번지 33호","경기도 안양시 만안구 안양로 316 (안양동)","","제페(JEFE)","2007-06-23 14:33:26","I","2018-08-31 23:59:59","그 밖의 대규모점포","","",""
"2869","대규모점포","08_25_01_P","3830000","2002383006207500002","2002-08-29","","02","휴업","2","휴업처리","","","","","031 381 6004","10130.95","","경기도 안양시동안구 관양동 1608번지 3호","경기도 안양시 동안구 시민대로 300 (관양동)","","월마트슈퍼센터 평촌점","2007-06-23 14:33:26","I","2018-08-31 23:59:59","대형마트","196752.332727486","432521.042909087",""
"2871","대규모점포","08_25_01_P","3830000","2004383006207500001","1999-02-10","","02","휴업","2","휴업처리","","","","","031 4791276","0","","경기도 안양시동안구 호계동 555-9호","","","까르푸 안양하이퍼마켓","2007-06-23 14:33:26","I","2018-08-31 23:59:59","대형마트","","",""
"2872","대규모점포","08_25_01_P","3830000","2005383006207500001","2005-05-04","","02","휴업","2","휴업처리","","","","","","10130.95","","경기도 안양시동안구 관양동 1608-3호","","","월마트슈퍼센터 평촌점","2007-06-23 14:33:26","I","2018-08-31 23:59:59","그 밖의 대규모점포","196699.264690575","432538.509415803",""
"2874","대규모점포","08_25_01_P","3830000","1994383006207500001","1994-12-01","","02","휴업","2","휴업처리","","","","","031 3805000","23229","","경기도 안양시동안구 호계동 1040호","경기도 안양시 동안구 시민대로 182 (호계동)","","뉴코아백화점 평촌점","2007-06-23 14:33:26","I","2018-08-31 23:59:59","백화점","195664.729348617","432092.866186939",""
"2875","대규모점포","08_25_01_P","3830000","1997383006207500001","1997-08-13","","02","휴업","2","휴업처리","","","","","031 3803350","8992.69","","경기도 안양시동안구 비산동 411번지 8호","경기도 안양시 동안구 관악대로 104 (비산동)","","E-마트","2007-06-23 14:33:26","I","2018-08-31 23:59:59","대형마트","","",""
"2876","대규모점포","08_25_01_P","4050000","2003220030807500000","2003-08-09","","02","휴업","2","휴업처리","","","","","031 2701052","","","경기도 용인시수지구 신봉동 17호","","","신세계이마트수지점","2007-07-21 11:11:05","I","2018-08-31 23:59:59","대형마트","206997.559666667","424474.107666667",""
"2877","대규모점포","08_25_01_P","3820000","2004382007907500001","2004-11-17","","02","휴업","2","휴업처리","","","","","031 850 8000","25774","","경기도 의정부시 금오동 475번지 1호","경기도 의정부시 청사로 38 (금오동)","","삼성테스코(주) 홈플러스 의정부점","2007-07-07 10:35:33","I","2018-08-31 23:59:59","대형마트","206192.090833323","472186.18249487",""
"2879","대규모점포","08_25_01_P","3820000","2002382007907500001","2002-03-21","","02","휴업","2","휴업처리","","2006-11-14","2006-11-14","","031 877 5000","755","","경기도 의정부시 의정부동 100-1호","경기도 의정부시 평화로 472 (의정부동)","480-847","제이유백화점","2014-03-12 09:23:40","I","2018-08-31 23:59:59","백화점","","","대규모점포"
"2880","대규모점포","08_25_01_P","4050000","2005405008307500007","2005-09-02","","02","휴업","2","휴업처리","","","","","02 3805234","13659.57","","경기도 용인시수지구 죽전동 호 죽전택지개발사업지구 1703블럭","","","신세계 이마트 죽전점","2007-07-21 11:11:05","I","2018-08-31 23:59:59","그 밖의 대규모점포","","",""
"2882","대규모점포","08_25_01_P","3430000","2000343001007500001","2003-05-14","","02","휴업","2","휴업처리","","","","","053  6072500","","","대구광역시 서구 내당동 호 965","","","롯데쇼핑(주)마그넷서대구점","2007-06-30 11:12:41","I","2018-08-31 23:59:59","대형마트","","",""
"2884","대규모점포","08_25_01_P","3430000","2004343005007500001","2004-05-14","","02","휴업","2","휴업처리","","","","","053608 9130","9375.95","","대구광역시 서구 비산동 1612-3번지 9호","","","월마트비산점","2007-06-30 11:12:41","I","2018-08-31 23:59:59","그 밖의 대규모점포","","",""
"2886","대규모점포","08_25_01_P","3430000","2004343005007500003","2004-05-14","","02","휴업","2","휴업처리","","","","","053 607 2510","6699.3","","대구광역시 서구 내당동 965호","대구광역시 서구 달서로 42 (내당동)","","롯데쇼핑(주)롯데마트 서대구점","2007-06-30 11:12:41","I","2018-08-31 23:59:59","그 밖의 대규모점포","341860.419648281","264004.459308992",""
"2887","대규모점포","08_25_01_P","3430000","2005343005007500003","2005-05-03","","02","휴업","2","휴업처리","","","","2006-10-12","053 608 9114","9375.95","","대구광역시 서구 비산동 1612번지 3호","","","(주)신세계마트이마트 비산점","2007-06-30 11:12:41","I","2018-08-31 23:59:59","대형마트","","",""
"2888","대규모점포","08_25_01_P","3420000","1998342005807500001","1998-11-02","","02","휴업","2","휴업처리","","","","","053 9845415","0","","대구광역시 동구 검사동 908번지 5호","","","까르푸 동촌 하이퍼마켓","2007-07-14 11:21:18","I","2018-08-31 23:59:59","대형마트","349426.805402323","266377.854783573",""
"2890","대규모점포","08_25_01_P","3470000","2001347001307500001","2001-10-16","","02","휴업","2","휴업처리","","","","","053 629 6768","5022","","대구광역시 달서구 본동 881호","대구광역시 달서구 와룡로5길 20 (본동)","","주식회사지마트(G-MART)","2007-07-14 12:20:22","I","2018-08-31 23:59:59","대형마트","338678.797272666","260540.364298043",""
"2892","대규모점포","08_25_01_P","3680000","2000368000007500001","2005-08-26","","02","휴업","2","휴업처리","","","","","042 6367961","5984.77","","대전광역시 대덕구 읍내동 100호","대전광역시 대덕구 신탄진로 1 (읍내동)","","대한통운마트 대전점","2007-07-07 09:18:01","I","2018-08-31 23:59:59","대형마트","238027.354947962","320279.99970216",""
"2894","대규모점포","08_25_01_P","3370000","1997337001407500001","1997-12-22","","02","휴업","2","휴업처리","","","","","","","","부산광역시 연제구 연산동 590번지 6   호","","","㈜아람마트수퍼센터 연산점","2007-07-07 10:19:37","I","2018-08-31 23:59:59","그 밖의 대규모점포","","",""
"2895","대규모점포","08_25_01_P","3370000","2001337001407500002","2001-11-17","","02","휴업","2","휴업처리","","","","","","","","부산광역시 연제구 연산동 822번지 7   호","","","이-마트 연제점","2007-07-07 10:19:37","I","2018-08-31 23:59:59","그 밖의 대규모점포","","",""
"2896","대규모점포","08_25_01_P","4030000","2002403008007500001","2002-06-17","","02","휴업","2","휴업처리","","","","","","","","경기도 의왕시 내손동 743호","","","롯데쇼핑(주)롯데마트 의왕점","2007-07-21 10:09:54","I","2018-08-31 23:59:59","대형마트","197598.213989563","430907.769943711",""
"2897","대규모점포","08_25_01_P","4030000","2004403007007500001","2002-06-17","","02","휴업","2","휴업처리","","","","","","0","","경기도 의왕시 내손동 743호","","","롯데쇼핑(주)롯데마트 의왕점","2007-07-21 10:09:54","I","2018-08-31 23:59:59","대형마트","197598.213989563","430907.769943711",""
"2898","대규모점포","08_25_01_P","5590000","2005559004007500001","2005-04-02","","02","휴업","2","휴업처리","","","","","031 860 0053","8889.61","","경기도 양주시 회정동 98번지 5호","","","(주)신세계 이마트","2007-07-14 10:52:12","I","2018-08-31 23:59:59","대형마트","","",""
"2901","대규모점포","08_25_01_P","3280000","2005328001507500001","2005-02-23","","02","휴업","2","휴업처리","","","","","051 4182000","5340.15","","부산광역시 영도구 봉래동2가 151번지 1호","부산광역시 영도구 대교로14번길 57 (봉래동2가)","","홈플러스 영도점","2007-07-21 10:01:37","I","2018-08-31 23:59:59","대형마트","386335.80960303","179336.483175733",""
"2902","대규모점포","08_25_01_P","3280000","2006328001507500001","2006-02-20","","02","휴업","2","휴업처리","","","","","051 4195000","5340.15","","부산광역시 영도구 봉래동2가 151번지 1호","부산광역시 영도구 대교로14번길 57 (봉래동2가)","","홈플러스 영도점","2007-07-21 10:01:37","I","2018-08-31 23:59:59","대형마트","386335.80960303","179336.483175733",""
"2903","대규모점포","08_25_01_P","3280000","2004328001507500001","2004-04-28","","02","휴업","2","휴업처리","","","","","051 4182000","5340.15","","부산광역시 영도구 봉래동2가 151번지 1호","부산광역시 영도구 대교로14번길 57 (봉래동2가)","","(주)아람마트 수퍼센터영도점","2007-07-21 10:01:37","I","2018-08-31 23:59:59","대형마트","386335.80960303","179336.483175733",""
"2904","대규모점포","08_25_01_P","3380000","2004338001507500002","2004-04-30","","02","휴업","2","휴업처리","","","","","051 608 6022","13931","","부산광역시 수영구 남천동 545-2호","","","메가마트 남천점","2007-07-21 10:49:51","I","2018-08-31 23:59:59","대형마트","","",""
"2906","대규모점포","08_25_01_P","3380000","2005338001507500002","2005-12-23","","02","휴업","2","휴업처리","","","","","","19226.83","","부산광역시 수영구 남천동 545번지 2호","","","메가마트 남천점","2007-07-21 10:49:51","I","2018-08-31 23:59:59","대형마트","392321.102334852","184041.758684038",""
"2907","대규모점포","08_25_01_P","5330000","2007533009207500001","2007-05-07","","02","휴업","2","휴업처리","","2011-12-30","2014-06-30","","055 6411202","3251.48","","경상남도 통영시 북신동 698번지 1호","경상남도 통영시 원문로 27 (북신동)","","대동GVZONE","2012-04-19 11:19:58","I","2018-08-31 23:59:59","쇼핑센터","330294.376288722","151877.485030261","대규모점포"
"2910","대규모점포","08_25_01_P","3070000","1998000000007500002","1998-05-22","","02","휴업","2","휴업처리","","","","","02 9434044","","","서울특별시 성북구 장위동 68번지 1014호","","","코코마트","2007-07-07 10:47:37","I","2018-08-31 23:59:59","그 밖의 대규모점포","204367.347787613","456732.945005445",""
"2911","대규모점포","08_25_01_P","3070000","2000307009907500014","1994-04-29","","02","휴업","2","휴업처리","","","","","02 9434044","","","서울특별시 성북구 장위동 68번지 1014호","","","코코마트","2007-07-07 10:47:37","I","2018-08-31 23:59:59","그 밖의 대규모점포","204367.347787613","456732.945005445",""
"2912","대규모점포","08_25_01_P","3070000","2000307009907500016","1988-05-14","","02","휴업","2","휴업처리","","","","","02 9620580","10006","","서울특별시 성북구 길음동 25번지 2호","","","신세계백화점 미아점","2007-07-07 10:47:37","I","2018-08-31 23:59:59","백화점","202555.30089577","456503.066230481",""
"2914","대규모점포","08_25_01_P","4231000","2004423005107500001","2003-11-06","","02","휴업","2","휴업처리","","","","","02  380 5231","0","","강원특별자치도 속초시 청호동 459번지 134호","강원특별자치도 속초시 설악금강대교로 12 (청호동)","","신세계E마트속초점","2007-07-14 10:50:08","I","2023-06-13 00:00:00","대형마트","339761.153723826","522089.806016399",""
"2917","대규모점포","08_25_01_P","3260000","2004326004907500005","2004-06-03","","02","휴업","2","휴업처리","","","","","","","","호","","","현대농수산마트","2007-07-07 09:49:01","I","2018-08-31 23:59:59","그 밖의 대규모점포","","",""
"2919","대규모점포","08_25_01_P","5050000","2004505010007500001","2004-07-19","","02","휴업","2","휴업처리","","","","","054 7490080","3820.8","","경상북도 경주시 용강동 1276번지 7호","","","하나마트","2007-07-21 10:52:34","I","2018-08-31 23:59:59","대형마트","400927.174799362","266625.858559194",""
"2920","대규모점포","08_25_01_P","4820000","2004482011807500001","2004-08-26","","02","휴업","2","휴업처리","","","","","","16761.49","","전라남도 순천시 조례동 766호","전라남도 순천시 비봉2길 22 (조례동)","","뉴코아순천점","2007-07-21 11:08:49","I","2018-08-31 23:59:59","그 밖의 대규모점포","247410.736823692","163957.828214531",""
"2924","대규모점포","08_25_01_P","4820000","2006482011807500002","2006-04-04","","02","휴업","2","휴업처리","","","","","","18447.62","","전라남도 순천시 조례동 975번지 1   호","","","삼성테스코(주)","2007-07-21 11:08:49","I","2018-08-31 23:59:59","대형마트","","",""
"2925","대규모점포","08_25_01_P","4820000","2006482011807500003","2006-04-04","","02","휴업","2","휴업처리","","","","","02 34598000","0","","전라남도 순천시 조례동 975번지 1   호","","","삼성테스코(주)","2007-07-21 11:08:49","I","2018-08-31 23:59:59","대형마트","","",""
"2926","대규모점포","08_25_01_P","4820000","2006482011807500004","2006-04-04","","02","휴업","2","휴업처리","","","","","02  34598000","18447.62","","전라남도 순천시 조례동 975번지 1 호","","","삼성테스코(주)홈플러스 순천점","2007-07-21 11:08:49","I","2018-08-31 23:59:59","대형마트","","",""
"2929","대규모점포","08_25_01_P","6510000","2002549007507500004","2002-11-26","","02","휴업","2","휴업처리","","","","","","4065","","제주특별자치도 제주시 일도일동 1298-28호","","","(주)에프샵","2007-06-30 13:46:00","I","2018-08-31 23:59:59","백화점","","",""
"2930","대규모점포","08_25_01_P","6510000","2004549012307500002","2004-11-22","","02","휴업","2","휴업처리","","","","","","3963","","제주특별자치도 제주시 일도일동 호","","","(주)제이인터내셔날","2007-06-30 13:46:00","I","2018-08-31 23:59:59","대형마트","","",""
"2934","대규모점포","08_25_01_P","3110000","2001311008807500020","2001-11-01","","02","휴업","2","휴업처리","","","","","02 34845153","10966.73","","서울특별시 은평구 응암동 90번지 1호","서울특별시 은평구 은평로 111 (응암동)","","신세계이마트 은평점","2007-07-14 10:16:27","I","2018-08-31 23:59:59","대형마트","192882.837727443","455340.54056388",""
"2935","대규모점포","08_25_01_P","3110000","2004311009907500001","2001-11-01","","02","휴업","2","휴업처리","","","","","02 34845153","0","","서울특별시 은평구 응암동 90번지 1호","서울특별시 은평구 은평로 111 (응암동)","","신세계이마트 은평점","2007-07-14 10:16:27","I","2018-08-31 23:59:59","대형마트","192882.837727443","455340.54056388",""
"2938","대규모점포","08_25_01_P","3180000","2001318007607500001","1985-07-27","","02","휴업","2","휴업처리","","","","","02 7896052","","","서울특별시 영등포구 여의도동 60호","서울특별시 영등포구 63로 50 (여의도동)","","63씨티","2007-07-07 12:24:36","I","2018-08-31 23:59:59","그 밖의 대규모점포","194632.526367463","446401.926526228",""
"2939","대규모점포","08_25_01_P","3180000","2001318007607500012","1987-04-23","","02","휴업","2","휴업처리","","","","","0237731342","","","서울특별시 영등포구 여의도동 20호","서울특별시 영등포구 여의대로 128 (여의도동)","","(주)LG","2007-07-07 12:24:36","I","2018-08-31 23:59:59","그 밖의 대규모점포","193674.743726431","447296.226305826",""
"2940","대규모점포","08_25_01_P","4191000","2004419011507500001","2004-12-22","","02","휴업","2","휴업처리","","","","","033 749 8832","4627.34","","강원특별자치도 원주시 단계동 803-2호","","","원주원예농협하나로클럽","2007-07-21 10:32:58","I","2023-06-13 00:00:00","대형마트","","",""
"2941","대규모점포","08_25_01_P","4191000","2004419011507500002","2004-12-22","","02","휴업","2","휴업처리","","","","","033 749 8832","3466.43","","강원특별자치도 원주시 단계동 803-2호","","","원주원예농협하나로클럽","2007-07-21 10:32:58","I","2023-06-13 00:00:00","대형마트","","",""
"2942","대규모점포","08_25_01_P","4191000","2004419011507500003","2004-12-22","","02","휴업","2","휴업처리","","","","","033 749 8832","3466.43","","강원특별자치도 원주시 단계동 803-2호","","","원주원예농협하나로클럽","2007-07-21 10:32:58","I","2023-06-13 00:00:00","대형마트","","",""
"2944","대규모점포","08_25_01_P","3620000","2002362001207500001","2002-10-24","","02","휴업","2","휴업처리","","","","","","12724.02","","광주광역시 북구 두암동 575번지 1호","광주광역시 북구 동문대로 200 (두암동)","","삼성홈플러스 동광주점","2013-12-30 10:42:33","I","2018-08-31 23:59:59","대형마트","193592.366836384","186709.260367801",""
"2947","대규모점포","08_25_01_P","3530000","2003353004907500001","2003-01-22","","02","휴업","2","휴업처리","","","","","","7681.47","","인천광역시 남동구 구월동 1264호","인천광역시 남동구 호구포로 818 (구월동)","","지오디페","2007-07-14 10:42:02","I","2018-08-31 23:59:59","그 밖의 대규모점포","175127.311445245","439299.829381154",""
"2948","대규모점포","08_25_01_P","3530000","2005353004907500001","2005-09-13","","02","휴업","2","휴업처리","","","","","032 000 0000","8076.4","","인천광역시 남동구 만수동 73번지 18호","","","만수종합쇼핑","2007-07-14 10:42:02","I","2018-08-31 23:59:59","그 밖의 대규모점포","176260.455257872","439821.045270727",""
"2949","대규모점포","08_25_01_P","3510500","2005351007107500002","2005-10-11","","02","휴업","2","휴업처리","","","","","032 876 4108","15197.55","","인천광역시 남구 용현동 648호","인천광역시 남구 소성로 6 (용현동)","","(주)이랜드리테일홈에버인하점","2007-06-30 12:25:07","I","2018-08-31 23:59:59","그 밖의 대규모점포","169028.062637712","438450.444079289",""
"2951","대규모점포","08_25_01_P","3540000","1999354004707500001","1999-12-21","","02","휴업","2","휴업처리","","","","","032 5801234","","","인천광역시 부평구 갈산동 171호","","","이마트부평점","2007-06-23 11:59:41","I","2018-08-31 23:59:59","대형마트","175692.267024162","446088.959564706",""
"2952","대규모점포","08_25_01_P","3900000","1996390000007500001","1996-11-19","","02","휴업","2","휴업처리","","","","","02 6107000","","","경기도 광명시 철산동 261호","","","(주)나산백화점","2007-06-30 13:48:41","I","2018-08-31 23:59:59","그 밖의 대규모점포","188175.807511909","441461.454807111",""
"2954","대규모점포","08_25_01_P","3900000","2000390000007500015","2000-06-09","","02","휴업","2","휴업처리","","","","","0233977007","","","경기도 광명시 하안동 38호","","","메르존","2007-06-30 13:48:41","I","2018-08-31 23:59:59","그 밖의 대규모점포","189263.01222247","439900.832910796",""
"2959","대규모점포","08_25_01_P","3930000","2005393017607500005","2005-11-14","","02","휴업","2","휴업처리","","2017-08-09","2018-12-31","2018-12-31","031 481 0500","8602.8","","경기도 안산시단원구 고잔동 703-4호","","","네스앙스","2017-08-10 11:16:24","I","2018-08-31 23:59:59","쇼핑센터","","","대규모점포"
"2960","대규모점포","08_25_01_P","3940000","2014394029807500001","2014-07-22","","02","휴업","2","휴업처리","","2025-07-31","2026-07-30","","02-2145-8455","19834.8","","경기도 고양시 일산서구 대화동 1050번지 171호","경기도 고양시 일산서구 주엽로 79 (대화동, 롯데마트빅마켓일산킨텍스점)","10391","롯데쇼핑(주) VIC마켓 킨텍스점","2025-07-29 16:08:38","U","2025-07-31 02:40:00","대형마트","178207.798502925","462784.587737594","대규모점포"
"2961","대규모점포","08_25_01_P","3940000","2005394011407500001","2005-04-29","","02","휴업","2","휴업처리","","","","","","0","","경기도 고양시일산서구 덕이동 203번지 1호","","","월마트코리아","2007-06-30 13:26:54","I","2018-08-31 23:59:59","그 밖의 대규모점포","178760.034309099","465096.559170889",""
"2962","대규모점포","08_25_01_P","3940000","2005394011407500002","2005-04-29","","02","휴업","2","휴업처리","","","","","","0","","경기도 고양시덕양구 화정동 976호","","","월마트슈퍼센터","2007-06-30 13:26:54","I","2018-08-31 23:59:59","그 밖의 대규모점포","185226.158241731","458936.976683497",""
"2963","대규모점포","08_25_01_P","3940000","2006394011407500001","2006-11-03","","02","휴업","2","휴업처리","","","","","","12733.77","","경기도 고양시일산동구 장항동 755호","","","주식회사 이랜드리테일","2007-06-30 13:26:54","I","2018-08-31 23:59:59","대형마트","179536.212704008","461876.531597015",""
"2964","대규모점포","08_25_01_P","3940000","2000394000007500011","1996-11-15","","02","휴업","2","휴업처리","","","","","0344 9307010","","","경기도 고양시덕양구 행신동 941호","","","(주)지에스리테일지에스마트고양점","2007-06-30 13:26:54","I","2018-08-31 23:59:59","그 밖의 대규모점포","185469.285638831","458105.907013269",""
"2965","대규모점포","08_25_01_P","3940000","2000394000007500014","1997-01-29","","02","휴업","2","휴업처리","","","","","031 9301210","","","경기도 고양시덕양구 화정동 976호","","","월마트슈퍼센터화정점","2007-06-30 13:26:54","I","2018-08-31 23:59:59","대형마트","185226.158241731","458936.976683497",""
"2967","대규모점포","08_25_01_P","3940000","2000394000007500019","2001-10-15","","02","휴업","2","휴업처리","","","","","","","","경기도 고양시일산동구 마두동 806호","","","아워스몰","2007-06-30 13:26:54","I","2018-08-31 23:59:59","그 밖의 대규모점포","180539.609005671","460835.850681465",""
"2969","대규모점포","08_25_01_P","3940000","2003394011407500001","2003-07-21","","02","휴업","2","휴업처리","","","","","","28608.65","","경기도 고양시일산동구 장항동 766외 23필지호","","","라페스타","2007-06-30 13:26:54","I","2018-08-31 23:59:59","그 밖의 대규모점포","","",""
"2970","대규모점포","08_25_01_P","3940000","2004394011407500001","2004-09-06","","02","휴업","2","휴업처리","","","","","0344 9005501","0","","경기도 고양시일산동구 마두동 797호","","","뉴코아백화점","2007-06-30 13:26:54","I","2018-08-31 23:59:59","대형마트","180259.17","461406.409999999",""
"2974","대규모점포","08_25_01_P","3780000","2001378007607500001","2001-08-20","","02","휴업","2","휴업처리","","","","","","18266.71","","경기도 성남시분당구 서현동 호","","","씨마1020 분당점","2007-07-07 11:25:20","I","2018-08-31 23:59:59","쇼핑센터","","",""
"2975","대규모점포","08_25_01_P","3780000","2001378010607500001","2004-08-24","","02","휴업","2","휴업처리","","","","","","18588.08","","경기도 성남시분당구 서현동 호","","","씨마1020분당점","2007-07-07 11:25:20","I","2018-08-31 23:59:59","쇼핑센터","","",""
"2977","대규모점포","08_25_01_P","3780000","2003378010607500001","2003-03-03","","02","휴업","2","휴업처리","","","","","","","","경기도 성남시분당구 수내동 29호","경기도 성남시 분당구 내정로173번길 11 (수내동)","","한양브라자 분당점","2007-07-07 11:25:20","I","2018-08-31 23:59:59","그 밖의 대규모점포","210421.232418185","430307.058659489",""
"2979","대규모점포","08_25_01_P","3780000","2005378010607500001","2005-01-12","","02","휴업","2","휴업처리","","","","","031 7025574","7440.61","","경기도 성남시분당구 야탑동 341호","경기도 성남시 분당구 성남대로925번길 16 (야탑동)","","테마폴리스","2007-07-07 11:25:20","I","2018-08-31 23:59:59","그 밖의 대규모점포","211202.148849893","434560.911834998",""
"2980","대규모점포","08_25_01_P","3780000","2005378010607500002","2005-01-26","","02","휴업","2","휴업처리","","","","","","3519.96","","경기도 성남시중원구 성남동 4031호","경기도 성남시 중원구 성남대로1130번길 26 (성남동)","","주식회사 에이치비","2007-07-07 11:25:20","I","2018-08-31 23:59:59","그 밖의 대규모점포","211651.11473902","436497.22522918",""
"2982","대규모점포","08_25_01_P","3780000","2005378010607500007","2005-07-25","","02","휴업","2","휴업처리","","","","","","6288.98","","경기도 성남시분당구 야탑동 341호","경기도 성남시 분당구 성남대로925번길 16 (야탑동)","","테마폴리스지하2층점","2007-07-07 11:25:20","I","2018-08-31 23:59:59","그 밖의 대규모점포","211202.148849893","434560.911834998",""
"2983","대규모점포","08_25_01_P","3780000","2000378000007520003","1998-09-17","","02","휴업","2","휴업처리","","","","","0342 7103187","9033","","경기도 성남시분당구 구미동 159호","경기도 성남시 분당구 탄천상로151번길 20 (구미동)","","한국까르푸분당점","2007-07-07 11:25:20","I","2018-08-31 23:59:59","대형마트","209409.160207927","426451.358939753",""
"2984","대규모점포","08_25_01_P","4010000","1997401007807500003","1997-12-31","","02","휴업","2","휴업처리","","","","","","","","호","","","엘지마트시화점","2007-07-21 10:24:51","I","2018-08-31 23:59:59","그 밖의 대규모점포","","",""
"2986","대규모점포","08_25_01_P","4010000","2004401011307500002","2004-09-08","","02","휴업","2","휴업처리","","","","","","19305","","경기도 시흥시 정왕동 2166-4호","","","삼성테스코(주)홈플러스시화점","2007-07-21 10:24:51","I","2018-08-31 23:59:59","대형마트","","",""
"2989","대규모점포","08_25_01_P","3170000","2002317006707500002","2002-06-18","","02","휴업","2","휴업처리","","","","","0230161500","14972.02","","서울특별시 금천구 시흥동 992번지 47호 외 1","서울특별시 금천구 시흥대로 201 (시흥동,외 1)","","(주)이랜드리테일 홈에버 시흥점","2007-07-07 11:59:15","I","2018-08-31 23:59:59","대형마트","191152.432649234","438865.160717275",""
"2993","대규모점포","08_25_01_P","3050000","2004305008207500001","2004-02-09","","02","휴업","2","휴업처리","","","","","","","","호","","","기타대규모점포","2007-07-21 10:33:30","I","2018-08-31 23:59:59","그 밖의 대규모점포","","",""
"2997","대규모점포","08_25_01_P","3080000","2007308009207500001","2007-05-17","","02","휴업","2","휴업처리","","","","","02   9867000","3553.11","","서울특별시 강북구 미아동 35번지 4   호 도봉로32","","","트레지오","2007-06-30 10:46:45","I","2018-08-31 23:59:59","쇼핑센터","","",""
"2999","대규모점포","08_25_01_P","3150000","2000315010007500001","2000-10-06","","02","휴업","2","휴업처리","","","","","0236649400","0","","서울특별시 강서구 가양동 18번지 24호","","","(주)이랜드리테일홈에버가양점","2007-07-14 13:55:24","I","2018-08-31 23:59:59","쇼핑센터","186687.131804431","451342.773451086",""
"3000","대규모점포","08_25_01_P","3150000","2003315010007500030","2003-01-23","","02","휴업","2","휴업처리","","","","","0221661052","","","서울특별시 강서구 과해동 272호","","","신세계이마트(공항점)","2007-07-14 13:55:24","I","2018-08-31 23:59:59","대형마트","","",""
"3003","대규모점포","08_25_01_P","3150000","2004315010007500034","2004-05-03","","02","휴업","2","휴업처리","","","","","0226060101","","","서울특별시 강서구 화곡동 1095호","","","그랜드백화점(주)마트화곡점","2007-07-14 13:55:24","I","2018-08-31 23:59:59","대형마트","186786.622461585","450297.70265223",""
"3004","대규모점포","08_25_01_P","3150000","2006315010007500001","2006-02-10","","02","휴업","2","휴업처리","","","","","0226608000","0","","서울특별시 강서구 등촌동 639번지 11호","","","삼성테스코(주)홈플러스강서점","2007-07-14 13:55:24","I","2018-08-31 23:59:59","대형마트","187119.948165892","450691.593173724",""
"3005","대규모점포","08_25_01_P","3100000","1999310009607500012","1999-12-29","","02","휴업","2","휴업처리","","","","","02 9502500","23654","","서울특별시 노원구 상계동 713호","","","롯데백화점 상계점","2007-06-30 10:05:38","I","2018-08-31 23:59:59","백화점","205320.28476675","461419.881795004",""
"3007","대규모점포","08_25_01_P","3100000","2005310009607500001","2005-03-29","","02","휴업","2","휴업처리","","","","","0220921234","16179.91","","서울특별시 노원구 월계동 333번지 1호","","","신세계 이마트 월계덤","2010-04-12 17:17:02","I","2018-08-31 23:59:59","그 밖의 대규모점포","205391.070378059","458333.989216339",""
"3008","대규모점포","08_25_01_P","3100000","2005310009607500002","2005-03-29","","02","휴업","2","휴업처리","","2010-04-13","2015-04-30","","0220921234","16179.91","","서울특별시 노원구 월계동 333번지 1호","","","신세계 이마트 월계점","2010-04-13 10:49:49","I","2018-08-31 23:59:59","대형마트","205391.070378059","458333.989216339",""
"3011","대규모점포","08_25_01_P","3010000","2005301007107500002","1973-10-30","","02","휴업","2","휴업처리","","2025-04-01","2026-03-30","","02 7712500","13877.55","","서울특별시 중구 남대문로2가 123호","서울특별시 중구 남대문로 67 (남대문로2가)","","롯데쇼핑본점영플라자","2025-03-27 09:29:04","U","2025-03-30 02:40:00","백화점","198315.532747026","451248.141599825","대규모점포"
"3018","대규모점포","08_25_01_P","5020000","2005502013207500001","2005-05-11","","02","휴업","2","휴업처리","","","","","02  34681346","12257.09","","경상북도 포항시북구 득량동 305호","경상북도 포항시 북구 대이로 188 (득량동)","","월마트슈퍼센터포항점","2007-06-30 12:09:18","I","2018-08-31 23:59:59","그 밖의 대규모점포","410758.267998621","283785.013352991",""
"3022","대규모점포","08_25_01_P","3600000","2003360001207500001","2003-04-17","","02","휴업","2","휴업처리","","","","","062 650 2281","6629.79","","광주광역시 서구 풍암동 1109호","광주광역시 서구 풍암2로 2 (풍암동)","","(주)빅마트풍암점","2018-05-02 15:24:57","I","2018-08-31 23:59:59","그 밖의 대규모점포","188875.632035508","180897.678717452",""
"3024","대규모점포","08_25_01_P","3450000","2000345001207500011","1997-08-07","","02","휴업","2","휴업처리","","","","","053 3508000","0","","대구광역시 북구 칠성동2가 378번지 23호","대구광역시 북구 중앙대로 543 (칠성동2가)","","홈플러스 대구점","2007-07-07 12:21:29","I","2018-08-31 23:59:59","그 밖의 대규모점포","344041.493561539","265698.789666102",""
"3026","대규모점포","08_25_01_P","3500000","2005350000907500001","2005-04-27","","02","휴업","2","휴업처리","","","","","032 5801190","0","","인천광역시 동구 송림동 296번지 2호","","","(주)신세계마트 이마트 송림점","2007-06-23 09:54:21","I","2018-08-31 23:59:59","대형마트","169908.403027925","442376.726872044",""
"3027","대규모점포","08_25_01_P","4090000","2001409006507500001","2001-08-01","","02","휴업","2","휴업처리","","","","","02  34598001","12971","","경기도 김포시 감정동 692호","경기도 김포시 중봉로 14 (감정동)","","삼성홈플러스 김포점","2007-02-24 21:00:58","I","2018-08-31 23:59:59","대형마트","173328.23709684","457991.128265107",""
"3028","대규모점포","08_25_01_P","3990000","2004399008907500001","2004-07-02","","02","휴업","2","휴업처리","","","","","031521 3003","3584.58","","경기도 남양주시 와부읍 덕소리 483 외1호","","","선플렉스미트","2009-10-22 10:29:42","I","2018-08-31 23:59:59","대형마트","","",""
"3034","대규모점포","08_25_01_P","5020000","2004502010207500001","2004-08-30","","02","휴업","2","휴업처리","","","","","054 280 9219","12257.29","","경상북도 포항시북구 득량동 305호","경상북도 포항시 북구 대이로 188 (득량동)","","월마트슈퍼센터포항점","2007-06-30 12:09:18","I","2018-08-31 23:59:59","그 밖의 대규모점포","410758.267998621","283785.013352991",""
"3035","대규모점포","08_25_01_P","3240000","2005324011907500005","2005-07-20","","02","휴업","2","휴업처리","","","","","02  485 9001","3223.68","","서울특별시 강동구 천호동 563호","","","동아코아","2007-06-30 10:04:31","I","2018-08-31 23:59:59","쇼핑센터","211055.486155787","448786.697371515",""
"3036","대규모점포","08_25_01_P","5530000","2005553012207500001","2004-08-05","","02","휴업","2","휴업처리","","2025-07-18","2026-07-17","2026-07-18","0316952522","10066","","경기도 화성시 반월동 123-5호","경기도 화성시 삼성1로 333 (반월동)","445-330","롯데쇼핑(주)VIC마켓 신영통점","2025-07-31 13:14:16","U","2025-08-02 02:40:00","대형마트","205829.064603504","414278.001961156","대규모점포"
"3037","대규모점포","08_25_01_P","5530000","2005553012207500002","2005-05-02","","02","휴업","2","휴업처리","","","","","031 4215504","19250.39","","경기도 화성시 봉담읍 동화리 139-1호","","","(주)평해종합건설","2007-07-21 09:58:51","I","2020-08-05 00:23:26","대형마트","","",""
"3039","대규모점포","08_25_01_P","3190000","2021319021607500001","1995-10-20","","02","휴업","2","휴업처리","","2021-10-31","2028-04-30","","02-595-8000","5776.02","","서울특별시 동작구 사당동 136-1 태평백화점","서울특별시 동작구 동작대로 115, 태평백화점 (사당동)","07008","태평백화점","2025-04-17 18:04:53","U","2025-04-19 02:40:00","백화점","198303.527071078","442742.422887932","대규모점포"
"3040","대규모점포","08_25_01_P","3630000","2004363004107500001","2004-05-08","","02","휴업","2","휴업처리","","","","","02 380 5231","9342.19","","광주광역시 광산구 우산동 1598번지 3호","","","신세계 이마트 광산점","2007-07-14 10:49:00","I","2018-08-31 23:59:59","대형마트","182489.563842998","184569.695359578",""
"3041","대규모점포","08_25_01_P","3630000","2005363004107500001","2005-04-01","","02","휴업","2","휴업처리","","","","","062 949 1052","9342.19","","광주광역시 광산구 우산동 1598번지 3호","","","신세계 이마트 광산점","2007-07-14 10:49:00","I","2018-08-31 23:59:59","대형마트","182489.563842998","184569.695359578",""
"3043","대규모점포","08_25_01_P","3590000","2005359001107500001","2005-03-29","","02","휴업","2","휴업처리","","","","","062 5191054","11391.17","","광주광역시 동구 계림동 100번지 11호","광주광역시 동구 중앙로 358 (계림동)","","(주)신세계이마트 동광주점","2007-06-23 10:57:03","I","2018-08-31 23:59:59","대형마트","192659.77458798","184961.882216707",""
"3044","대규모점포","08_25_01_P","3330000","2000333001507500001","2000-04-12","","02","휴업","2","휴업처리","","","","","051 7422121","","","부산광역시 해운대구 중동 1411번지 1   호","","","파라다이스명품관","2007-07-07 10:11:47","I","2018-08-31 23:59:59","대형마트","","",""
"3046","대규모점포","08_25_01_P","3290000","1999329001307500001","1999-07-06","","02","휴업","2","휴업처리","","","","","051 6051000","","","부산광역시 부산진구 전포동 891번지 38  호","","","한국까르푸(주)서면점","2007-07-14 10:43:12","I","2018-08-31 23:59:59","대형마트","","",""
"3048","대규모점포","08_25_01_P","3330000","2004333001507500003","2004-04-30","","02","휴업","2","휴업처리","","","","","051 7098000","11256","","호","","","홈플러스센텀시티점","2007-07-07 10:11:47","I","2018-08-31 23:59:59","그 밖의 대규모점포","","",""
"3049","대규모점포","08_25_01_P","3330000","2004333001507500020","2004-04-30","","02","휴업","2","휴업처리","","","","","051 6081234","","","부산광역시 해운대구 중동 1767호","부산광역시 해운대구 좌동순환로 511 (중동)","","이마트해운대점","2007-07-07 10:11:47","I","2018-08-31 23:59:59","대형마트","397397.832766508","187354.835259297",""
"3050","대규모점포","08_25_01_P","3330000","2005333001507500001","2004-04-30","","02","휴업","2","휴업처리","","","","","","0","","부산광역시 해운대구 반여동 1020호","부산광역시 해운대구 선수촌로 146-4 (반여동)","","LG마트 반여점","2007-07-07 10:11:47","I","2018-08-31 23:59:59","대형마트","393256.458499247","191693.260473461",""
"3053","대규모점포","08_25_01_P","3290000","2004329001307500001","2004-07-29","","02","휴업","2","휴업처리","","","","","","0","","부산광역시 부산진구 가야동 620번지 1호","","","삼성테스코(주)홈플러스가야점","2007-07-14 10:43:12","I","2018-08-31 23:59:59","대형마트","","",""
"3054","대규모점포","08_25_01_P","3290000","2005329001307500001","2005-02-17","","02","휴업","2","휴업처리","","","","","051 819 8383","0","","부산광역시 부산진구 부암동 123번지 6호","부산광역시 부산진구 신천대로 222 (부암동)","","삼성테스코(주)홈플러스서면점","2007-07-14 10:43:12","I","2018-08-31 23:59:59","대형마트","386796.187014436","186648.134649002",""
"3055","대규모점포","08_25_01_P","5360000","2006536005507500001","2006-07-10","","02","휴업","2","휴업처리","","","","","05503560795","7936","","경상남도 밀양시 내이동 1403번지 11호","경상남도 밀양시 점필재로 45 (내이동)","","삼성테스코(주)","2007-07-14 11:16:31","I","2018-08-31 23:59:59","대형마트","357864.797458156","222457.808113413",""
"3059","대규모점포","08_25_01_P","3740000","1977374001107500001","1977-01-19","","02","휴업","2","휴업처리","","","","","031 2548011","1410.06","","경기도 수원시팔달구 팔달로3가 25번지 6호","경기도 수원시 팔달구 정조로770번길 7 (팔달로3가)","","남문백화점","2007-06-23 14:09:49","I","2020-08-05 00:23:26","백화점","201466.481843885","419450.625001465",""
"3068","대규모점포","08_25_01_P","3740000","1991374001107500001","1991-05-31","","02","휴업","2","휴업처리","","","","","","2637","","경기도 수원시권선구 구운동 463호","경기도 수원시 권선구 수성로 18 (구운동)","","구운종합상사","2007-06-23 14:09:49","I","2020-08-05 00:23:26","그 밖의 대규모점포","197816.821137049","419948.630574527",""
"3081","대규모점포","08_25_01_P","3740000","1994374001107500003","1994-05-20","","02","휴업","2","휴업처리","","","","","","5459","","경기도 수원시팔달구 지동 371.호","","","수원새로나","2007-06-23 14:09:49","I","2020-08-05 00:23:26","그 밖의 대규모점포","","",""
"3087","대규모점포","08_25_01_P","4641000","2004464016207500002","2004-05-21","","02","휴업","2","휴업처리","","","","","02 7712500","28179.22","","전북특별자치도 전주시완산구 서신동 971호","전북특별자치도 전주시 완산구 온고을로 2 (서신동)","","롯데백화점 전주점","2007-06-30 17:13:15","I","2024-01-19 01:16:45","백화점","210932.176422652","259384.667767568",""
"3089","대규모점포","08_25_01_P","4641000","2006464027907500001","2006-11-17","","02","휴업","2","휴업처리","","","","","063  2498124","8471.02","","전북특별자치도 전주시덕진구 우아동3가 733번지 1  호","","","삼성테스코(주) 홈플러스전주점","2008-10-24 09:51:07","I","2024-01-19 01:16:45","대형마트","","",""
"3090","대규모점포","08_25_01_P","4641000","2008464032407500001","2008-03-21","","02","휴업","2","휴업처리","","2012-06-15","2012-08-31","","(063)222-6425","3858","560-241","전북특별자치도 전주시완산구 효자동1가 444번지","전북특별자치도 전주시 완산구 용머리로 46 (효자동1가)","","(유)전주마트","2013-01-04 10:04:07","I","2024-01-19 01:16:45","그 밖의 대규모점포","210396.713757185","256203.674495787","대규모점포"
"3092","대규모점포","08_25_01_P","3530000","2001353004907500002","2001-06-13","","02","휴업","2","휴업처리","","","","","032 870 8124","17373","","인천광역시 남동구 간석동 616번지 3호 외 2","인천광역시 남동구 경원대로 971 (간석동,외 2)","","삼성테스코(주)홈플러스간석점","2007-07-14 10:42:02","I","2018-08-31 23:59:59","그 밖의 대규모점포","172419.743721009","440865.63488269",""
"3095","대규모점포","08_25_01_P","4080000","2003408006707500001","2003-10-14","","02","휴업","2","휴업처리","","","","","031655 6441","3078.75","","경기도 안성시 원곡면 외가천리 228번지 12호","경기도 안성시 원곡면 만세로 1413-3","","(주)E-가구랜드","2007-06-30 11:18:53","I","2018-08-31 23:59:59","대형마트","","",""
"3096","대규모점포","08_25_01_P","4080000","2004408006707500001","2004-07-20","","02","휴업","2","휴업처리","","","","","","3048.06","","경기도 안성시 당왕동 475외5필지호","","","시농마트","2007-06-30 11:18:53","I","2018-08-31 23:59:59","그 밖의 대규모점포","","",""
"3098","대규모점포","08_25_01_P","4711000","2001471001107500001","2001-01-11","","02","휴업","2","휴업처리","","","","","063 5403879","","","전북특별자치도 김제시 요촌동 423번지 2   호","","","김제쇼핑센터","2007-07-07 11:05:41","I","2024-01-19 01:16:45","그 밖의 대규모점포","","",""
"3099","대규모점포","08_25_01_P","4701000","2005470001107500001","2005-04-12","","02","휴업","2","휴업처리","","","","","063 620 3050","0","","전북특별자치도 남원시 왕정동 146번지 1호","전북특별자치도 남원시 남문로 385-16 (왕정동)","","이마트 남원점","2007-07-07 10:36:20","I","2024-01-19 01:16:45","대형마트","233973.177377479","212076.444622392",""
"3100","대규모점포","08_25_01_P","3610000","2006361001207500001","2006-03-21","","02","휴업","2","휴업처리","","","","","062650 2281","5035.59","","광주광역시 남구 진월동 313호","광주광역시 남구 서문대로 729 (진월동)","","빅시티","2013-12-23 17:56:22","I","2018-08-31 23:59:59","대형마트","190591.067479962","180601.219288553",""
"3105","대규모점포","08_25_01_P","3660000","2007366009507500001","2007-04-19","","02","휴업","2","휴업처리","","2007-04-19","2007-04-30","","042523 5001","1021.69","","대전광역시 서구 가장동 52번지 1호","대전광역시 서구 도산로314번길 19 (가장동)","302-804","(주)지투마트","2011-10-30 14:40:27","I","2018-08-31 23:59:59","그 밖의 대규모점포","234839.52283825","314801.489816511","대규모점포"
"3106","대규모점포","08_25_01_P","3660000","2001366001507500002","2001-11-14","","02","휴업","2","휴업처리","","","","","042  4881133","6219.2","","대전광역시 서구 월평동 244호","대전광역시 서구 대덕대로 319 (월평동)","","선사엔조이","2007-06-23 10:15:16","I","2018-08-31 23:59:59","그 밖의 대규모점포","233938.009918025","317914.570670685",""
"3107","대규모점포","08_25_01_P","3640000","1974364005807500002","1974-12-28","","02","휴업","2","휴업처리","","","","","042 2547384","","","대전광역시 동구 중동 318호","","","홍명산업","2007-06-30 10:25:41","I","2018-08-31 23:59:59","그 밖의 대규모점포","238392.327746889","314532.983017399",""
"3110","대규모점포","08_25_01_P","3640000","1993364005807500003","1993-03-04","","02","휴업","2","휴업처리","","","","","042 2557711","","","대전광역시 동구 원동 62번지 4   호","","","패션마트104","2007-06-30 10:25:41","I","2018-08-31 23:59:59","그 밖의 대규모점포","","",""
"3111","대규모점포","08_25_01_P","3640000","1999364005807500004","1999-09-17","","02","휴업","2","휴업처리","","","","","042 6064520","","","대전광역시 동구 중동 318호","","","동방마트","2007-06-30 10:25:41","I","2018-08-31 23:59:59","대형마트","238392.327746889","314532.983017399",""
"3112","대규모점포","08_25_01_P","3640000","2002364005807500001","2002-06-11","","02","휴업","2","휴업처리","","","","","042 628 7633","4464.1","","대전광역시 동구 대동 160번지 7호","","","대동LG마트","2007-06-30 10:25:41","I","2018-08-31 23:59:59","그 밖의 대규모점포","","",""
"3113","대규모점포","08_25_01_P","3310000","2004331001607500001","2004-04-26","","02","휴업","2","휴업처리","","","","","051 609 1234","11824.84","","부산광역시 남구 문현동 751호","부산광역시 남구 전포대로91번길 47 (문현동)","","(주)신세계이마트문현점","2011-05-16 10:54:08","I","2018-08-31 23:59:59","그 밖의 대규모점포","388052.381944481","184747.385931209",""
"3114","대규모점포","08_25_01_P","3310000","2011331008207500004","2011-08-29","","02","휴업","2","휴업처리","","2024-05-24","2025-12-30","2025-12-31","622-5605","710.4","608-807","부산광역시 남구 대연5동 1742번지 4호 외 1필지","부산광역시 남구 못골로 78 (대연동,외 1필지)","","롯데쇼핑(주)롯데슈퍼 대연점","2025-05-02 13:09:06","U","2025-05-04 02:40:00","그 밖의 대규모점포","390512.228639238","183862.718098719","준대규모점포"
"3116","대규모점포","08_25_01_P","5670000","1993528000007500024","1993-04-23","","02","휴업","2","휴업처리","","","","","0551 2927988","","","경상남도 마산시 합성동 586호","경상남도 창원시 마산회원구 3·15대로 지하 758 (합성동)","","대현프리몰마산점","2007-06-30 10:28:07","I","2021-07-02 00:23:01","그 밖의 대규모점포","343996.417072118","194413.871669486",""
"3117","대규모점포","08_25_01_P","5670000","2002528011707500002","2002-12-10","","02","휴업","2","휴업처리","","","","","055  2209190","10264","","경상남도 마산시 중앙동3가 4번지 1호","경상남도 창원시 마산합포구 서성로 3 (중앙동3가)","","월마트슈퍼센타","2007-06-30 10:28:07","I","2021-07-02 00:23:01","대형마트","342886.064848583","189864.336045851",""
"3118","대규모점포","08_25_01_P","5670000","2002528011707500003","2002-12-10","","02","휴업","2","휴업처리","","","","","055  2209190","10264","","경상남도 마산시 중앙동3가 4번지 1호","경상남도 창원시 마산합포구 서성로 3 (중앙동3가)","","월마트슈퍼센타","2007-06-30 10:28:07","I","2021-07-02 00:23:01","대형마트","342886.064848583","189864.336045851",""
"3119","대규모점포","08_25_01_P","5670000","2002528011707500006","2002-12-13","","02","휴업","2","휴업처리","","","","","055 2209190","0","","경상남도 마산시 중앙동3가 4번지 1호","경상남도 창원시 마산합포구 서성로 3 (중앙동3가)","","월마트코리아(주)","2007-06-30 10:28:07","I","2021-07-02 00:23:01","대형마트","342886.064848583","189864.336045851",""
"3120","대규모점포","08_25_01_P","5670000","2006528015507500001","2006-02-09","","02","휴업","2","휴업처리","","","","","055 259 8000","9776","","경상남도 마산시 양덕동 151번지 1호","경상남도 창원시 마산회원구 삼호로 56 (양덕동)","","삼성테스코(주)","2007-06-30 10:28:07","I","2021-07-02 00:23:01","대형마트","344300.256802514","192639.515073523",""
"3122","대규모점포","08_25_01_P","3690000","2001369006007500001","2001-11-06","","02","휴업","2","휴업처리","","2004-04-29","2004-04-29","","052 2908123","0","","울산광역시 중구 복산동 100호","울산광역시 중구 번영로 475 (복산동)","","삼성테스코(주)홈플러스울산점","2009-11-11 10:44:23","I","2018-08-31 23:59:59","그 밖의 대규모점포","411601.338446216","231915.243733168",""
"3123","대규모점포","08_25_01_P","3690000","2001369006007500002","2001-09-08","","02","휴업","2","휴업처리","","","","","052 2909190","11618.29","","울산광역시 중구 학성동 349번지 15호","울산광역시 중구 구교로 59 (학성동)","","월마트코리아(주)중앙점","2007-06-23 10:12:32","I","2018-08-31 23:59:59","그 밖의 대규모점포","411286.398998118","230936.514095559",""
"3126","대규모점포","08_25_01_P","3240000","2005324010607500003","2005-03-31","","02","휴업","2","휴업처리","","","","","","8659","","서울특별시 강동구 명일동 52번지 5호","","","신세계이마트천호점","2007-06-30 10:04:31","I","2018-08-31 23:59:59","그 밖의 대규모점포","","",""
"3129","대규모점포","08_25_01_P","3240000","2005324011907500004","2005-07-20","","02","휴업","2","휴업처리","","","","","02  485 9001","3223.68","","서울특별시 강동구 천호동 563호","","","동아코아","2007-06-30 10:04:31","I","2018-08-31 23:59:59","쇼핑센터","211055.486155787","448786.697371515",""
"3130","대규모점포","08_25_01_P","3240000","2005324011907500006","2005-07-20","","02","휴업","2","휴업처리","","","","","02  485 9001","3223.68","","서울특별시 강동구 천호동 563호","","","동아코아","2007-06-30 10:04:31","I","2018-08-31 23:59:59","쇼핑센터","211055.486155787","448786.697371515",""
"3131","대규모점포","08_25_01_P","3240000","2005324011907500007","2005-07-20","","02","휴업","2","휴업처리","","","","","02  485 9001","3223.68","","서울특별시 강동구 천호동 563호","","","동아코아","2007-06-30 10:04:31","I","2018-08-31 23:59:59","쇼핑센터","211055.486155787","448786.697371515",""
"3132","대규모점포","08_25_01_P","3240000","2005324011907500008","2005-07-20","","02","휴업","2","휴업처리","","","","","02  485 9001","3223.68","","서울특별시 강동구 천호동 563호","","","동아코아","2007-06-30 10:04:31","I","2018-08-31 23:59:59","쇼핑센터","211055.486155787","448786.697371515",""
"3133","대규모점포","08_25_01_P","3240000","2005324011907500009","2005-07-20","","02","휴업","2","휴업처리","","","","","02  485 9001","3223.68","","서울특별시 강동구 천호동 563호","","","동아코아","2007-06-30 10:04:31","I","2018-08-31 23:59:59","쇼핑센터","211055.486155787","448786.697371515",""
"3138","대규모점포","08_25_01_P","3240000","2001324010607500001","2001-03-27","","02","휴업","2","휴업처리","","","","","000222241053","","","서울특별시 강동구 천호동 454번지 0001호","","","이마트천호점","2007-06-30 10:04:31","I","2018-08-31 23:59:59","대형마트","211025.924972294","448495.189151526",""
"3140","대규모점포","08_25_01_P","3160000","1993316007107500001","1993-08-30","","02","휴업","2","휴업처리","","","","","02 8181000","24362","","서울특별시 구로구 구로동 573호","서울특별시 구로구 구로중앙로 152 (구로동)","","애경백화점","2007-07-07 09:54:17","I","2018-08-31 23:59:59","백화점","189570.360930049","444336.051330144",""
"3142","대규모점포","08_25_01_P","3160000","2005316009307500003","2005-06-01","","02","휴업","2","휴업처리","","","","","02  26392500","10502","","서울특별시 구로구 구로동 636번지 89호","서울특별시 구로구 경인로 482 (구로동)","","롯데마트 구로점","2007-07-07 09:54:17","I","2018-08-31 23:59:59","대형마트","188669.484398215","444010.738380277",""
"3143","대규모점포","08_25_01_P","3160000","2005316009307500004","2005-06-01","","02","휴업","2","휴업처리","","","","","02  26392500","10502","","서울특별시 구로구 구로동 636번지 89호","서울특별시 구로구 경인로 482 (구로동)","","롯데마트 구로점","2007-07-07 09:54:17","I","2018-08-31 23:59:59","대형마트","188669.484398215","444010.738380277",""
"3144","대규모점포","08_25_01_P","3160000","2005316009307500005","2005-06-01","","02","휴업","2","휴업처리","","","","","02  769 5828","6745","","서울특별시 구로구 구로동 636번지 89호","서울특별시 구로구 경인로 482 (구로동)","","비엔큐홈(구로점)","2007-07-07 09:54:17","I","2018-08-31 23:59:59","대형마트","188669.484398215","444010.738380277",""
"3146","대규모점포","08_25_01_P","3160000","1986316007107500001","1986-12-10","","02","휴업","2","휴업처리","","2017-07-04","9999-12-31","","02 6869982","13","","서울특별시 구로구 오류동 47번지 1   호","","","삼익쇼핑센터","2017-07-04 13:08:29","I","2018-08-31 23:59:59","쇼핑센터","186015.738369848","443657.614265375","대규모점포"
"3152","대규모점포","08_25_01_P","3860000","2002386010707500002","2002-06-17","","02","휴업","2","휴업처리","","","","","032  6143111","3149.27","","경기도 부천시 소사구송내동 352호","","","롯데쇼핑(주)롯데슈퍼 송내점","2007-07-14 11:14:27","I","2024-01-02 00:16:32","대형마트","179023.696566379","442495.591143613",""
"3153","대규모점포","08_25_01_P","3860000","2003386010707500002","2003-02-03","","02","휴업","2","휴업처리","","","","","032 651 6233","5582","","경기도 부천시 원미구심곡동 175번지 6호","경기도 부천시 원미구 부천로 11 (심곡동)","","리베르떼","2007-07-14 11:14:27","I","2024-01-02 00:16:32","쇼핑센터","180695.690645126","442609.650907377",""
"3154","대규모점포","08_25_01_P","3860000","2003386010707500004","2003-08-07","","02","휴업","2","휴업처리","","","","","032329 7000","7769","","경기도 부천시 원미구상동 535번지 4호","경기도 부천시 원미구 상동로 108 (상동)","","드림모아","2007-07-14 11:14:27","I","2024-01-02 00:16:32","대형마트","178165.41102725","444979.593602927",""
"3158","대규모점포","08_25_01_P","3860000","2004386012607500003","2004-11-04","","02","휴업","2","휴업처리","","","","","032 650 8000","21418","","경기도 부천시 원미구상동 540번지 1호","경기도 부천시 원미구 길주로 118 (상동)","","삼성테스코(주)홈플러스 부천상동점","2007-07-14 11:14:27","I","2024-01-02 00:16:32","대형마트","178267.428293028","444706.144749999",""
"3160","대규모점포","08_25_01_P","3860000","2005386012607500003","2005-06-01","","02","휴업","2","휴업처리","","","","","","41622.46","","경기도 부천시 원미구중동 1140호","경기도 부천시 원미구 길주로 300 (중동)","","(주)GS리테일GS스퀘어부천점","2007-07-14 11:14:27","I","2024-01-02 00:16:32","백화점","180053.344972882","444507.865626959",""
"3161","대규모점포","08_25_01_P","3860000","2005386012607500004","2005-06-01","","02","휴업","2","휴업처리","","","","","","41622.46","","경기도 부천시 원미구중동 1140호","경기도 부천시 원미구 길주로 300 (중동)","","(주)GS리테일GS스퀘어부천점","2007-07-14 11:14:27","I","2024-01-02 00:16:32","백화점","180053.344972882","444507.865626959",""
"3162","대규모점포","08_25_01_P","3860000","2005386012607500005","2005-06-01","","02","휴업","2","휴업처리","","","","","","41622.46","","경기도 부천시 원미구중동 1140호","경기도 부천시 원미구 길주로 300 (중동)","","(주)GS리테일GS스퀘어부천점","2007-07-14 11:14:27","I","2024-01-02 00:16:32","백화점","180053.344972882","444507.865626959",""
"3163","대규모점포","08_25_01_P","3860000","2005386012607500006","2005-06-01","","02","휴업","2","휴업처리","","","","","","41622.46","","경기도 부천시 원미구중동 1140호","경기도 부천시 원미구 길주로 300 (중동)","","(주)GS리테일GS스퀘어부천점","2007-07-14 11:14:27","I","2024-01-02 00:16:32","백화점","180053.344972882","444507.865626959",""
"3164","대규모점포","08_25_01_P","3860000","2005386012607500007","2005-06-01","","02","휴업","2","휴업처리","","","","","032320 0114","13770.32","","경기도 부천시 원미구중동 1157호","경기도 부천시 원미구 석천로 188 (중동)","","월마트슈퍼센터 중동점","2007-07-14 11:14:27","I","2024-01-02 00:16:32","대형마트","179059.890468202","444675.160533494",""
"3167","대규모점포","08_25_01_P","3340000","2005334001707500002","2005-11-24","","02","휴업","2","휴업처리","","","","","051 290 3310","10266.8","","부산광역시 사하구 괴정동 961번지 1호","부산광역시 사하구 사하로 190 (괴정동)","","리뷰백화점","2007-07-07 10:06:17","I","2018-08-31 23:59:59","백화점","381751.00317294","179575.519981971",""
"3172","대규모점포","08_25_01_P","4530000","2002453011607500003","2002-03-06","","02","휴업","2","휴업처리","","","","","","","","충청남도 서산시 예천동 508호","","","롯데쇼핑(주)롯데마트서산점","2007-06-23 10:45:46","I","2018-08-31 23:59:59","대형마트","149769.23191319","363714.668155441",""
"3173","대규모점포","08_25_01_P","4530000","2004453011607500001","2002-03-06","","02","휴업","2","휴업처리","","","","","","0","","충청남도 서산시 예천동 508호","","","롯데쇼핑(주)롯데마트서산점","2007-06-23 10:45:46","I","2018-08-31 23:59:59","대형마트","149769.23191319","363714.668155441",""
"3174","대규모점포","08_25_01_P","4520000","2005452001807500001","2005-01-11","","02","휴업","2","휴업처리","","","","","041538 5000","3295","","충청남도 아산시 방축동 101번지 4호","","","아산원예농협 하나로 클럽","2007-06-23 10:11:01","I","2018-08-31 23:59:59","대형마트","198725.020879886","364775.637989325",""
"3176","대규모점포","08_25_01_P","4390000","2001439002407500002","2001-09-24","","02","휴업","2","휴업처리","","","","","","","","충청북도 충주시 문화동 호 1024","","","신세계이마트충주점","2007-06-30 11:35:13","I","2018-08-31 23:59:59","대형마트","","",""
"3177","대규모점포","08_25_01_P","4390000","2005439010307500001","2005-04-15","","02","휴업","2","휴업처리","","","","","043841 1234","0","","충청북도 충주시 문화동 1024호","","","(주)신세계 이마트 충주점","2007-06-30 11:35:13","I","2018-08-31 23:59:59","대형마트","282189.198577445","386015.218668088",""
"3178","대규모점포","08_25_01_P","4050000","2007405016307500002","2007-03-08","","02","휴업","2","휴업처리","","","","","","0","","경기도 용인시수지구 죽전동 1285번지 1289호","","","(주)신세계백화점 죽전점","2007-07-21 11:11:05","I","2018-08-31 23:59:59","백화점","","",""
"3179","대규모점포","08_25_01_P","4050000","2004405008307500002","2004-10-15","","02","휴업","2","휴업처리","","","","","031 281 1970","4311","","경기도 용인시기흥구 상하동 351호","경기도 용인시 기흥구 중부대로 682 (상하동)","","동양마트","2007-07-21 11:11:05","I","2018-08-31 23:59:59","대형마트","211994.061448131","418246.880193391",""
"3180","대규모점포","08_25_01_P","4050000","2005405008307500001","2005-04-11","","02","휴업","2","휴업처리","","","","","270 270 1052","11448.84","","경기도 용인시수지구 신봉동 909호","경기도 용인시 수지구 수지로 203 (신봉동)","","신세계이마트 수지점","2007-07-21 11:11:05","I","2018-08-31 23:59:59","대형마트","207318.572861803","424204.581779995",""
"3181","대규모점포","08_25_01_P","4050000","2005405008307500003","2005-04-11","","02","휴업","2","휴업처리","","","","","031 2721746","11771.78","","경기도 용인시기흥구 보정동 266번지 4호","경기도 용인시 기흥구 진산로 116 (보정동)","","롯데쇼핑(주) 롯데마트 수지점","2007-07-21 11:11:05","I","2018-08-31 23:59:59","쇼핑센터","208744.181347972","424312.39111545",""
"3182","대규모점포","08_25_01_P","4060000","2004406001307500001","2004-06-16","","02","휴업","2","휴업처리","","","","","","9184.17","","경기도 파주시 교하읍 당하리 195번지 5호","","","신세계 이마트 파주점","2007-06-30 11:36:41","I","2018-08-31 23:59:59","대형마트","","",""
"3185","대규모점포","08_25_01_P","3220000","2001322008307500034","1999-07-14","","02","휴업","2","휴업처리","","","","","02 5696396","5174","","서울특별시 강남구 역삼동 755호 한솔필리아지층","","","(주)신세계마트 이마트 역삼점","2007-07-14 10:53:01","I","2018-08-31 23:59:59","대형마트","204213.643236507","444113.028210915",""
"3186","대규모점포","08_25_01_P","3220000","2003322008307500002","2003-04-18","","02","휴업","2","휴업처리","","","","","02 5492233","21237.74","","서울특별시 강남구 압구정동 456호","","","(주)현대백화점 동호스토아","2007-07-14 10:53:01","I","2018-08-31 23:59:59","백화점","202485.226490575","447521.520319158",""
"3188","대규모점포","08_25_01_P","3220000","1984322008307500006","1984-03-07","","02","휴업","2","휴업처리","","","","","02 5492233","","","서울특별시 강남구 압구정동 456호","","","(주)금강개발산업","2007-07-14 10:53:01","I","2018-08-31 23:59:59","그 밖의 대규모점포","202485.226490575","447521.520319158",""
"3866","대규모점포","08_25_01_P","3650000","2013365011507500001","2002-10-15","2015-11-18","04","취소/말소/만료/정지/중지","4","직권취소","","","","","042 226 2080","11745.57","301-131","대전광역시 중구 문화1동 1번지 17호","대전광역시 중구 계백로 1690 (문화동)","","홈플러스테스코(주)문화점","2016-01-25 14:02:18","I","2018-08-31 23:59:59","대형마트","236541.282086201","313349.96682002","대규모점포"
"3872","대규모점포","08_25_01_P","3390000","2000339001507500015","1998-05-06","2004-06-19","04","취소/말소/만료/정지/중지","4","직권취소","","","","","005103165511","0","","부산광역시 사상구 엄궁동 642호","부산광역시 사상구 강변대로 570 (엄궁동)","617-831","부산건재집배송","2011-11-14 14:38:05","I","2018-08-31 23:59:59","그 밖의 대규모점포","379121.358659294","183459.900435184","대규모점포"
"3873","대규모점포","08_25_01_P","3390000","2000339001507500018","1999-01-08","","04","취소/말소/만료/정지/중지","4","직권취소","","","","","005103195000","2494.7","","부산광역시 사상구 괘법동 529번지 1   호","부산광역시 사상구 광장로 7 (괘법동)","617-725","르네시떼","2011-11-14 15:36:04","I","2018-08-31 23:59:59","그 밖의 대규모점포","380128.339808992","186803.363627799","대규모점포"
"3874","대규모점포","08_25_01_P","3720000","1998372007007500001","2011-09-28","","04","취소/말소/만료/정지/중지","4","직권취소","","","","","2932080","0","","울산광역시 북구 상안동 322번지 9호","울산광역시 북구 신답로 26 (상안동)","683-480","홈플러스테스코(주)울산북구점","2023-11-10 11:17:57","U","2023-11-12 02:40:00","대형마트","412349.300490111","239222.450142668","대규모점포"
"3875","대규모점포","08_25_01_P","4620000","2011462007607500001","2011-08-30","","04","취소/말소/만료/정지/중지","4","직권취소","","","","","675-7741","909.12","357-905","충청남도 태안군 태안읍 동문리 340번지 15호","","","롯데슈퍼태안동문점","2014-01-19 10:09:46","I","2018-08-31 23:59:59","그 밖의 대규모점포","137793.003461125","361266.412968466","준대규모점포"
"3876","대규모점포","08_25_01_P","4490000","2014449023407500001","2014-04-09","","04","취소/말소/만료/정지/중지","4","직권취소","","","","","041-552-4512","7503.57","","","충청남도 천안시 동남구 만남로 14 (신부동, 랜드마크타워)","330-941","이랜드아웃렛","2015-04-15 17:19:52","I","2018-08-31 23:59:59","쇼핑센터","213621.212066729","368554.291224141","대규모점포"
"3877","대규모점포","08_25_01_P","5600000","2011560012907500001","2011-01-21","2022-01-05","04","취소/말소/만료/정지/중지","4","직권취소","","","","","031-536-5601","716","","경기도 포천시 일동면 기산리 82-26","경기도 포천시 일동면 화동로 1079","11116","롯데슈퍼 일동점","2022-01-12 15:27:15","U","2022-01-15 02:40:00","그 밖의 대규모점포","227938.673401934","495257.859851673","준대규모점포"
"3879","대규모점포","08_25_01_P","3460000","2011346011707500002","2011-12-07","","04","취소/말소/만료/정지/중지","4","직권취소","","","","","053-222-6203","15582.44","706-130","대구광역시 수성구 대흥동 504번지 지하2층, 지상1층","대구광역시 수성구 유니버시아드로 140 (대흥동)","706-130","칼라스퀘어","2024-05-28 14:00:41","U","2024-05-30 02:40:00","쇼핑센터","352335.045028381","260158.750203679","대규모점포"
"3883","대규모점포","08_25_01_P","3270000","2007327007107500001","2007-02-08","2010-04-05","04","취소/말소/만료/정지/중지","4","직권취소","","","","","0516672233","18959.51","","부산광역시 동구 범일동 62-5 현대백화점 부산점","부산광역시 동구 범일로 125, 현대백화점 부산점 (범일동)","48735","주식회사현대백화점","2021-03-30 15:02:30","U","2021-04-01 02:40:00","백화점","387539.767677801","184402.96650913","대규모점포"
"3884","대규모점포","08_25_01_P","6520000","2000550000007500004","1978-05-15","","04","취소/말소/만료/정지/중지","4","직권취소","","","","","064 7625411","0","","제주특별자치도 서귀포시 서귀동 273번지 3호","제주특별자치도 서귀포시 중앙로42번길 32 (서귀동)","","목화백화점","2018-06-27 10:28:56","I","2018-08-31 23:59:59","그 밖의 대규모점포","","","대규모점포"
"3885","대규모점포","08_25_01_P","4271000","2014427007007500001","2014-06-23","","04","취소/말소/만료/정지/중지","4","직권취소","","","","","033-374-5601","764.5","","","강원특별자치도 영월군 영월읍 중앙로 5-10","230-881","롯데쇼핑(주) 롯데슈퍼 영월점","2021-12-24 08:59:01","I","2023-06-13 00:00:00","구분없음","329961.246335626","410133.019258366","준대규모점포"
"3886","대규모점포","08_25_01_P","3820000","2024382038007500002","2024-09-06","","04","취소/말소/만료/정지/중지","4","직권취소","","","","","","143.5","","경기도 의정부시 의정부동 724 의정부역센트럴자이&위브캐슬","경기도 의정부시 경의로 132, C동 1층 101~105,115호 (의정부동, 의정부역센트럴자이&위브캐슬)","11699","GS THE FRESH 의정부센트럴점","2024-09-23 09:41:22","U","2024-09-25 02:40:00","구분없음","204368.427119001","469951.268772564","준대규모점포"
"3887","대규모점포","08_25_01_P","3410000","2006341001307500002","2006-09-15","2020-10-08","04","취소/말소/만료/정지/중지","4","직권취소","","","","","053 421 9323","3804.08","","대구광역시 중구 삼덕동1가 5번지 2   호","대구광역시 중구 동성로5길 25 (삼덕동1가)","","유플러스","2020-10-08 17:57:24","U","2020-10-10 02:40:00","전문점","344075.95360592","264266.216086833","대규모점포"
"3888","대규모점포","08_25_01_P","4900000","2010490004007500001","2010-01-21","","04","취소/말소/만료/정지/중지","4","직권취소","","","","","062-650-2217","4530.23","519-807","전라남도 화순군 화순읍 삼천리 703번지","전라남도 화순군 화순읍 충의로 43","","(주)빅마트 화순점","2013-05-30 18:16:42","I","2018-08-31 23:59:59","그 밖의 대규모점포","198302.004767124","172996.695098741","대규모점포"
"3889","대규모점포","08_25_01_P","6510000","1996549000007500004","1996-04-17","2001-07-23","04","취소/말소/만료/정지/중지","4","직권취소","","","","","064 7464962","0","","제주특별자치도 제주시 연동 262번지 5 호","제주특별자치도 제주시 신광로 52 (연동)","","롯데참피온백화점","2010-07-28 17:32:08","I","2018-08-31 23:59:59","백화점","152495.151347759","-885.089142987237",""
"3890","대규모점포","08_25_01_P","6510000","2005549012307500003","2005-04-08","","04","취소/말소/만료/정지/중지","4","직권취소","","","","","064729 1053","0","","제주특별자치도 제주시 삼도이동 919호","","","(주)신세계 이마트 신제주점","2010-07-28 13:46:16","I","2018-08-31 23:59:59","대형마트","","",""
"3892","대규모점포","08_25_01_P","3060000","2010306009507500004","2010-07-21","","04","취소/말소/만료/정지/중지","4","직권취소","","","","","02-380-9426","5100.83","131-141","서울특별시 중랑구 묵1동 170번지 1호 외 35필지","","","신세계 이마트 묵동점","2013-05-31 09:30:58","I","2018-08-31 23:59:59","대형마트","206777.731391054","456837.219624564","대규모점포"
"3893","대규모점포","08_25_01_P","3030000","2001303010307500002","2001-09-13","2017-03-08","04","취소/말소/만료/정지/중지","4","직권취소","","","","","463-7547~8","8495.01","133-120","서울특별시 성동구 성수동2가 231번지 1호","","","성동마트","2017-03-08 15:17:20","I","2018-08-31 23:59:59","그 밖의 대규모점포","205260.827743854","448399.948660115","대규모점포"
"3895","대규모점포","08_25_01_P","3180000","2005318007607500004","2005-12-01","2020-03-31","04","취소/말소/만료/정지/중지","4","직권취소","","","","","2166-6800","5983.25","","서울특별시 영등포구 영등포동3가 7호","서울특별시 영등포구 영중로 28 (영등포동3가)","","영등포 점프밀라노","2020-08-11 14:48:41","U","2020-08-13 02:40:00","쇼핑센터","191580.646388785","446320.718339983","대규모점포"
"3898","대규모점포","08_25_01_P","3620000","1997362001207500015","1997-01-24","2014-09-04","04","취소/말소/만료/정지/중지","4","직권취소","","","","","006205702400","5850","500-150","광주광역시 북구 매곡동 45번지 25호","광주광역시 북구 서하로 97 (매곡동)","500-816","빅마트수퍼센타","2014-09-01 16:00:37","I","2018-08-31 23:59:59","대형마트","","","대규모점포"
"3901","대규모점포","08_25_01_P","3530000","2000353000007500002","1980-03-11","2004-08-24","04","취소/말소/만료/정지/중지","4","직권취소","","","","","032421 2021","0","","인천광역시 남동구 간석동 205번지 1   호","인천광역시 남동구 남동대로 880 (간석동)","405-230","희망백화점","2017-11-08 16:47:01","I","2018-08-31 23:59:59","백화점","174172.521279","439905.780965785","대규모점포"
"3906","대규모점포","08_25_01_P","3050000","2005305008207500001","2005-04-29","","04","취소/말소/만료/정지/중지","4","직권취소","","","","","0222151000","1461","","서울특별시 동대문구 장안동 368번지 1호","","","바우하우스","2014-10-29 16:24:49","I","2018-08-31 23:59:59","대형마트","206325.349431713","452184.2101607","대규모점포"
"3908","대규모점포","08_25_01_P","3990000","2001399008907500001","2001-11-28","2021-01-15","04","취소/말소/만료/정지/중지","4","직권취소","","","","","031 558 7000","0","","경기도 남양주시 화도읍 묵현리 368번지 2호","경기도 남양주시 화도읍 경춘로 1725","","코리아마트","2021-09-13 09:24:37","U","2021-09-15 02:40:00","대형마트","224788.908585668","461612.798454074","대규모점포"
"3910","대규모점포","08_25_01_P","3630000","2006363004107500001","2006-08-09","","04","취소/말소/만료/정지/중지","4","직권취소","","","","","062611 8156","0","","광주광역시 광산구 쌍암동 688번지 4호 폭스존","광주광역시 광산구 앰코로 35, 폭스존 (쌍암동)","62278","폭스존 첨단점","2018-03-05 10:31:46","I","2018-08-31 23:59:59","전문점","186484.103902583","191340.95957597","대규모점포"
"3911","대규모점포","08_25_01_P","3290000","2000329000107500033","1995-12-27","2008-06-17","04","취소/말소/만료/정지/중지","4","직권취소","","","","","051 8102500","5248","","부산광역시 부산진구 부전동 535-15호","","","부산롯데호텔면세점","2008-06-17 09:51:15","I","2018-08-31 23:59:59","그 밖의 대규모점포","","",""
"3912","대규모점포","08_25_01_P","3290000","2005329001307500003","2000-02-04","2008-04-11","04","취소/말소/만료/정지/중지","4","직권취소","","","","","051 8166781","0","","부산광역시 부산진구 부전동 450호","부산광역시 부산진구 신천대로 122 (부전동)","614-876","(주)네오스포","2011-12-08 16:44:29","I","2018-08-31 23:59:59","그 밖의 대규모점포","387101.414314415","185755.075318015","대규모점포"
"3913","대규모점포","08_25_01_P","3740000","1991374001107500007","1991-12-03","","04","취소/말소/만료/정지/중지","4","직권취소","","","","","031 2305505","0","","경기도 수원시팔달구 인계동 754번지 1호","경기도 수원시 팔달구 중부대로34번길 15 (인계동)","","뉴코아","2008-04-04 11:19:12","I","2020-08-05 00:23:26","백화점","201804.810108336","419164.107425875",""
"3915","대규모점포","08_25_01_P","3740000","2003374001107500001","2003-02-11","","04","취소/말소/만료/정지/중지","4","직권취소","","","","","2542040","0","","경기도 수원시팔달구 매산로1가 18호","","","수원역사(주)","2008-04-04 11:09:08","I","2020-08-05 00:23:26","백화점","199920.194662903","418246.927112644",""
"3916","대규모점포","08_25_01_P","3740000","2003374011007500001","2003-09-15","","04","취소/말소/만료/정지/중지","4","직권취소","","","","","031-229-3000","7107.75","442-140","경기도 수원시팔달구 구천동 10번지 24호 외 3필지","경기도 수원시 팔달구 수원천로231번길 3 (구천동,외 3필지)","","The SAY","2008-04-04 11:55:22","I","2020-08-05 00:23:26","쇼핑센터","201564.064855874","419154.997264151",""
"3917","대규모점포","08_25_01_P","3740000","2006374001107500001","2006-01-25","","04","취소/말소/만료/정지/중지","4","직권취소","","","","","031 2336102","3423.73","","경기도 수원시팔달구 인계동 1131호","경기도 수원시 팔달구 권광로 138 (인계동)","","세파월드","2008-05-01 14:59:04","I","2020-08-05 00:23:26","그 밖의 대규모점포","202733.785602761","417547.639611992",""
"3921","대규모점포","08_25_01_P","3740000","1996374001107500001","1996-03-04","","04","취소/말소/만료/정지/중지","4","직권취소","","","","","031-806-3000","9181.51","","경기도 수원시팔달구 인계동 1131호","경기도 수원시 팔달구 권광로 138 (인계동)","","세파월드","2019-11-18 17:36:01","I","2020-08-05 00:23:26","그 밖의 대규모점포","202733.785602761","417547.639611992","대규모점포"
"3922","대규모점포","08_25_01_P","3740000","2000374000007500001","2000-08-26","","04","취소/말소/만료/정지/중지","4","직권취소","","","","","003102598124","0","440-200","경기도 수원시 장안구 조원동 896번지","경기도 수원시 장안구 경수대로 930 (조원동)","","삼성테스코(주)홈플러스 북수원점","2014-10-14 11:15:14","I","2020-08-05 00:23:26","대형마트","200709.882380059","422304.072402192","대규모점포"
"3923","대규모점포","08_25_01_P","3740000","2000374001107500024","2000-11-13","","04","취소/말소/만료/정지/중지","4","직권취소","","","","","2163300","0","","경기도 수원시영통구 원천동 177번지 1호","경기도 수원시 영통구 중부대로 437 (원천동)","","한국까르푸(주) 원천점","2008-04-04 11:11:59","I","2020-08-05 00:23:26","쇼핑센터","205572.586871555","418683.704929064",""
"3924","대규모점포","08_25_01_P","3740000","2000374001107500025","2000-08-25","","04","취소/말소/만료/정지/중지","4","직권취소","","","","","031 2235743","9964.65","","경기도 수원시영통구 영통동 994번지 2   호","경기도 수원시 영통구 봉영로 1576 (영통동)","","삼성홈플러스영통점","2011-04-18 15:31:43","I","2020-08-05 00:23:26","그 밖의 대규모점포","206365.525651714","416652.30156114",""
"3925","대규모점포","08_25_01_P","3740000","2000374001107500026","2000-08-25","","04","취소/말소/만료/정지/중지","4","직권취소","","","","","0312018000","16100","","경기도 수원시영통구 영통동 994번지 2호","경기도 수원시 영통구 봉영로 1576 (영통동)","","삼성테스코(주)홈플러스 영통점","2016-01-25 11:19:07","I","2020-08-05 00:23:26","대형마트","206365.525651714","416652.30156114","대규모점포"
"3926","대규모점포","08_25_01_P","3740000","2001374001107500001","2001-10-05","","04","취소/말소/만료/정지/중지","4","직권취소","","","","","031-207-1051","0","441-390","경기도 수원시 권선구 권선동 1189번지","경기도 수원시 권선구 경수대로 270 (권선동)","","(주)이마트수원점","2014-10-15 17:49:41","I","2020-08-05 00:23:26","대형마트","201782.733115582","416501.699707548","대규모점포"
"3928","대규모점포","08_25_01_P","3490000","2021349019107500002","2021-08-31","","04","취소/말소/만료/정지/중지","4","직권취소","","","","","051-704-0142","787.7","","인천광역시 중구 중산동 1876-8","인천광역시 중구 하늘달빛로 90-27(중산동)","22402","롯데프레쉬 인천중산가맹점","2021-12-20 13:17:56","U","2021-12-22 02:40:00","구분없음","161018.718166721","442767.919323744","준대규모점포"
"3929","대규모점포","08_25_01_P","4671000","2010467017707500001","2010-04-14","","04","취소/말소/만료/정지/중지","4","직권취소","","","","","063-472-1053","10020.32","573-860","전북특별자치도 군산시 경암동 590번지 296호","전북특별자치도 군산시 구암3.1로 137 (경암동)","","신세계 이마트 군산점","2017-06-22 09:29:21","I","2024-01-19 01:16:45","대형마트","176003.990213014","275855.723670155","대규모점포"
"3931","대규모점포","08_25_01_P","4671000","2005467011207500001","2005-03-31","","04","취소/말소/만료/정지/중지","4","직권취소","","","","","063472 1053","0","","전북특별자치도 군산시 경암동 590번지 296호","전북특별자치도 군산시 구암3.1로 137 (경암동)","","신세계이마트군산점","2017-06-22 09:31:51","I","2024-01-19 01:16:45","대형마트","176003.990213014","275855.723670155","대규모점포"
"3932","대규모점포","08_25_01_P","5670000","2015567047107500001","2011-04-01","2017-07-24","04","취소/말소/만료/정지/중지","4","직권취소","","","","","055-231-3961","72","","","경상남도 창원시 마산회원구 내서읍 상곡로 22","51218","내서농협상곡지점","2018-07-27 17:01:10","I","2021-07-02 00:23:01","구분없음","336735.622136942","194760.065788554","준대규모점포"
"3933","대규모점포","08_25_01_P","3560000","2009356006807500002","2009-12-22","","04","취소/말소/만료/정지/중지","4","직권취소","","","","","032-560-2500","10964.68","","인천광역시 서구 마전동 1031번지 1호 롯데마트","인천광역시 서구 원당대로 581, 롯데마트 (마전동)","22637","롯데쇼핑 (주) 롯데마트 검단점","2022-12-25 14:11:24","U","2022-12-27 02:40:00","대형마트","170301.890390416","454745.482573844","대규모점포"
"3934","대규모점포","08_25_01_P","4080000","2011408014107500001","2011-05-20","2011-05-20","04","취소/말소/만료/정지/중지","4","직권취소","","","","","686-1234","10035.66","456-240","경기도 안성시 석정동 149번지 3호","경기도 안성시 중앙로 246 (석정동)","456-240","(주)이마트 안성점","2012-07-27 17:05:27","I","2018-08-31 23:59:59","대형마트","222711.793919182","390149.787207476","대규모점포"
"3935","대규모점포","08_25_01_P","5710000","2000436000907500009","1986-10-16","2004-02-19","04","취소/말소/만료/정지/중지","4","직권취소","","","","","043 2667002","0","","충청북도 청주시 상당구 북문로2가 1309번지","충청북도 청주시 상당구 중앙로 33 (북문로2가)","360-012","후생사","2014-02-27 18:25:36","I","2018-10-04 11:12:49","그 밖의 대규모점포","243600.9188041","348872.700291747","대규모점포"
"3936","대규모점포","08_25_01_P","5710000","2000436000907500011","1989-07-05","2007-01-26","04","취소/말소/만료/정지/중지","4","직권취소","","","","","043 2532222","0","","충청북도 청주시 상당구 남문로2가 1-2번지","","","(주)청주패밀리","2014-01-10 17:27:49","I","2018-10-04 11:12:49","백화점","","","대규모점포"
"3938","대규모점포","08_25_01_P","5710000","2000436000907500017","1996-03-08","2014-04-02","04","취소/말소/만료/정지/중지","4","직권취소","","","","","043 2736562","0","","충청북도 청주시 서원구 사창동 261-4번지","충청북도 청주시 서원구 사직대로 140 (사창동)","","와이에스케이개발","2014-04-03 15:13:34","I","2018-10-04 11:12:49","그 밖의 대규모점포","241311.716659959","348256.458841603","대규모점포"
"3939","대규모점포","08_25_01_P","5710000","2000436000907500020","1999-06-05","","04","취소/말소/만료/정지/중지","4","직권취소","","","","","043 2301050","0","","충청북도 청주시 흥덕구 가경동 1416-2번지","","","롯데마그넷청주점","2014-05-19 16:56:05","I","2018-10-04 11:12:49","대형마트","238449.433440246","347396.698510935","대규모점포"
"3940","대규모점포","08_25_01_P","5710000","2000436000907500029","1999-06-05","","04","취소/말소/만료/정지/중지","4","직권취소","","","","","043 2301050","0","","충청북도 청주시 흥덕구 가경동 1416-2번지","","","롯데마그넷청주점","2014-04-10 16:57:24","I","2018-10-04 11:12:49","대형마트","238449.433440246","347396.698510935","대규모점포"
"3941","대규모점포","08_25_01_P","5710000","2002436000907500003","2002-09-12","2016-01-05","04","취소/말소/만료/정지/중지","4","직권취소","","","","","0431111111","0","","충청북도 청주시 상당구 용암동 1587번지","충청북도 청주시 상당구 중흥로 17 (용암동)","","주식회사글로리아","2014-02-27 18:33:01","I","2018-10-04 11:12:49","대형마트","244812.178450948","345318.85442766","대규모점포"
"3942","대규모점포","08_25_01_P","5710000","2004436000907500002","2004-02-09","","04","취소/말소/만료/정지/중지","4","직권취소","","","","","043 236 9933","11690.18","","충청북도 청주시 흥덕구 가경동 1416-3번지","충청북도 청주시 흥덕구 2순환로 1233 (가경동)","","드림플러스","2014-04-09 15:23:08","I","2018-10-04 11:12:49","백화점","238501.339424579","347307.952095035","준대규모점포"
"3943","대규모점포","08_25_01_P","5710000","2004436000907500003","2004-05-20","","04","취소/말소/만료/정지/중지","4","직권취소","","","","","043 233 8557","0","","충청북도 청주시 흥덕구 가경동 1696번지 4지구 3블럭","충청북도 청주시 흥덕구 서부로 1291 (가경동,4지구 3블럭)","","삼성테스코(주)홈플러스청주점","2014-04-10 16:51:18","I","2018-10-04 11:12:49","대형마트","239497.206513638","346120.918099259","대규모점포"
"3945","대규모점포","08_25_01_P","5710000","2012436012407500008","2012-04-10","","04","취소/말소/만료/정지/중지","4","직권취소","","","","","043-218-3333","2034.53","360-820","충청북도 청주시 청원구 율량동 1242번지","충청북도 청주시 청원구 율봉로 131 (율량동)","360-820","(주)지에스리테일 GS수퍼 청주율량점","2018-04-05 16:28:38","I","2018-10-04 11:12:49","구분없음","243180.41296803","352003.579724036","준대규모점포"
"3946","대규모점포","08_25_01_P","5710000","2012436012407500001","2011-06-27","","04","취소/말소/만료/정지/중지","4","직권취소","","","","","0432326580","942.45","","","충청북도 청주시 흥덕구 서현동로 20 (강서동)","361-872","롯데슈퍼 강서점","2018-04-05 16:25:09","I","2018-10-04 11:12:49","구분없음","238386.711216501","347101.987654595","준대규모점포"
"3947","대규모점포","08_25_01_P","5710000","2012436012407500009","2012-04-10","","04","취소/말소/만료/정지/중지","4","직권취소","","","","","043-265-4612","1664.77","361-816","충청북도 청주시 흥덕구 봉명동 189-1번지","충청북도 청주시 흥덕구 1순환로 576 (봉명동)","361-816","(주)지에스리테일 청주봉명점","2018-04-05 16:28:02","I","2018-10-04 11:12:49","구분없음","241169.834205813","349069.347197866","준대규모점포"
"3948","대규모점포","08_25_01_P","5710000","1997436020307500001","1997-06-09","","04","취소/말소/만료/정지/중지","4","직권취소","","","","","043-210-1051","9517","361-202","충청북도 청주시 서원구 미평동 123-1번지","충청북도 청주시 서원구 청남로 1853 (미평동)","361-202","(주)이마트청주점","2014-04-10 17:06:54","I","2018-10-04 11:12:49","대형마트","242399.096913115","344542.716935815","대규모점포"
"3950","대규모점포","08_25_01_P","4771000","2011477006707500001","2011-12-15","","04","취소/말소/만료/정지/중지","4","직권취소","","","","","652-9962","1067.7","595-803","전북특별자치도 순창군 순창읍 남계리 227번지 5호","전북특별자치도 순창군 순창읍 장류로 388","","순창농협하나로마트","2012-03-09 08:42:14","I","2024-01-19 01:16:45","대형마트","213077.457587303","208487.551123223","준대규모점포"
"3953","대규모점포","08_25_01_P","3640000","2008364008907500001","2008-01-25","","04","취소/말소/만료/정지/중지","4","직권취소","","","","","042-606-4522","6326","300-720","대전광역시 동구 중동 318번지 1호 중앙데파트","","","중앙데파트","2010-01-13 11:24:43","I","2018-08-31 23:59:59","대형마트","238439.32948411","314486.941893639",""
"3955","대규모점포","08_25_01_P","3240000","2008324013907500001","2008-11-07","2008-11-07","04","취소/말소/만료/정지/중지","4","직권취소","","","","","3400-8000","14176","134-020","서울특별시 강동구 천호동 42번지","","","삼성테드크(주)홈플러스강동점","2011-04-28 15:00:17","I","2018-08-31 23:59:59","대형마트","212501.369116329","449282.31038379",""
"3960","대규모점포","08_25_01_P","3860000","1988386000007500010","1990-09-21","","04","취소/말소/만료/정지/중지","4","직권취소","","","","","032 6571234","0","","경기도 부천시 원미구심곡동 174번지 1호","경기도 부천시 원미구 부천로 7 (심곡동)","","로얄백화점","2014-02-11 14:46:17","I","2024-01-02 00:16:32","백화점","180657.771489919","442562.696376175","대규모점포"
"3963","대규모점포","08_25_01_P","3860000","1993386000007500001","1993-04-29","","04","취소/말소/만료/정지/중지","4","직권취소","","","","","","723.3","","경기도 부천시 원미구중동 1183호","","","중동한신코아","2014-02-11 13:30:19","I","2024-01-02 00:16:32","그 밖의 대규모점포","179540.644465229","443802.438704689","대규모점포"
"3967","대규모점포","08_25_01_P","3860000","1996386000007500003","1996-12-18","","04","취소/말소/만료/정지/중지","4","직권취소","","","","","032 6102500","26.7","","경기도 부천시 원미구심곡동 175번지 6호","경기도 부천시 원미구 부천로 11 (심곡동)","","해태쇼핑","2014-02-11 13:42:36","I","2024-01-02 00:16:32","쇼핑센터","180695.690645126","442609.650907377","대규모점포"
"3969","대규모점포","08_25_01_P","3860000","1999386000007500004","1999-10-20","","04","취소/말소/만료/정지/중지","4","직권취소","","","","","032 3480293","1618.89","","경기도 부천시 소사구괴안동 128번지 2   호","경기도 부천시 소사구 경인로 527 (괴안동)","","두진쇼핑","2014-02-11 13:17:03","I","2024-01-02 00:16:32","그 밖의 대규모점포","183421.497797273","442584.46085947","준대규모점포"
"3970","대규모점포","08_25_01_P","3860000","2000386000007500001","2000-05-02","","04","취소/말소/만료/정지/중지","4","직권취소","","","","","032 6122533","0","","경기도 부천시 원미구심곡동 174번지 1   호","경기도 부천시 원미구 부천로 7 (심곡동)","","지지아나","2014-02-11 13:11:58","I","2024-01-02 00:16:32","쇼핑센터","180657.771489919","442562.696376175","대규모점포"
"3971","대규모점포","08_25_01_P","3860000","2000386000007500002","2000-07-19","","04","취소/말소/만료/정지/중지","4","직권취소","","","","","032226 2604","0","","경기도 부천시 원미구심곡동 173번지 1호","경기도 부천시 원미구 부천로 3-1 (심곡동)","","로얄(ROYAL)","2014-02-11 13:45:01","I","2024-01-02 00:16:32","쇼핑센터","180651.538092321","442519.201363166","대규모점포"
"3972","대규모점포","08_25_01_P","3860000","2005386012607500002","2005-02-28","2011-09-29","04","취소/말소/만료/정지/중지","4","직권취소","","","","","032 6108000","17585.32","","경기도 부천시 소사구괴안동 129번지 1호","경기도 부천시 소사구 경인로 532 (괴안동)","","홈플러스 주식회사 부천소사점","2014-09-29 17:29:19","I","2024-01-02 00:16:32","대형마트","183505.044366024","442533.953044508","대규모점포"
"3973","대규모점포","08_25_01_P","3860000","2007386012607500002","2007-04-27","","04","취소/말소/만료/정지/중지","4","직권취소","","","","","032-250-5000","45275.97","420-713","경기도 부천시 원미구상동 461번지 투나","경기도 부천시 원미구 부일로 223 (상동,투나)","","투나","2014-01-27 16:58:22","I","2024-01-02 00:16:32","쇼핑센터","178293.171843054","442988.573692305","대규모점포"
"3974","대규모점포","08_25_01_P","3860000","2008386012607500001","2008-01-03","","04","취소/말소/만료/정지/중지","4","직권취소","","","","","718-1234","12833.18","420-020","경기도 부천시 원미구중동 1157번지 (주)신세계 이마트 중동점","경기도 부천시 원미구 석천로 188 (중동,(주)신세계 이마트 중동점)","","(주)신세계 이마트 중동점","2014-01-27 16:42:29","I","2024-01-02 00:16:32","대형마트","179059.890468202","444675.160533494","대규모점포"
"3975","대규모점포","08_25_01_P","3860000","2009386021207500002","2009-09-23","","04","취소/말소/만료/정지/중지","4","직권취소","","","","","02-530-5000","23107.98","420-031","경기도 부천시 원미구 상1동 539번지 1호","경기도 부천시 원미구 송내대로 239 (상동)","","뉴코아 부천점","2014-01-27 16:57:20","I","2024-01-02 00:16:32","쇼핑센터","178411.442079953","444684.405331659","대규모점포"
"3978","대규모점포","08_25_01_P","3340000","2000334001707500014","1996-11-07","2006-06-27","04","취소/말소/만료/정지/중지","4","직권취소","","","","","005102620180","3118","","부산광역시 사하구 다대동 680-2호","부산광역시 사하구 다대동로 20 (다대동)","604-824","다대씨파크","2014-01-02 11:29:34","I","2018-08-31 23:59:59","그 밖의 대규모점포","379834.721482881","174676.412428457","대규모점포"
"3981","대규모점포","08_25_01_P","3720000","2013372011607500001","2013-12-05","","04","취소/말소/만료/정지/중지","4","직권취소","","","","","052)293-2080","8510","683-480","울산광역시 북구 상안동 322번지 9호","","","홈플러스테스코(주)","2023-11-10 11:18:29","U","2023-11-12 02:40:00","대형마트","412349.300490111","239222.450142668","대규모점포"
"3983","대규모점포","08_25_01_P","4050000","2002405024007500001","2002-05-31","","04","취소/말소/만료/정지/중지","4","직권취소","","","","","031-327-1052","10715.38","446-913","경기도 용인시기흥구 보정동 1019번지 237호 외 31필지","경기도 용인시 기흥구 용구대로 2457 (보정동,외 31필지)","","신세계이마트 구성점","2014-12-15 15:52:38","I","2018-08-31 23:59:59","대형마트","209271.840918768","422612.412300721","대규모점포"
"3984","대규모점포","08_25_01_P","4050000","2012405028807500001","2012-01-11","","04","취소/말소/만료/정지/중지","4","직권취소","","","","","031-321-7100","1970.7","449-925","경기도 용인시 처인구 김량장동 254번지 413호","경기도 용인시 처인구 금령로55번길 3 (김량장동)","449-925","용인농협파머스마켓","2014-12-15 15:50:23","I","2018-08-31 23:59:59","구분없음","217861.473236659","414842.294991122","준대규모점포"
"3986","대규모점포","08_25_01_P","4050000","2007405024007500002","2007-11-02","","04","취소/말소/만료/정지/중지","4","직권취소","","","","","031-289-0600","3184.69","446-515","경기도 용인시 기흥구 상하동 351번지","경기도 용인시 기흥구 중부대로 682 (상하동)","446-515","농협 하나로클럽 기흥점","2014-12-15 16:02:18","I","2018-08-31 23:59:59","대형마트","211994.061448131","418246.880193391","대규모점포"
"3987","대규모점포","08_25_01_P","4060000","2003406001307500001","2003-12-16","2006-06-21","04","취소/말소/만료/정지/중지","4","직권취소","","","","","031 9498000","0","","경기도 파주시 검산동 448번지 2호","경기도 파주시 검산로 301-22 (검산동)","","파주 농수산물 물류센타","2012-08-20 14:47:03","I","2018-08-31 23:59:59","그 밖의 대규모점포","176884.275578943","477393.927508944","대규모점포"
"3988","대규모점포","08_25_01_P","4070000","2000407001707500002","2000-05-03","","04","취소/말소/만료/정지/중지","4","직권취소","","","","","031 6448053","0","","경기도 이천시 증포동 47번지 4호","경기도 이천시 이섭대천로 1440-50 (증포동)","","(주)이마트 이천점","2018-11-30 13:58:13","U","2018-12-02 02:40:00","대형마트","240622.258190291","421449.129399305","대규모점포"
"3989","대규모점포","08_25_01_P","4070000","2012407008807500003","2012-06-26","","04","취소/말소/만료/정지/중지","4","직권취소","","","","","031-635-2121","576.67","467-800","경기도 이천시 중리동 213번지","경기도 이천시 중리천로 76 (중리동)","467-800","롯데슈퍼 이천중리가맹점","2018-11-30 13:55:16","U","2018-12-02 02:40:00","대형마트","239461.390091394","419701.557736528","준대규모점포"
"3991","대규모점포","08_25_01_P","3220000","2001322008307500022","1994-06-15","2010-09-08","04","취소/말소/만료/정지/중지","4","직권취소","","","","","02 5550000","0","","서울특별시 강남구 일원동 647호","","","일원마트","2010-09-08 17:44:37","I","2018-08-31 23:59:59","그 밖의 대규모점포","207614.091005038","443297.031452896",""
"3994","대규모점포","08_25_01_P","3940000","2019394038807500001","2019-01-22","","01","영업/정상","5","영업개시전","","","","","031-947-9603","6030.85","","경기도 고양시 일산동구 장항동 1800번지 라몬테이탈리아노","경기도 고양시 일산동구 연리지로 51, 라몬테이탈리아노 (장항동)","10393","라 몬테 이탈리아노","2019-01-22 21:54:58","I","2019-01-24 02:20:58","그 밖의 대규모점포","178307.044705103","461974.801224849","대규모점포"
"3995","대규모점포","08_25_01_P","3940000","2019394038807500002","2019-01-23","","01","영업/정상","5","영업개시전","","","","","955-9445","9385.02","","경기도 고양시 일산서구 대화동 2603번지","경기도 고양시 일산서구 킨텍스로 240 (대화동)","10391","GIFC MALL","2019-01-23 18:52:35","I","2019-01-25 02:21:00","그 밖의 대규모점포","177925.172169511","462673.381313058","대규모점포"
"3997","대규모점포","08_25_01_P","5350000","2017535029207500001","2017-12-13","","01","영업/정상","5","영업개시전","","","","","051-205-0491","3372","","경상남도 김해시 동상동 1117번지","","","캐슬아리스타궁","2017-12-14 09:30:03","I","2018-08-31 23:59:59","그 밖의 대규모점포","371586.650743855","194970.613063528","대규모점포"
"3998","대규모점포","08_25_01_P","4181000","2019418034907500002","2019-08-20","","01","영업/정상","5","영업개시전","","","","","033)258-8114","212","","강원특별자치도 춘천시 중앙로3가 61번지 농협중앙회강원지역본부","강원특별자치도 춘천시 중앙로 105, 농협중앙회강원지역본부 (중앙로3가)","24358","하나로마트 강원지역본부점","2023-01-17 17:51:48","I","2023-06-13 00:00:00","구분없음","263591.901797558","486256.984750418","준대규모점포"
"4002","대규모점포","08_25_01_P","3150000","2024315020007500002","2024-10-25","","01","영업/정상","5","영업개시전","","","","","02-3487-6056","27422","","서울특별시 강서구 마곡동 특별계획구역 CP2, CP3-1, CP3-2","","","LEWEST B관","2024-10-30 17:52:30","U","2024-11-01 02:40:00","그 밖의 대규모점포","","","대규모점포"
"4003","대규모점포","08_25_01_P","3150000","2024315020007500003","2024-10-25","","01","영업/정상","5","영업개시전","","","","","02-3487-6056","32442.38","","서울특별시 강서구 마곡동 특별계획구역 CP1","","","LEWEST A관","2024-10-30 17:49:43","U","2024-11-01 02:40:00","그 밖의 대규모점포","","","대규모점포"
"4004","대규모점포","08_25_01_P","3300000","2024330011907500002","2024-09-27","","01","영업/정상","5","영업개시전","","","","","051-634-5542","495.8","","부산광역시 동래구 온천동 1248-4 월드메디컬타워","부산광역시 동래구 아시아드대로 239-1, 월드메디컬타워 1층 (온천동)","47851","GS THE FRESH 부산미남역점","2024-11-14 12:58:00","U","2024-11-16 02:40:00","구분없음","388189.034202454","191546.670279537","준대규모점포"
"4005","대규모점포","08_25_01_P","3910000","2024391041807500001","2024-10-02","","01","영업/정상","5","영업개시전","","","","","031-663-1521","5898.55","","경기도 평택시 가재동 345-8","","","송탄농협 종합타운 하나로마트","2024-10-02 13:08:50","I","2024-10-04 00:12:56","대형마트","207241.107390591","394255.761663547","대규모점포"
"4011","대규모점포","08_25_01_P","3370000","2024337015007500001","2024-08-14","","01","영업/정상","5","영업개시전","","","","","051-862-7400","495.86","","부산광역시 연제구 연산동 1290-4","부산광역시 연제구 거제천로 142 (연산동)","47539","GS THE FRESH 부산연산점","2024-08-14 17:49:30","I","2024-08-17 00:13:21","구분없음","389089.698331526","189395.97864283","준대규모점포"
"4013","대규모점포","08_25_01_P","3220000","2024322024907500001","2024-07-30","","01","영업/정상","5","영업개시전","","","","","02-2006-2364","183","","서울특별시 강남구 청담동 109-16 청담범신칼릭스빌2차","서울특별시 강남구 도산대로89길 35, 지상1층 107, 108호 (청담동, 청담범신칼릭스빌2차)","06012","GS THE FRESH 청담점","2025-05-07 10:35:44","U","2025-05-09 02:40:00","대형마트","204504.368683467","447166.991324457","준대규모점포"
"4014","대규모점포","08_25_01_P","5090000","2012509007907500002","2012-05-21","","01","영업/정상","5","영업개시전","","","","","054-636-9550","492.94","750-010","경상북도 영주시 영주동 549번지 4호","경상북도 영주시 구성로 350 (영주동)","","영주농협하나로마트중앙점","2022-06-27 15:51:24","U","2022-06-29 02:40:00","구분없음","344754.435402154","370337.910470637","준대규모점포"
"4016","대규모점포","08_25_01_P","3940000","2016394029807500002","2016-08-26","","01","영업/정상","5","영업개시전","","","","","02-3438-9480","42599.44","","경기도 고양시 일산동구 백석동 1237번지","경기도 고양시 일산동구 강송로 33 (백석동, 일산요진와이시티)","10450","일산 벨라씨타(Bella Citta)","2020-02-17 16:38:55","U","2020-02-19 02:40:00","쇼핑센터","181637.189249099","460029.013400211","대규모점포"
"4017","대규모점포","08_25_01_P","3940000","2017394029807500001","2017-08-25","","01","영업/정상","5","영업개시전","","","","","","16505.82","","경기도 고양시 일산서구 대화동 1050번지 185호","경기도 고양시 일산서구 주엽로 80 (대화동)","10391","고양 일산 호수공원 가로수길","2017-08-25 17:00:37","I","2018-08-31 23:59:59","그 밖의 대규모점포","178443.772452423","462653.992741763","대규모점포"
"4018","대규모점포","08_25_01_P","3040000","2024304019007500001","2024-01-05","","01","영업/정상","5","영업개시전","","","","","02-444-8604","34138.84","","서울특별시 광진구 자양동 680-63 판매시설","서울특별시 광진구 아차산로 402, 판매시설 (자양동)","05050","자양1재정비촉진구역 도시정비형 재개발사업 판매시설","2025-03-20 11:17:32","U","2025-03-22 02:40:00","쇼핑센터","207770.197118183","448131.0613924","대규모점포"
"4019","대규모점포","08_25_01_P","3780000","2016378027807500002","2016-03-21","","01","영업/정상","5","영업개시전","","","","","02-380-9396","3692","","경기도 성남시 분당구 백현동 531번지","경기도 성남시 분당구 대왕판교로606번길 10 (백현동, 알파리움1단지)","13530","일렉트로마트 판교점","2020-07-27 15:48:11","U","2020-07-29 02:40:00","전문점","209511.303885931","432604.40297927","대규모점포"
"4020","대규모점포","08_25_01_P","5690000","2020569029207500001","2020-02-04","","01","영업/정상","5","영업개시전","","","","","044-860-8500","13324.75","","세종특별자치시 어진동 510번지 엠브릿지","세종특별자치시 도움3로 19, 외 1필지 엠브릿지 (어진동)","30116","엠브릿지","2020-02-14 16:04:15","U","2020-02-16 02:40:00","그 밖의 대규모점포","223042.626330734","333554.40787071","대규모점포"
"4022","대규모점포","08_25_01_P","5710000","2024571023607500001","2024-05-28","","01","영업/정상","5","영업개시전","","","","","043-223-3458","47307.68","","충청북도 청주시 흥덕구 가경동 1416 고속버스터미널","충청북도 청주시 흥덕구 2순환로 1229, 고속버스터미널 (가경동)","28396","청주센트럴시티","2025-07-09 14:21:42","U","2025-07-11 02:40:00","쇼핑센터","238449.433440246","347396.698510935","대규모점포"
"4023","대규모점포","08_25_01_P","5540000","2012554012307500001","2012-04-13","","01","영업/정상","5","영업개시전","","","","","031-797-6514","5942.38","464-040","경기도 광주시 삼동 443번지 외 3필지(440,441,442-1)","경기도 광주시 순암로 535 (삼동)","464-040","TOP PRICE WHOLESALE","2023-12-11 11:11:31","U","2023-12-13 02:40:00","대형마트","217232.530606995","434341.475496054","대규모점포"
"4024","대규모점포","08_25_01_P","3130000","2018313020107500002","2018-08-13","","01","영업/정상","5","영업개시전","","","","","02-2179-5021","9747.1","","서울특별시 마포구 동교동 190번지 1호","서울특별시 마포구 와우산로35길 50-4 (동교동)","04052","홍대복합역사 상업시설","2018-08-17 09:33:16","I","2018-08-31 23:59:59","쇼핑센터","193285.549735897","450808.571641119","대규모점포"
"4026","대규모점포","08_25_01_P","3050000","2023305021007500001","2023-03-14","","01","영업/정상","5","영업개시전","","","","","02-2006-2364","307.23","","서울특별시 동대문구 장안동 310-8 희헌빌딩","서울특별시 동대문구 장한로28가길 45, 희헌빌딩 (장안동)","02523","GS THE FRESH 동대문장안점","2023-03-14 09:57:17","I","2023-03-16 00:41:27","구분없음","206341.538776724","452530.018811546","준대규모점포"
"4027","대규모점포","08_25_01_P","3670000","2024367020207500001","2024-02-28","","01","영업/정상","5","영업개시전","","","","","032-677-3158","9077.4","","대전광역시 유성구 용계동 667-4 힐스테이트 도안 2차","대전광역시 유성구 동서대로656번길 16-32, 힐스테이트 도안 2차 (용계동)","34218","힐스에비뉴 도안2차","2024-02-28 16:06:42","I","2024-03-01 00:15:52","그 밖의 대규모점포","229934.640252792","314591.773812606","대규모점포"
"4029","대규모점포","08_25_01_P","4191000","2024419100607500001","2024-03-20","","01","영업/정상","5","영업개시전","","","","","033-738-9000","41870.41","","강원특별자치도 원주시 단계동 877-1","강원특별자치도 원주시 서원대로 171 (단계동)","26436","더블유시티","2024-03-20 13:53:05","I","2024-03-22 00:15:24","쇼핑센터","282420.45355925","427386.499314318","대규모점포"
"4031","대규모점포","08_25_01_P","3510500","2024351057907500002","2024-01-22","","01","영업/정상","5","영업개시전","","","","","02-2006-2364","226.98","","인천광역시 미추홀구 용현동 0 자이타워","인천광역시 미추홀구 독배로 383, 자이타워 (용현동)","22184","GS THE FRESH 용현자이점","2024-01-23 13:51:24","I","2024-01-25 00:16:23","구분없음","","","준대규모점포"
"4032","대규모점포","08_25_01_P","5350000","2024535033007500001","2024-03-21","","01","영업/정상","5","영업개시전","","","","","055-328-2088","19737.39","","경상남도 김해시 무계동 77","","","장유여객터미널 상업시설","2024-03-21 16:47:50","I","2024-03-23 00:15:25","그 밖의 대규모점포","365633.869413856","190545.90625481","대규모점포"
"4033","대규모점포","08_25_01_P","3980000","2007398007807500001","2007-08-09","","01","영업/정상","5","영업개시전","","","","","02-2145-8000","10498.3","471-010","경기도 구리시 인창동 430번지","경기도 구리시 동구릉로136번길 57 (인창동)","","롯데쇼핑(주) 롯데마트 그랑그로서리 구리점","2025-06-19 13:09:52","U","2025-06-21 02:40:00","대형마트","212367.118425352","456712.576784184","대규모점포"
"4034","대규모점포","08_25_01_P","3230000","2020323026107500003","2020-07-24","","01","영업/정상","5","영업개시전","","","","2020-08-20","","182","","서울특별시 송파구 가락동 191-5","서울특별시 송파구 동남로20길 24 (가락동)","05783","롯데프레시송파가락가맹점","2020-09-02 17:15:35","U","2020-09-04 02:40:00","구분없음","211822.100655974","443697.739713172","준대규모점포"
"4035","대규모점포","08_25_01_P","3510500","2020351057907500001","2020-08-25","","01","영업/정상","5","영업개시전","","","","","032-866-0611","20973.16","","인천광역시 미추홀구 도화동 1002 더샵 인천스카이타워 2단지","인천광역시 미추홀구 숙골로87번길 5 (도화동, 더샵 인천스카이타워 2단지)","22101","앨리웨이 인천","2025-06-30 13:15:03","U","2025-07-02 02:40:00","그 밖의 대규모점포","170160.347561945","440825.360762333","대규모점포"
"4038","대규모점포","08_25_01_P","3200000","2025320022507500001","2025-07-29","","01","영업/정상","5","영업개시전","","","","","02-000-0000","214.2","","서울특별시 관악구 봉천동 622-27 은천빌딩","서울특별시 관악구 은천로 81 (봉천동, 은천빌딩)","08715","GS THE FRESH 관악봉천점","2025-07-29 14:06:25","I","2025-07-31 00:20:02","구분없음","195007.987644999","442765.646975268","준대규모점포"
"4039","대규모점포","08_25_01_P","4520000","2025452038307500001","2025-07-28","","01","영업/정상","5","영업개시전","","","","","041-544-4864","7643.85","","충청남도 아산시 용화동 111-1","충청남도 아산시 남부로 246 (용화동)","31580","온양농협 하나로마트 이순신점","2025-07-28 10:15:29","I","2025-07-30 00:20:12","대형마트","200807.952676366","363254.305043069","대규모점포"
"4040","대규모점포","08_25_01_P","3660000","2025366021607500001","2025-07-28","","01","영업/정상","5","영업개시전","","","","","000-0000-0000","228","","대전광역시 서구 탄방동 514-360 둔산자이아이파크","대전광역시 서구 계룡로 520, 근린생활시설 1층 106~112호 (탄방동, 둔산자이아이파크)","35267","GS THE FRESH 대전둔산점","2025-07-28 09:35:36","I","2025-07-30 00:20:12","구분없음","234095.761014821","315801.146401307","준대규모점포"
"4041","대규모점포","08_25_01_P","3260000","2022326010707500002","2022-12-15","","01","영업/정상","5","영업개시전","","","","","","264.4","","부산광역시 서구 암남동 123-15 송도힐스테이트이진베이시티아파트","부산광역시 서구 송도해변로 192, 판매시설동 1층 122~127호 (암남동, 송도힐스테이트이진베이시티아파트)","49264","GS THE FRESH 부산송도점","2022-12-16 10:58:36","I","2022-12-18 00:40:10","그 밖의 대규모점포","384495.066651637","177326.029548321","준대규모점포"
"4042","대규모점포","08_25_01_P","5530000","2023553047907500001","2023-01-09","","01","영업/정상","5","영업개시전","","","","","","5850.02","","경기도 화성시 봉담읍 상리 691","","","이지바이 봉담","2025-06-26 18:14:04","U","2025-06-28 02:40:00","대형마트","","","대규모점포"
"4043","대규모점포","08_25_01_P","3990000","2022399046507500001","2022-12-29","","01","영업/정상","5","영업개시전","","","","","","13474","","경기도 남양주시 다산동 6056","","","다산역 데시앙 상업시설","2023-02-02 13:34:34","U","2023-02-04 02:40:00","그 밖의 대규모점포","213465.986919386","458131.768703582","대규모점포"
"4044","대규모점포","08_25_01_P","4641000","2023464055507500001","2023-04-12","","01","영업/정상","5","영업개시전","","","","","063-276-8163","15400.23","","전북특별자치도 전주시 덕진구 송천동2가 1313 포레나 전주 에코시티","전북특별자치도 전주시 덕진구 세병로 21 (송천동2가, 포레나 전주 에코시티)","55148","포레나 전주 에코시티 판매시설","2023-04-14 11:18:10","I","2024-01-19 01:16:45","그 밖의 대규모점포","211582.97213836","263890.316119111","대규모점포"
"4045","대규모점포","08_25_01_P","4641000","2021464047907500001","2021-03-03","","01","영업/정상","5","영업개시전","","","","","","18192.9","","전북특별자치도 전주시 덕진구 송천동2가 1329-2 전주 에코시티 이마트","전북특별자치도 전주시 덕진구 세병서로 9, 전주 에코시티 이마트 (송천동2가)","55149","전주에코시티 DK-mall","2021-10-01 08:26:31","I","2024-01-19 01:16:45","쇼핑센터","211105.947625828","263591.430026264","대규모점포"
"4046","대규모점포","08_25_01_P","4641000","2021464047907500002","2021-07-19","","01","영업/정상","5","영업개시전","","","","","063-253-1115","34776.8","","전북특별자치도 전주시 덕진구 송천동2가 1329-1 로마네시티","전북특별자치도 전주시 덕진구 세병2길 10, 로마네시티 (송천동2가)","55149","로마네시티","2021-07-19 12:57:31","I","2024-01-19 01:16:45","그 밖의 대규모점포","211179.421253138","263662.329079759","대규모점포"
"4047","대규모점포","08_25_01_P","4641000","2021464047907500003","2021-11-29","","01","영업/정상","5","영업개시전","","","","","063-271-7001","23194.32","","전북특별자치도 전주시 덕진구 송천동2가 488-3","전북특별자치도 전주시 덕진구 송천중앙로 225(송천동2가)","54827","파인트리몰","2021-12-01 07:56:34","I","2024-01-19 01:16:45","그 밖의 대규모점포","210850.269806142","262991.692422289","대규모점포"
"4048","대규모점포","08_25_01_P","4681000","2000468002007500001","1997-02-19","","01","영업/정상","5","영업개시전","","","","","063 8407000","58","","전북특별자치도 익산시 창인동1가 152번지 24호","전북특별자치도 익산시 중앙로5길 17-4 (창인동1가)","54593","익산송원백화점","2016-03-09 13:49:19","I","2024-01-19 01:16:45","백화점","","","준대규모점포"
"4049","대규모점포","08_25_01_P","3940000","2021394038807500001","2021-07-02","","01","영업/정상","5","영업개시전","","","","","031-901-6611","15789","","경기도 고양시 덕양구 삼송동 293","경기도 고양시 덕양구 삼송로 222, 고양삼송현대헤리엇 (삼송동)","10592","고양삼송현대헤리엇","2021-07-02 12:33:29","I","2021-07-04 00:22:53","그 밖의 대규모점포","191025.010600686","461186.001629362","대규모점포"
"4050","대규모점포","08_25_01_P","5670000","2016567055907500001","2016-09-06","","01","영업/정상","5","영업개시전","","","","","055-266-8005","6365.43","","경상남도 창원시 의창구 서상동 666번지 5호","경상남도 창원시 의창구 평산로207번길 4 (서상동)","51370","킹덤시티","2018-04-02 11:46:35","I","2021-07-02 00:23:01","그 밖의 대규모점포","347886.71935506","196863.11405067","대규모점포"
"4051","대규모점포","08_25_01_P","4080000","2017408020807500002","2017-11-13","","01","영업/정상","5","영업개시전","","","","","02-520-9557","7987.27","","경기도 안성시 원곡면 지문리 33번지 1호","경기도 안성시 원곡면 만세로 1260","17553","주식회사 락앤락","2017-11-13 18:03:00","I","2018-08-31 23:59:59","그 밖의 대규모점포","212484.621566391","393724.819512457","대규모점포"
"4054","대규모점포","08_25_01_P","3020000","2025302020307500002","2025-05-29","","01","영업/정상","5","영업개시전","","","","","02-380-5042","337.45","","서울특별시 용산구 이태원동 254-5 일각빌딩","서울특별시 용산구 회나무로13길 20-4, 일각빌딩 1층 (이태원동)","04344","이마트에브리데이 이태원점","2025-05-29 17:11:39","I","2025-05-31 00:20:02","구분없음","199034.580692003","448669.474748983","준대규모점포"
"4055","대규모점포","08_25_01_P","4060000","2025406050707500001","2025-05-26","","01","영업/정상","5","영업개시전","","","","","031-940","70592.43","","경기도 파주시 와동동 1471-2","경기도 파주시 와석순환로515번길 70 (와동동)","10896","스타필드 빌리지 운정","2025-06-02 11:12:08","U","2025-06-04 02:40:00","쇼핑센터","179232.340113879","469528.61287477","대규모점포"
"4057","대규모점포","08_25_01_P","6520000","2025652017807500001","2025-06-05","","01","영업/정상","5","영업개시전","","","","","064-702-4867","444.65","","제주특별자치도 서귀포시 서홍동 397-7","","","노브랜드 서귀포서홍점","2025-06-05 14:12:36","I","2025-06-08 00:20:43","구분없음","158919.327259372","-26519.9921763733","준대규모점포"
"4058","대규모점포","08_25_01_P","3330000","2025333020707500001","2025-06-30","","01","영업/정상","5","영업개시전","","","","","051-783-3407","335.2","","부산광역시 해운대구 재송동 939-18","부산광역시 해운대구 해운대로76번길 65, 1층 (재송동)","48048","GS더프레시 부산센텀점","2025-07-23 09:56:25","U","2025-07-25 02:40:00","구분없음","392754.699254485","189947.341143994","준대규모점포"
"4059","대규모점포","08_25_01_P","3010000","2025301024107500001","2025-06-05","","01","영업/정상","5","영업개시전","","","","","02-2184-7386","5432.37","","서울특별시 중구 충무로1가 21-17","서울특별시 중구 명동8나길 38 (충무로1가)","04535","Chapter M","2025-06-05 15:34:55","I","2025-06-08 00:20:43","그 밖의 대규모점포","198403.083197305","451049.012425837","대규모점포"
"4060","대규모점포","08_25_01_P","3460000","2025346019707500002","2025-07-17","","01","영업/정상","5","영업개시전","","","","","000-0000-0000","294.2","","대구광역시 수성구 신매동 30-5 시지 효성 백년가약 1단지","대구광역시 수성구 달구벌대로 3280 (신매동, 시지 효성 백년가약 1단지)","42278","GS THE FRESH(대구사월역점)","2025-07-21 09:25:51","U","2025-07-23 02:40:00","구분없음","354859.878411554","260997.43642367","준대규모점포"
"4063","대규모점포","08_25_01_P","3140000","2022314016707500002","2022-10-04","","01","영업/정상","5","영업개시전","","","","","02-3459-8016","254.4","","서울특별시 양천구 신정동 86-1","서울특별시 양천구 목동동로 196(신정동)","08010","홈플러스 익스프레스 오목교점","2022-10-05 13:25:45","I","2022-10-07 00:22:25","구분없음","188565.074701959","446750.881633578","준대규모점포"
"4064","대규모점포","08_25_01_P","3900000","2021390026407500001","2021-03-05","","01","영업/정상","5","영업개시전","","","","","031-780-8436","28985.96","","경기도 광명시 일직동 512-3","","","광명역세권택지개발지구복합단지판매시설D멀티플렉스AK PLAZA","2021-03-06 15:41:10","I","2021-03-07 00:23:00","쇼핑센터","189541.850018502","435187.738812827",""
"4065","대규모점포","08_25_01_P","4490000","2021449037507500001","2021-02-10","","01","영업/정상","5","영업개시전","","","","","070-4060-4128","8226","","충청남도 천안시 서북구 쌍용동 1367","충청남도 천안시 서북구 월봉로 95 (쌍용동)","31171","맘마마트 천안점","2021-02-10 10:34:59","I","2021-02-12 00:23:02","대형마트","210350.365980618","366539.832359485","대규모점포"
"4066","대규모점포","08_25_01_P","3460000","2021346017707500001","2021-03-16","","01","영업/정상","5","영업개시전","","","","","053-751-8171","16113.81","","대구광역시 수성구 범어동 2262","대구광역시 수성구 범어천로 214 (범어동)","42009","범어더리브스퀘어","2021-03-16 13:35:14","I","2021-03-18 00:22:59","그 밖의 대규모점포","346156.236130463","263891.010201724","대규모점포"
"4067","대규모점포","08_25_01_P","5350000","2021535030107500001","2021-04-14","","01","영업/정상","5","영업개시전","","","","","0226302671","13218.95","","경상남도 김해시 주촌면 천곡리 1522","경상남도 김해시 주촌면 선천남로 16","51025","코스트코 홀세일 김해점","2023-01-05 14:17:08","U","2023-01-07 02:40:00","대형마트","367301.545291311","194456.567656158","대규모점포"
"4068","대규모점포","08_25_01_P","3220000","2021322024907500001","2021-03-19","","01","영업/정상","5","영업개시전","","","","","","7511.51","","서울특별시 강남구 역삼동 676 센터필드","서울특별시 강남구 테헤란로 231, 센터필드 (역삼동)","06142","더 샵스 앳 센터필드 (THE SHOPS AT CENTERFIELD)","2021-03-22 19:43:27","U","2021-03-24 02:40:00","그 밖의 대규모점포","203599.062771687","444556.062267296","대규모점포"
"4069","대규모점포","08_25_01_P","5350000","2021535030107500002","2021-04-16","","01","영업/정상","5","영업개시전","","","","","0226302671","13218.95","","경상남도 김해시 주촌면 주촌선천지구 도시개발구역 30B 8L","","","코스트코 홀세일 김해점","2021-04-16 09:57:40","I","2021-04-18 00:22:58","대형마트","","","대규모점포"
"4071","대규모점포","08_25_01_P","5690000","2018569020007500002","2018-07-06","","01","영업/정상","5","영업개시전","","","","","","11320.61","","세종특별자치시 어진동 521번지 외 1필지","","","KT&G Mall 세종B관 / C관","2024-06-10 17:53:55","U","2024-06-12 02:40:00","그 밖의 대규모점포","222931.318889738","333304.116319079","대규모점포"
"4074","대규모점포","08_25_01_P","5350000","2025535037407500001","2025-02-19","","01","영업/정상","5","영업개시전","","","","","","139.8","","경상남도 김해시 신문동 506-4","경상남도 김해시 장유로334번길 19, 1층 (신문동)","51001","롯데슈퍼 김해신문점","2025-02-20 10:04:15","I","2025-02-22 00:10:41","구분없음","365234.115430595","189991.977884807","준대규모점포"
"4075","대규모점포","08_25_01_P","3240000","2025324028907500004","2025-03-11","","01","영업/정상","5","영업개시전","","","","","02-380-5042","1381.15","","서울특별시 강동구 둔촌동 174-1 B102,B103호","","","(주)이마트에브리데이 둔촌점","2025-03-11 09:32:28","I","2025-03-13 00:11:06","구분없음","212027.481158905","446598.591776331","준대규모점포"
"4076","대규모점포","08_25_01_P","3240000","2025324028907500002","2025-03-11","","01","영업/정상","5","영업개시전","","","","","","1488.69","","서울특별시 강동구 둔촌동 170-1","","","하나로마트 둔촌점","2025-03-11 09:54:24","I","2025-03-13 00:11:06","구분없음","212195.109947109","447197.273286818","준대규모점포"
"4077","대규모점포","08_25_01_P","5350000","2025535037407500002","2001-06-03","","01","영업/정상","5","영업개시전","","","","","313-4391","1265.9","","경상남도 김해시 부곡동 1160-2","경상남도 김해시 능동로167번길 7 (부곡동)","50981","GS THE FRESH 장유점","2025-04-16 16:41:43","I","2025-04-18 00:10:33","구분없음","364626.145566326","190853.956405169","준대규모점포"
"4078","대규모점포","08_25_01_P","3510500","2025351057907500001","2025-04-02","","01","영업/정상","5","영업개시전","","","","","032-000-0000","126","","인천광역시 미추홀구 숭의동 360-2","","","GS THE FRESH 숭의역점","2025-04-03 13:38:29","U","2025-04-05 02:40:00","그 밖의 대규모점포","168066.488372837","439990.139451996","준대규모점포"
"4080","대규모점포","08_25_01_P","5440000","2023544022207500001","2023-12-20","","01","영업/정상","5","영업개시전","","","","","055-882-8820","654.54","","경상남도 하동군 화개면 탑리 763-2","경상남도 하동군 화개면 섬진강대로 4028, 지하층 B101호","52303","롯데슈퍼 화개장터 가맹점","2023-12-20 15:10:20","I","2023-12-23 00:16:40","그 밖의 대규모점포","256883.571774541","187744.995324822","준대규모점포"
"4081","대규모점포","08_25_01_P","3910000","2023391041807500003","2023-12-27","","01","영업/정상","5","영업개시전","","","","","031-668-9372","23840.71","","경기도 평택시 장당동 153-1","","","평택고덕2차아이파크","2023-12-28 18:19:10","I","2023-12-30 00:16:41","쇼핑센터","206062.586095977","392749.494890103","대규모점포"
"4082","대규모점포","08_25_01_P","5670000","2008567057407500002","2008-07-03","","01","영업/정상","5","영업개시전","","","","","080-345-7700","1209","","경상남도 창원시 진해구 자은동 924-2","경상남도 창원시 진해구 덕산로61번길 31 (자은동)","51647","(주)지에스리테일 GS더프레시 진해자은점","2025-04-08 15:58:13","U","2025-04-10 02:40:00","그 밖의 대규모점포","355375.865963172","184627.955500469","준대규모점포"
"4084","대규모점포","08_25_01_P","4050000","2013405028807500002","2013-01-03","","01","영업/정상","5","영업개시전","","","","","031 289 5602","13960.94","446-902","경기도 용인시 기흥구 공세동 734번지 1호","경기도 용인시 기흥구 탑실로 38-0 (공세동)","446-902","코스트코 홀세일 공세점","2021-03-17 18:19:50","U","2021-03-19 02:40:00","대형마트","209595.481846485","415153.934258813","대규모점포"
"4085","대규모점포","08_25_01_P","3910000","2011391024407500002","2011-11-25","","01","영업/정상","5","영업개시전","","2024-09-11","2025-09-10","2025-09-11","031-686-5601","887.6","451-885","경기도 평택시 안중읍 현화리 323번지 1호","경기도 평택시 안중읍 안중믿음길 50-6","451-885","롯데슈퍼 주식회사 미친데이 안중점","2025-04-25 16:06:20","U","2025-04-27 02:40:00","구분없음","192967.232439378","387072.994089902","준대규모점포"
"4086","대규모점포","08_25_01_P","3930000","2018393028707500001","2018-12-24","","01","영업/정상","5","영업개시전","","","","","","129.79","","경기도 안산시 단원구 고잔동 532번지","경기도 안산시 단원구 고잔로 67, 힐스테이트중앙 A동 101호 (고잔동)","15351","GS슈퍼마켓 안산고잔점","2018-12-24 14:42:40","I","2018-12-26 02:20:29","구분없음","185324.208806538","424231.908617811","준대규모점포"
"4088","대규모점포","08_25_01_P","3460000","2025346019707500001","2025-02-06","","01","영업/정상","5","영업개시전","","","","","","185.2","","대구광역시 수성구 신매동 566-3 시지 코오롱하늘채 스카이뷰","대구광역시 수성구 고산로 101, 시지 코오롱하늘채 스카이뷰 1-14,15.16호 (신매동)","42257","롯데슈퍼 대구신매 가맹점","2025-02-06 16:51:22","I","2025-02-08 00:10:53","구분없음","353893.90529968","261327.132869664","준대규모점포"
"4089","대규모점포","08_25_01_P","3140000","2025314027207500001","2025-01-20","","01","영업/정상","5","영업개시전","","","","","","258","","서울특별시 양천구 목동 547-12","서울특별시 양천구 목동중앙본로 95 (목동)","07953","GS THE FRESH 양천목2동점","2025-01-20 16:53:45","I","2025-01-22 00:11:07","구분없음","188456.486375706","449112.890911306","준대규모점포"
"4090","대규모점포","08_25_01_P","3070000","2025307029907500001","2025-01-15","","01","영업/정상","5","영업개시전","","","","","02-2006-2364","329","","서울특별시 성북구 보문동2가 79 신한은행보문동지점","서울특별시 성북구 보문로 121, 신한은행보문동지점 1층 일부 (보문동2가)","02871","GS더프레시 보문역사거리점","2025-05-12 10:39:29","U","2025-05-14 02:40:00","구분없음","201572.041303407","453729.457829945","준대규모점포"
"4094","대규모점포","08_25_01_P","4490000","2006449013107500001","2006-03-21","","01","영업/정상","BBBB","","","","","","041 522 6020","0","","충청남도 천안시 사직동 55번지 2   호","","","(주)데카플러스","2007-06-30 10:52:49","I","2018-08-31 23:59:59","쇼핑센터","","",""
"4095","대규모점포","08_25_01_P","3830000","1991383006207500001","1991-03-20","","01","영업/정상","BBBB","","","","","","031 4493430","952.53","","경기도 안양시만안구 안양동 622번지 337호","경기도 안양시 만안구 안양로248번길 23 (안양동)","","중부농수산물(주)","2007-06-23 14:33:26","I","2018-08-31 23:59:59","그 밖의 대규모점포","","",""
"4096","대규모점포","08_25_01_P","4050000","2003405008307500002","2003-08-09","","01","영업/정상","BBBB","","","","","","02  380 5231","11448","","경기도 용인시수지구 고기동 호 17블럭","","","신세계 이마트 수지점","2007-07-21 11:11:05","I","2018-08-31 23:59:59","대형마트","","",""
"4097","대규모점포","08_25_01_P","3430000","2001343001007500001","2001-08-27","","01","영업/정상","BBBB","","","","","","053  6089130","9375","","대구광역시 서구 비산동 1612번지 3호 외9필지","","","월마트 비산점","2007-06-30 11:12:41","I","2018-08-31 23:59:59","대형마트","","",""
"4098","대규모점포","08_25_01_P","4030000","2002403006007500001","2002-06-17","","01","영업/정상","BBBB","","","","","","","11003.35","","경기도 의왕시 고천동 호","","","롯데쇼핑(주) 롯데마트 의왕점","2007-07-21 10:09:54","I","2018-08-31 23:59:59","대형마트","","",""
"4099","대규모점포","08_25_01_P","4030000","2002403006007500002","2002-06-17","","01","영업/정상","BBBB","","","","","","","11003.35","","경기도 의왕시 내손동 743호","","","롯데쇼핑(주) 롯데마트 의왕점","2007-07-21 10:09:54","I","2018-08-31 23:59:59","대형마트","197598.213989563","430907.769943711",""
"4103","대규모점포","08_25_01_P","4810000","2001481001907500002","2001-12-20","","01","영업/정상","BBBB","","","","","","061 6501001","8619","","전라남도 여수시 오림동 405번지 1호","전라남도 여수시 좌수영로 277 (오림동)","","신세계 이마트 여수점","2007-07-21 13:39:11","I","2018-08-31 23:59:59","대형마트","265386.473014616","140174.042858943",""
"4105","대규모점포","08_25_01_P","6510000","2002549007507500002","2002-04-25","","01","영업/정상","BBBB","","","","","","","0","","제주특별자치도 제주시 노형동 708호","제주특별자치도 제주시 연북로 1 (노형동)","","(주)뉴월드","2007-06-30 13:46:00","I","2018-08-31 23:59:59","대형마트","151724.182129656","-1426.12446748641",""
"4109","대규모점포","08_25_01_P","3600000","1999360000007500009","1993-12-28","","01","영업/정상","BBBB","","","","","","062 3632362","3087.63","","광주광역시 서구 화정동 780호","광주광역시 서구 화운로156번길 29 (화정동)","","서부코아","2007-07-21 10:15:34","I","2018-08-31 23:59:59","대형마트","188975.873219315","183821.474590052",""
"4112","대규모점포","08_25_01_P","3940000","2000394000007500009","1996-11-06","","01","영업/정상","BBBB","","","","","","031 9069100","12885.27","","경기도 고양시일산동구 장항동 902호","","","까르푸일산점","2007-06-30 13:26:54","I","2018-08-31 23:59:59","대형마트","180458.844874681","460748.278360947",""
"4113","대규모점포","08_25_01_P","3940000","2000394000007500012","1996-12-31","","01","영업/정상","BBBB","","","","","","0344 9005903","11810.25","","경기도 고양시일산서구 덕이동 203-3호","","","월마트코리아(주)","2007-06-30 13:26:54","I","2018-08-31 23:59:59","대형마트","","",""
"4115","대규모점포","08_25_01_P","3170000","2003317008307500002","2003-10-02","","01","영업/정상","BBBB","","","","","","0234598000","26776","","서울특별시 금천구 독산동 291번지 7호","서울특별시 금천구 시흥대로 391 (독산동)","","삼성테스코(주)홈플러스 금천점","2007-07-07 11:59:15","I","2018-08-31 23:59:59","대형마트","190809.507840375","440728.382273075",""
"4116","대규모점포","08_25_01_P","3170000","2003317008307500003","2003-10-17","","01","영업/정상","BBBB","","","","","","02  34598000","26776.55","","서울특별시 금천구 독산동 291번지 7호","서울특별시 금천구 시흥대로 391 (독산동)","","삼성테스코(주)홈플러스 금천점","2007-07-07 11:59:15","I","2018-08-31 23:59:59","대형마트","190809.507840375","440728.382273075",""
"4118","대규모점포","08_25_01_P","3600000","2001360001207500002","2001-08-22","","01","영업/정상","BBBB","","","","","","062 375 2032","3596","","광주광역시 서구 치평동 1208번지 5호","광주광역시 서구 운천로 263 (치평동)","","E-PLAZA","2007-07-21 10:15:34","I","2018-08-31 23:59:59","그 밖의 대규모점포","186638.794934674","184073.933211657",""
"4119","대규모점포","08_25_01_P","3990000","2002399008907500001","2002-07-10","","01","영업/정상","BBBB","","","","","","031 575 3900","5791","","경기도 남양주시 오남읍 오남리 203번지 7호","","","(주)마트링크","2007-07-14 10:36:00","I","2018-08-31 23:59:59","대형마트","","",""
"4120","대규모점포","08_25_01_P","3290000","2000329000107500037","1999-07-06","","01","영업/정상","BBBB","","","","","","051 6051000","50469","","부산광역시 부산진구 전포동 891-38호","","","한국까프푸","2007-07-14 10:43:12","I","2018-08-31 23:59:59","쇼핑센터","","",""
"4123","대규모점포","08_25_01_P","5710000","2002436000907500002","2002-08-22","","01","영업/정상","BBBB","","","","","","02 20062679","7957.09","","충청북도 청주시 상당구 용암동 2419번지","충청북도 청주시 상당구 용암북로84번길 13-2  (용암동)","","엘지마트 상당점","2007-07-21 10:53:51","I","2018-10-04 11:12:49","그 밖의 대규모점포","245406.566833259","346480.868334899",""
"4125","대규모점포","08_25_01_P","3660000","1997366001507500032","1997-09-30","","01","영업/정상","BBBB","","","","","","042 4809210","11335","","대전광역시 서구 월평동 510호","대전광역시 서구 한밭대로 580 (월평동)","","월마트대전점","2007-06-23 10:15:16","I","2018-08-31 23:59:59","대형마트","232507.184505762","317488.107936776",""
"4126","대규모점포","08_25_01_P","3660000","2001366001507500001","2001-10-22","","01","영업/정상","BBBB","","","","","","042  4835005","12057","","대전광역시 서구 만년동 299호","","","테크노월드","2007-06-23 10:15:16","I","2018-08-31 23:59:59","그 밖의 대규모점포","","",""
"4128","대규모점포","08_25_01_P","3240000","2002324007307500001","2002-11-20","","01","영업/정상","BBBB","","","","","","000204296240","8659.77","","서울특별시 강동구 명일동 46번지 4호","","","신세계 이마트 명일점","2007-06-30 10:04:31","I","2018-08-31 23:59:59","대형마트","213700.877714971","450278.100930843",""
"4129","대규모점포","08_25_01_P","3160000","1999316007107500001","1999-07-27","","01","영업/정상","BBBB","","","","","","","7671","","서울특별시 구로구 구로동 188번지 26  호","","","이마트구로점","2007-07-07 09:54:17","I","2018-08-31 23:59:59","대형마트","","",""
"4131","대규모점포","08_25_01_P","3860000","2002386010707500001","2002-03-29","","01","영업/정상","BBBB","","","","","","02  34681110","13770","","경기도 부천시 원미구중동 1157호","경기도 부천시 원미구 석천로 188 (중동)","","월마트슈퍼센타 중동점","2007-07-14 11:14:27","I","2024-01-02 00:16:32","대형마트","179059.890468202","444675.160533494",""
"4132","대규모점포","08_25_01_P","3610000","2000361001207500003","1995-05-27","","01","영업/정상","BBBB","","","","","1995-05-27","062 650 2281","3558","","광주광역시 남구 주월동 408번지 1호","광주광역시 남구 서문대로 745 (주월동)","","빅마트","2007-07-14 11:05:22","I","2018-08-31 23:59:59","대형마트","190571.312577428","180762.465501101",""
