name,brand,category,address,lat,lng,phone
하나프러스,,HYPERMARKET,대구광역시 북구 팔달로 183,35.88558579,128.57258774,
홈플러스 칠곡IC점,홈플러스,HYPERMARKET,대구광역시 북구 관음동 1369,35.93224836,128.54255146,053 3203000
(주)홈플러스 칠곡점,홈플러스,HYPERMARKET,대구광역시 북구 동암로12길 8,35.94185774,128.55816404,053-607-8000
신세계이마트 칠성점,,HYPERMARKET,대구광역시 북구 침산로 93,35.88191610,128.59231690,053 6091052
(주)스펙트럼시티,,HYPERMARKET,대구광역시 북구 침산로 93,35.88191610,128.59231690,213-6011
EXCO Mall,,HYPERMARKET,대구광역시 북구 엑스코로 10,35.90401909,128.61534074,6015057
한신공영(주),,HYPERMARKET,대구광역시 북구 동암로 90,35.94111851,128.56255528,053-310-8891
홈플러스(주)익스프레스 구암2점,홈플러스,HYPERMARKET,대구광역시 북구 구암로32길 6-10,35.92822029,128.55924729,053-326-8545
롯데백화점 대구점,,HYPERMARKET,대구광역시 북구 태평로 161,35.87280306,128.59813651,0536601610
(주)이마트 칠성점,,HYPERMARKET,대구광역시 북구 침산로 93,35.88191610,128.59231690,053 6091050
롯데쇼핑(주)롯데슈퍼 복현점,롯데슈퍼,HYPERMARKET,대구광역시 북구 검단로 8,35.89493977,128.61782601,053-381-5602
이랜드리테일 NC 중앙로역점,,HYPERMARKET,대전광역시 중구 중앙로 141,36.32582132,127.42745093,718-2422
코스트코 홀세일 대전점,코스트코,HYPERMARKET,대전광역시 중구 오류로 41,36.32105450,127.40561870,042 539 1060
홈플러스(주) 문화점,홈플러스,HYPERMARKET,대전광역시 중구 계백로 1690,36.31730252,127.40985133,042 226 2080
홈플러스(주)익스프레스 오류점,홈플러스,HYPERMARKET,대전광역시 중구 계룡로 858,36.32127237,127.41197232,042 525 8848
홈플러스(주)익스프레스 유천점,홈플러스,HYPERMARKET,대전광역시 중구 평촌로 58,36.31824375,127.39571514,042 528 8543
롯데쇼핑(주)롯데마트화명점,롯데마트,HYPERMARKET,부산광역시 북구 화명대로 47 (화명동,35.23209488,129.01524752,051-604-2552
(주)메가마트 덕천점,,HYPERMARKET,부산광역시 북구 기찰로 164,35.21109430,129.02469608,241-6000
(주) 지에스리테일 구포점,,HYPERMARKET,부산광역시 북구 낙동대로1780번길 106,35.20269091,129.00586380,342-1114
(주)지에스리테일 만덕점,,HYPERMARKET,부산광역시 북구 덕천로 188,35.20719463,129.02651473,711-7100
탑마트 구포점,,HYPERMARKET,부산광역시 북구 백양대로 1052,35.19595102,128.99923919,051-331-3000
마트월드,,HYPERMARKET,부산광역시 사상구 낙동대로 910,35.13876694,128.97322657,051-310-0701
홈플러스(주)서부산점,홈플러스,HYPERMARKET,부산광역시 사상구 광장로 7,35.16120756,128.98006210,051-609-8094
성황리마트,,HYPERMARKET,부산광역시 사상구 대동로 95,35.13536410,128.98008252,051 3121500
(주)르네시떼,,HYPERMARKET,부산광역시 사상구 광장로 7,35.16120756,128.98006210,051 3195000
(주)이마트 사상점,,HYPERMARKET,부산광역시 사상구 광장로 17,35.16108342,128.98112691,051 329 1053
(주)미래도시(경동윈츠빌),,HYPERMARKET,부산광역시 사상구 냉정로 120,35.14626835,129.01554151,051 3221871
홈플러스(주)익스프레스모라점,홈플러스,HYPERMARKET,부산광역시 사상구 모라로 116,35.18271900,128.99449484,0513282862
홈플러스(주) 안동점,홈플러스,HYPERMARKET,경상북도 안동시 경동로 656,36.55965058,128.73179659,0548408300
(주)이마트 안동점,,HYPERMARKET,경상북도 안동시 옥동1길 2,36.55557076,128.70163011,054 850 1250
롯데마트 울산점,롯데마트,HYPERMARKET,울산광역시 남구 삼산로 74,35.53053701,129.31808585,052 228 2511
GS슈퍼 울산옥동점,,HYPERMARKET,울산광역시 남구 문수로 385,35.53164154,129.29787144,052-256-8441
(주)지에스리테일 울산신정점,,HYPERMARKET,울산광역시 남구 동산로29번길 4-0,35.53327580,129.30161717,02-2006-2422
홈플러스 주식회사 울산남구점,홈플러스,HYPERMARKET,울산광역시 남구 수암로 148,35.52334772,129.32509478,052 270 8124
(주)현대백화점 울산점,,HYPERMARKET,울산광역시 남구 삼산로 261,35.53658223,129.33807897,052 228 2233
(주)신세계이마트울산점,,HYPERMARKET,울산광역시 남구 남중로 48,35.53499427,129.35067584,052 2201052
(주)이마트 울산점,,HYPERMARKET,울산광역시 남구 남중로 48,35.53499427,129.35067584,052 220 1052
롯데백화점 울산점,,HYPERMARKET,울산광역시 남구 삼산로 288,35.53540712,129.34062392,052-960-2812
(주)지에스리테일 천안점,,HYPERMARKET,충청남도 천안시 동남구 충절로 148,36.80250953,127.16050332,041 565 2090
롯데쇼핑(주)롯데슈퍼 신부점,롯데슈퍼,HYPERMARKET,충청남도 천안시 동남구 신부7길 5-1,36.81238285,127.16067513,041 622 5601
코스트코 홀세일 천안점,코스트코,HYPERMARKET,충청남도 천안시 서북구 3공단6로 77,36.83973055,127.10737361,02-2630-2764
롯데쇼핑(주)롯데마트천안점,롯데마트,HYPERMARKET,충청남도 천안시 서북구 월봉로 95,36.79730999,127.11887802,041 5852500
롯데슈퍼안면도점,롯데슈퍼,HYPERMARKET,충청남도 태안군 안면읍 방포로 35,36.51117496,126.34537766,673-0470
이마트 천안점,,HYPERMARKET,충청남도 천안시 서북구 충무로 187,36.79317533,127.12935205,041 620 1052
롯데쇼핑(주)롯데마트성정점,롯데마트,HYPERMARKET,충청남도 천안시 서북구 성정두정로 1,36.82336440,127.14210775,041 629 8513
홈플러스 천안점,홈플러스,HYPERMARKET,충청남도 천안시 동남구 천안대로 574,36.79631494,127.16756649,041-731-8152
한화갤러리아(주) 센터시티,,HYPERMARKET,충청남도 천안시 서북구 공원로 227,36.79757321,127.10679352,041-411-5018
이마트  천안터미널점,,HYPERMARKET,충청남도 천안시 동남구 만남로 43,36.81739960,127.15881804,041 411 1234
이마트 서북점,,HYPERMARKET,충청남도 천안시 서북구 삼성대로 20,36.83565830,127.12428494,02 380 9422
롯데쇼핑(주)롯데마트 홍성점,롯데마트,HYPERMARKET,충청남도 홍성군 홍성읍 조양로247번길 9,36.59816624,126.67834514,041-339-2500
홈플러스 주식회사(계룡점),홈플러스,HYPERMARKET,충청남도 계룡시 계룡대로 304,36.27104812,127.25925639,042 550 8114
이마트 하남점,,HYPERMARKET,경기도 하남시 덕풍서로 70,37.54995173,127.20748221,02-380-5234
(주)이마트평촌점,,HYPERMARKET,경기도 안양시 동안구 시민대로 300,37.39195991,126.96621092,031 687 1052
롯데쇼핑(주)롯데백화점 평촌점,,HYPERMARKET,경기도 안양시 동안구 시민대로 180 (호계동,37.38741091,126.95257797,031-450-2500
롯데쇼핑(주)롯데마트 경기양평점,롯데마트,HYPERMARKET,경기도 양평군 남북로 76-0,37.48663921,127.50476535,02-2145-8000
(주)이마트에브리데이 영북점,이마트 에브리데이,HYPERMARKET,경기도 포천시 영북면 영북로 178,38.08740395,127.27730318,031-532-5327
홈플러스(주),홈플러스,HYPERMARKET,경기도 포천시 소흘읍 솔모루로 9,37.82152097,127.14340559,031 540-7182
(주)이마트 포천점,,HYPERMARKET,경기도 포천시 호국로 915,37.84519971,127.16223793,031-540-1201
롯데쇼핑(주) 롯데슈퍼 포천일동점,롯데슈퍼,HYPERMARKET,경기도 포천시 일동면 화동로 1072,37.95602376,127.32123048,(031)533-5601~4
(주) 신세계 사우스시티,,HYPERMARKET,경기도 용인시 수지구 포은대로 536,37.32218326,127.11024671,695-1043
(주)지에스리테일 용인점,,HYPERMARKET,경기도 용인시 처인구 금령로55번길 12,37.23309873,127.20499229,031-337-2033
롯데마트장암점,롯데마트,HYPERMARKET,경기도 의정부시 장곡로 224,37.72097141,127.05541837,031 849-2520
코스트코 홀세일 의정부점,코스트코,HYPERMARKET,경기도 의정부시 용민로489번길 9,37.74854134,127.12130211,0318503300
롯데쇼핑(주) 마그넷 의정부점,,HYPERMARKET,경기도 의정부시 산단로76번길 116,37.74005014,127.08637542,031 8502511
이마트 의정부점,,HYPERMARKET,경기도 의정부시 민락로 210 (민락동,37.74038432,127.10446154,850-1251
(주)이마트 스타필드 마켓 죽전점,,HYPERMARKET,경기도 용인시 수지구 포은대로 552,37.32255243,127.11204107,003108881052
롯데쇼핑(주)롯데슈퍼 오산점,롯데슈퍼,HYPERMARKET,경기도 오산시 대원로15번길 17,37.14504038,127.07195002,031-375-5602
홈플러스(주)오산점,홈플러스,HYPERMARKET,경기도 오산시 청학로 238,37.16729187,127.06389488,03180778924
(주)이마트 용인점,,HYPERMARKET,경기도 용인시 처인구 명지로 53,37.22856190,127.19129316,003103261052
롯데마트 터미널점,롯데마트,HYPERMARKET,충청남도 아산시 번영로 225,36.78184857,127.01791685,041-570-2521
노브랜드 강서가양점,노브랜드,HYPERMARKET,서울특별시 강서구 양천로 410,37.56226588,126.84865304,02-3665-7661
이마트에브리데이 마곡점,이마트 에브리데이,HYPERMARKET,서울특별시 강서구 마곡서로 158,37.56531133,126.82751684,02-2039-8337
롯데쇼핑㈜ 마켓999 양천향교역가맹점,,HYPERMARKET,서울특별시 강서구 양천로 344,37.56549657,126.84245169,02-3664-6600
㈜이마트에브리데이 양천향교역점,이마트 에브리데이,HYPERMARKET,서울특별시 강서구 허준로 16-12,37.56712672,126.84531977,02-2063-3690
노브랜드 강서마곡점,노브랜드,HYPERMARKET,서울특별시 강서구 마곡서로 101,37.55989114,126.82569392,02-2667-0151
IFC부산 오슬로파크,,HYPERMARKET,부산광역시 남구 전포대로 133,35.14519308,129.06769840,051-647-9620
김포농협 농수축산물판매장,,HYPERMARKET,경기도 김포시 홍도평로 20,37.62892540,126.71502745,031-984-2811
GS수퍼마켓 청주방서점,,HYPERMARKET,충청북도 청주시 상당구 단재로 316,36.59835730,127.50318382,043-287-8374
GS THE FRESH 장유신문점,,HYPERMARKET,경상남도 김해시 장유로334번길 58,35.19047457,128.81386893,
롯데프레시 청주지웰가맹점,롯데프레시,HYPERMARKET,충청북도 청주시 흥덕구 대농로 47-1,36.64012446,127.43132520,
강현농협 하나로마트,하나로마트,HYPERMARKET,강원특별자치도 양양군 강현면 물치천로 14,38.15106404,128.60817478,033-671-5810
GS THE FRESH 성동텐즈힐점,,HYPERMARKET,서울특별시 성동구 마장로 137,37.56656627,127.02682007,02-2297-5180
홈플러스 주식회사 동촌점,홈플러스,HYPERMARKET,대구광역시 동구 동촌로 127,35.88322603,128.65786273,053-559-2080
(주)지에스리테일 GS수퍼 본리점,,HYPERMARKET,대구광역시 달서구 장기로 167,35.83997221,128.54410879,655-6933
(주)지에스리테일 GS수퍼 대구월곡점,,HYPERMARKET,대구광역시 달서구 상화북로 187,35.81040904,128.54825184,632-7744
롯데백화점 상인점,,HYPERMARKET,대구광역시 달서구 월배로 232 (상인동,35.81595283,128.54161881,053 258 1606
홈플러스(주),홈플러스,HYPERMARKET,대구광역시 서구 달구벌대로 1821,35.85736308,128.56606119,053-567-2080
코스트코 홀세일 대구점,코스트코,HYPERMARKET,대구광역시 동구 신서동 1187번지,35.87421755,128.73293348,02-2630-2828
(주)이마트에브리데이 방촌동점,이마트 에브리데이,HYPERMARKET,대구광역시 동구 동촌로45길 5,35.87945628,128.66725523,053-985-8661
(주)신세계 동대구복합환승센터,,HYPERMARKET,대구광역시 동구 동부로 149,35.87484413,128.63122785,053-749-3593
(주)이마트 반야월점,,HYPERMARKET,대구광역시 동구 안심로 389-2,35.86779021,128.72965052,053-665-1052
(주)이마트 월배점,,HYPERMARKET,대구광역시 달서구 진천로 92,35.81408156,128.52608487,607-1300
홈플러스(주) 익스프레스 용산2점,홈플러스,HYPERMARKET,대구광역시 달서구 성지로 27,35.85088731,128.52069834,053 586 8545
홈플러스(주) 익스프레스 상인점,홈플러스,HYPERMARKET,대구광역시 달서구 송현로7길 19,35.81766828,128.54905729,053 631 8545
홈플러스(주) 익스프레스 용산점,홈플러스,HYPERMARKET,대구광역시 달서구 용산로 220,35.85415775,128.53302896,053 525 8546
홈플러스(주) 익스프레스 감삼점,홈플러스,HYPERMARKET,대구광역시 달서구 당산로 83,35.84199135,128.54647040,0535538546
(주)이마트 성서점,,HYPERMARKET,대구광역시 달서구 이곡동로 24,35.85068734,128.51235764,605-1234
홈플러스(주) 성서점,홈플러스,HYPERMARKET,대구광역시 달서구 달구벌대로 1467,35.84646974,128.52968062,550 8124
홈플러스(주)  상인점,홈플러스,HYPERMARKET,대구광역시 달서구 월배로 183,35.81516377,128.53563108,053 3808124
(주)이마트 만촌점,,HYPERMARKET,대구광역시 수성구 동원로 136,35.86829674,128.63907426,053-602-1052
롯데쇼핑(주)롯데슈퍼 수성점,롯데슈퍼,HYPERMARKET,대구광역시 수성구 수성로 227,35.84290016,128.61447517,0537645601
홈플러스 대구 수성점,홈플러스,HYPERMARKET,대구광역시 수성구 동대구로 95,35.83579704,128.62543613,768-0167
(주)이마트에브리데이 신탄진점,이마트 에브리데이,HYPERMARKET,대전광역시 대덕구 대청로 62,36.44979629,127.43726941,042-716-2341
홈플러스 주식회사 익스프레스 송촌점,홈플러스,HYPERMARKET,대전광역시 대덕구 동춘당로94번길 11-15,36.36311463,127.44156133,042-634-8545
엑스포코아,,HYPERMARKET,대전광역시 유성구 엑스포로 488,36.39705111,127.40788504,042-862-8118
롯데쇼핑(주) 롯데마트 서대전점,롯데마트,HYPERMARKET,대전광역시 유성구 유성대로 26-37,36.29877448,127.32537081,042-540-2500
홈플러스(주)유성점,홈플러스,HYPERMARKET,대전광역시 유성구 한밭대로 502,36.35553000,127.35646266,042-841-2080
롯데쇼핑(주)롯데마트 대덕테크노밸리점,롯데마트,HYPERMARKET,대전광역시 유성구 테크노중앙로 14,36.42390336,127.38894250,042-930-2500
롯데쇼핑(주)롯데마트 노은점,롯데마트,HYPERMARKET,대전광역시 유성구 북유성대로 206,36.38126609,127.32380523,042-525-2500
트레이더스 홀세일 클럽 연산점,트레이더스,HYPERMARKET,부산광역시 연제구 좌수영로 241,35.18205263,129.11427607,051-968-5652
(주)이마트 연제점,,HYPERMARKET,부산광역시 연제구 연수로 89,35.17304705,129.08357330,051-860-1050
홈플러스 주식회사 아시아드점,홈플러스,HYPERMARKET,부산광역시 연제구 종합운동장로 7,35.18782514,129.06368060,0515008000
홈플러스(주) 익스프레스 부산연제점,홈플러스,HYPERMARKET,부산광역시 연제구 배산로 10,35.17107498,129.09542031,051-867-8548
홈플러스(주) 익스프레스 토곡점,홈플러스,HYPERMARKET,부산광역시 연제구 과정로 226,35.18499563,129.10466668,051-751-8565
홈플러스(주) 김해점,홈플러스,HYPERMARKET,경상남도 김해시 김해대로 2078,35.23875503,128.87242262,055-320-8023
롯데쇼핑(주) 롯데마트장유점,롯데마트,HYPERMARKET,경상남도 김해시 번화1로56번길 15,35.18995651,128.80351912,055 311 2500
메가마트 김해점,,HYPERMARKET,경상남도 김해시 김해대로2492번길 20,35.22299386,128.90262242,02-820-8524
롯데쇼핑(주) 롯데마트 김해점,롯데마트,HYPERMARKET,경상남도 김해시 김해대로 2330,35.22246157,128.88431297,055 340 2800
탑마트 언양점,,HYPERMARKET,울산광역시 울주군 언양읍 헌양길 117,35.56259614,129.12163482,052-264-0244
동명백화점,,HYPERMARKET,제주특별자치도 서귀포시 중정로 69,33.24501458,126.56581141,064 7623122
롯데쇼핑(주) 롯데마트 의왕점,롯데마트,HYPERMARKET,경기도 의왕시 계원대학로 7 (내손동,37.37742496,126.97576959,031 471 2521
리치마트 양주점,,HYPERMARKET,경기도 양주시 평화로1413번길 48,37.81438849,127.04500306,031-864-7200
골드마트,,HYPERMARKET,경기도 양주시 평화로 1547,37.82474189,127.05467215,
(주)이마트 의왕점,,HYPERMARKET,경기도 의왕시 경수대로 262,37.34753443,126.97568865,02   3809461
홈플러스(주) 경기하남점,홈플러스,HYPERMARKET,경기도 하남시 하남대로 747 (신장동,37.53520425,127.21474508,0317777015
(주)지에스리테일 하남점,,HYPERMARKET,경기도 하남시 신장1로9번길 74,37.53633417,127.20761871,031-795-1682
스타필드 시티 위례점,,HYPERMARKET,경기도 하남시 위례대로 200,37.47722977,127.15051338,02-380-9396
코스트코 홀세일 하남점,코스트코,HYPERMARKET,경기도 하남시 미사강변중앙로 40,37.54793398,127.19601032,02-2630-2648
충서원예농협 하나로마트,하나로마트,HYPERMARKET,충청남도 서산시 고운로 353,36.78376756,126.47533811,041-669-1378
이케아 동부산점,,HYPERMARKET,부산광역시 기장군 기장읍 동부산관광3로 17,35.18776216,129.21273798,02-310-8700
(주)이마트에브리데이 세종신동아점,이마트 에브리데이,HYPERMARKET,세종특별자치시 한누리대로 2200,36.47387116,127.28410976,
(주)이마트 트레이더스 구월점,트레이더스,HYPERMARKET,인천광역시 남동구 구월동 1549,37.43687772,126.70990584,02-380-9843
(주)메가마트 엠 춘천점,,HYPERMARKET,강원특별자치도 춘천시 금강로 68-9,37.87579427,127.73079195,033-248-7016
롯데쇼핑(주)롯데마트 춘천점,롯데마트,HYPERMARKET,강원특별자치도 춘천시 방송길 84 (온의동,37.86586196,127.72018478,033 240 2500
홈플러스(주)춘천점,홈플러스,HYPERMARKET,강원특별자치도 춘천시 김유정로 1840 (퇴계동,37.84785435,127.73691864,033-269-8000
롯데쇼핑(주)롯데마트 석사점,롯데마트,HYPERMARKET,강원특별자치도 춘천시 세실로 108,37.86383415,127.76140702,033-260-7781
롯데슈퍼 춘천점,롯데슈퍼,HYPERMARKET,강원특별자치도 춘천시 영서로 2195,37.85758755,127.73077828,033 2435588
(주)이마트 춘천점,,HYPERMARKET,강원특별자치도 춘천시 경춘로 2353,37.86104745,127.72051052,033 240 1052
GS수퍼마켓 춘천후평점,,HYPERMARKET,강원특별자치도 춘천시 춘천로 306-5,37.87849471,127.74922274,033-252-6900
춘천철원화천양구축산농협 하나로마트(퇴계점),하나로마트,HYPERMARKET,강원특별자치도 춘천시 지석로 11,37.85122716,127.73969444,033-264-3802
춘천철원화천양구축산농협 하나로마트 (강남점),하나로마트,HYPERMARKET,강원특별자치도 춘천시 경춘로 2342,37.85992678,127.72166732,033-243-8106
롯데슈퍼 춘천점,롯데슈퍼,HYPERMARKET,강원특별자치도 춘천시 영서로 2195,37.85758755,127.73077828,033-252-3000
춘천 센트럴타워 푸르지오 프리미엄몰,,HYPERMARKET,강원특별자치도 춘천시 방송길 77(온의동,37.86622508,127.72287354,033-269-0100
GS THE FRESH 춘천온의점,,HYPERMARKET,강원특별자치도 춘천시 스포츠타운길 459,37.86536706,127.71015864,02-2006-2747
대하식자재마트 천안점,,HYPERMARKET,충청남도 천안시 서북구 월봉로 95,36.79730999,127.11887802,041-571-0300
홈플러스(주)삼척점,홈플러스,HYPERMARKET,강원특별자치도 삼척시 중앙로 258,37.44355063,129.17062039,0335718000
삼성테스코(주)홈플러스삼척점,홈플러스,HYPERMARKET,강원특별자치도 삼척시 중앙로 258,37.44355063,129.17062039,033 573 6972
(주)이마트강릉점,,HYPERMARKET,강원특별자치도 강릉시 경강로 2398-10,37.76766124,128.92490956,033-649-1052
롯데1번가,,HYPERMARKET,부산광역시 중구 중앙동1가,35.09766468,129.03809662,051 2467334
월드밸리,,HYPERMARKET,부산광역시 중구 대청로 60,35.09971973,129.02861634,051 2567751
월드밸리,,HYPERMARKET,부산광역시 중구 대청로 60,35.09971973,129.02861634,051-256-7751
롯데백화점 광복점,,HYPERMARKET,부산광역시 중구 중앙대로 2,35.09490447,129.03836117,678-2500
롯데마트 광복점,롯데마트,HYPERMARKET,부산광역시 중구 중앙대로 2,35.09490447,129.03836117,0516782500
롯데전문점 광복점,,HYPERMARKET,부산광역시 중구 중앙대로 2,35.09490447,129.03836117,051-678-2500
코스트코 홀세일 부산점,코스트코,HYPERMARKET,부산광역시 수영구 구락로 137 (망미동,35.17548811,129.11755105,051-757-7100
커넥트현대 부산점,,HYPERMARKET,부산광역시 동구 범일로 125,35.13822832,129.06082283,051-667-0010
홈플러스 익스프레스 좌천점,홈플러스,HYPERMARKET,부산광역시 동구 고관로 143,35.12788811,129.05099352,051 647 8564
(주)이마트영천점,,HYPERMARKET,경상북도 영천시 최무선로 83,35.95519802,128.91329668,054 330 1252
롯데쇼핑(주)롯데마트통영점,롯데마트,HYPERMARKET,경상남도 통영시 무전대로 65,34.85759529,128.43039356,055 640 2500
탑마트 통영죽림점,,HYPERMARKET,경상남도 통영시 광도면 신죽1길 18,34.87341882,128.41772140,0556435112
(주)현대백화점 동구점,,HYPERMARKET,울산광역시 동구 방어진순환도로 899,35.51844458,129.43402670,005202504604
GS THE FRESH 울산동부점,,HYPERMARKET,울산광역시 동구 안산로 50,35.53962571,129.43392734,
홈플러스(주) 서귀포점,홈플러스,HYPERMARKET,제주특별자치도 서귀포시 중앙로 180,33.25727121,126.56205150,064-731-8000
(주)이마트 서귀포점,,HYPERMARKET,제주특별자치도 서귀포시 일주동로 9209,33.24499965,126.51084892,064-797-1051
롯데프레시 신정점,롯데프레시,HYPERMARKET,서울특별시 양천구 신정로13길 3,37.50699489,126.84534532,2692-5600
(주)이마트 신월점,,HYPERMARKET,서울특별시 양천구 화곡로 59,37.53695783,126.83085477,02-6716-1234
(주)이마트에브리데이 목동점,이마트 에브리데이,HYPERMARKET,서울특별시 양천구 목동서로 130,37.52913197,126.87368175,02-2646-4331
롯데슈퍼 장위점,롯데슈퍼,HYPERMARKET,서울특별시 성북구 월계로40길 7,37.62014468,127.05056772,02   9155603
롯데슈퍼 정릉점,롯데슈퍼,HYPERMARKET,서울특별시 성북구 정릉로 307,37.60046851,127.02042778,02  914 5601
홈플러스익스프레스 보문점,홈플러스,HYPERMARKET,서울특별시 성북구 보문로 61,37.57796384,127.02356446,02-921-8545
이마트 미아점,,HYPERMARKET,서울특별시 성북구 도봉로 17,37.60806467,127.03183330,02-944-1052
이마트 하월곡점,,HYPERMARKET,서울특별시 성북구 종암로 167 (하월곡동,37.60226004,127.03310144,02-6936-1251
GS더프레시 성북보문점,,HYPERMARKET,서울특별시 성북구 보문사길 111 (보문동6가,37.57733408,127.02058172,02-2006-3215
현대백화점 미아점,,HYPERMARKET,서울특별시 성북구 동소문로 315 (길음동,37.60558247,127.03082997,02  21173014
신세계이마트미아점,,HYPERMARKET,서울특별시 성북구 길음동 25번지,37.60806467,127.03183330,000203805234
이마트 미아점,,HYPERMARKET,서울특별시 성북구 도봉로 17,37.60806467,127.03183330,02-944-1234
종암우림카이저팰리스주상복합,,HYPERMARKET,서울특별시 성북구 종암로 132 (종암동,37.59917120,127.03559478,000209413506
이마트 미아점,,HYPERMARKET,서울특별시 성북구 도봉로 17,37.60806467,127.03183330,9203485
홈플러스 월곡점,홈플러스,HYPERMARKET,서울특별시 성북구 화랑로 76,37.59902818,127.04255149,02-3669-8000
이마트 하월곡점,,HYPERMARKET,서울특별시 성북구 종암로 167,37.60226004,127.03310144,02-944-1051
GS더프레시 동소문점,,HYPERMARKET,서울특별시 성북구 성북로4길 52 (돈암동,37.59201441,127.01242219,929 8053
GS더프레시 성북돈암점,,HYPERMARKET,서울특별시 성북구 북악산로 844 (돈암동,37.59507901,127.01989401,02  32913333
GS더프레시 길음뉴타운점,,HYPERMARKET,서울특별시 성북구 길음로 33 (길음동,37.60476932,127.02004908,02  60531252
GS수퍼마켓 길음점,,HYPERMARKET,서울특별시 성북구 길음로 103,37.60808044,127.02007719,02   9412227
롯데슈퍼하월곡점,롯데슈퍼,HYPERMARKET,서울특별시 성북구 월곡1동 62번지,37.60141525,127.04087423,918-5651
현대백화점 신촌점,,HYPERMARKET,서울특별시 서대문구 신촌로 83,37.55335983,126.93798016,02-3145-3154
홈플러스(주) 익스프레스 북가좌점,홈플러스,HYPERMARKET,서울특별시 서대문구 응암로 112,37.57966076,126.91572101,302-8023
롯데슈퍼 홍제2점,롯데슈퍼,HYPERMARKET,서울특별시 서대문구 통일로 397,37.58241538,126.94946259,02-739-6780
이케아 기흥점,,HYPERMARKET,경기도 용인시 기흥구 신고매로 62,37.21942929,127.11836286,02-310-8700
홈플러스 익스프레스 시흥배곧점,홈플러스,HYPERMARKET,경기도 시흥시 서울대학로278번길 19-13(배곧동,37.36792118,126.72941870,031-8042-2293
GS THE FRESH 송파시그니처점,,HYPERMARKET,서울특별시 송파구 거마로 56(거여동,37.49265617,127.15160093,02-2006-2747
GS THE FRESH 부평열우물점,,HYPERMARKET,인천광역시 부평구 열우물로 90,37.47259296,126.69992157,02-2006-2364
GS THE FRESH 부평더샵점,,HYPERMARKET,인천광역시 부평구 열우물로 90,37.47259296,126.69992157,02-2006-2364
롯데슈퍼 철원점,롯데슈퍼,HYPERMARKET,강원특별자치도 철원군 동송읍 이평2로 14,38.20340828,127.22299036,033-455-7300
롯데쇼핑(주) 롯데슈퍼 영월점,롯데슈퍼,HYPERMARKET,강원특별자치도 영월군 영월읍 중앙로 5-10,37.18117810,128.46654912,033-373-5601
(주)이마트 동해점,,HYPERMARKET,강원특별자치도 동해시 천곡로 100,37.52111893,129.11936053,033-539-7051
(주)이마트 속초점,,HYPERMARKET,강원특별자치도 속초시 설악금강대교로 12,38.18819065,128.59834218,033-630-1054
속초농협하나로마트엑스포지점,하나로마트,HYPERMARKET,강원특별자치도 속초시 동해대로 4202,38.19162369,128.58120909,033 637 1501
(주)이마트,,HYPERMARKET,강원특별자치도 태백시 굴거랑길 4,37.19733978,128.96413900,033 554 0672
GS THE FRESH 부산미남역점,,HYPERMARKET,부산광역시 동래구 아시아드대로 239-1,35.20246234,129.06957179,051-634-5542
GS THE FRESH 노원비석로점,,HYPERMARKET,서울특별시 노원구 한글비석로 452,37.66124711,127.06992914,02-2006-2364
(주)이마트에브리데이 신풍역점,이마트 에브리데이,HYPERMARKET,서울특별시 영등포구 신풍로 28,37.49678634,126.91130632,02-380-5042
GS THE FRESH 문정역점,,HYPERMARKET,서울특별시 송파구 문정로 1,37.48354666,127.12516768,02-2006-2364
Market Ville,,HYPERMARKET,경상북도 구미시 고아읍 들성로 119-11,36.15423505,128.33559528,054-455-7700
GS THE FRESH 홍제해링턴점,,HYPERMARKET,서울특별시 서대문구 세무서8길 30,37.58722695,126.95066201,02-2006-2364
GS THE FRESH 부산남천역점,,HYPERMARKET,부산광역시 수영구 수영로384번길 8,35.13734891,129.10908803,
GS THE FRESH 강동성내점,,HYPERMARKET,서울특별시 강동구 풍성로38길 9,37.52875265,127.12766276,02-2006-2364
롯데쇼핑(주) 롯데슈퍼남산점,롯데슈퍼,HYPERMARKET,대구광역시 중구 달구벌대로 1936,35.85956742,128.57850244,053)252-5601
탑마트 대구점,,HYPERMARKET,대구광역시 중구 중앙대로66길 20 (남산동,35.85840158,128.59618167,051-330-2583
홈플러스(주)남대구점,홈플러스,HYPERMARKET,대구광역시 남구 대명로 116,35.83601552,128.57245702,0536598000
(주)이마트경산점,,HYPERMARKET,경상북도 옥산로 227,35.83169283,128.72240623,053 940 1052
홈플러스 경산점,홈플러스,HYPERMARKET,경상북도 경산시 경안로 288,35.82980663,128.73790481,053 715 8124
홈플러스(주)경주점,홈플러스,HYPERMARKET,경상북도 경주시 공단로 97,35.87018898,129.22687043,054 770 8000
탑마트 경주동부점,,HYPERMARKET,경상북도 경주시 중앙로 60,35.84236071,129.21435190,054-749-2007
(주)이마트 김천점,,HYPERMARKET,경상북도 김천시 시청로 75,36.13201905,128.11900107,054-420-1052
탑마트 경주황성점,,HYPERMARKET,경상북도 경주시 용담로104번길 25,35.86356774,129.21348789,054-744-5588
탑마트 안강점,,HYPERMARKET,경상북도 경주시 안강읍 비화동길 41,35.98529879,129.22786141,054-761-3113
김천농협 하나로마트,하나로마트,HYPERMARKET,경상북도 김천시 자산로 147,36.12066844,128.11983916,0544202200
블루마트,,HYPERMARKET,전라남도 순천시 해룡면 상삼리,34.94422134,127.53625676,061 7219001
홈플러스(주) 순천점,홈플러스,HYPERMARKET,전라남도 순천시 신월큰길 10 (조례동,34.95812731,127.52241385,061-729-8121
(주)이마트 순천점,,HYPERMARKET,전라남도 순천시 팔마로 191 (덕암동,34.93932082,127.51086353,749-1052
순천농협황전지점 경제과,,HYPERMARKET,전라남도 순천시 월등면 월등로 1040,35.09979424,127.43057314,061-754-9292
홈플러스(주)순천풍덕점,홈플러스,HYPERMARKET,전라남도 순천시 팔마로 222,34.93696124,127.51114286,061 746 2080
순천농협주암지점,,HYPERMARKET,전라남도 순천시 주암면 주석로 5,35.07410764,127.23724087,061-743-3580
순천농협오성지점,,HYPERMARKET,전라남도 순천시 주암면 동주로 2480,35.05681598,127.27777055,061-754-4991
(주)이마트에브리데이 고흥점,이마트 에브리데이,HYPERMARKET,전라남도 고흥군 고흥읍 고흥로 1871,34.61315249,127.29379626,061-832-1336
뉴코아순천점,,HYPERMARKET,전라남도 순천시 비봉2길 22 (조례동,34.97029046,127.52211465,061 7205000
월드마트,,HYPERMARKET,전라남도 순천시 별미길 18,34.95061905,127.48725318,061  515232
주식회사 롯데슈퍼 무안점,롯데슈퍼,HYPERMARKET,전라남도 무안군 무안읍 면성1길 131,34.98336513,126.47517742,061-454-9400
백운쇼핑센터,,HYPERMARKET,전라남도 광양시 폭포사랑길 99,34.93725541,127.73405115,0617901585
홈플러스 광양점,홈플러스,HYPERMARKET,전라남도 광양시 항만11로 70,34.92527079,127.69694951,061-760-8122
포르모 큐브,,HYPERMARKET,전라남도 목포시 옥암로 95,34.80419610,126.42785930,02-3455-7724
홈플러스(주) 목포점,홈플러스,HYPERMARKET,전라남도 목포시 영산로 313,34.80283124,126.40167984,273-8504
롯데쇼핑(주)롯데마트맥스 목포점,롯데마트,HYPERMARKET,전라남도 목포시 원형서로 15,34.79416152,126.43140927,061 2802542
롯데쇼핑(주) 롯데마트 나주점,롯데마트,HYPERMARKET,전라남도 나주시 내동길 15,35.01013435,126.71498450,061 339 3200
롯데쇼핑(주) 롯데몰 여수점,,HYPERMARKET,전라남도 여수시 국포1로 36 (국동,34.72519162,127.72365240,061 640 2500
롯데쇼핑(주) 롯데마트 여천점,롯데마트,HYPERMARKET,전라남도 여수시 무선로 187,34.77400632,127.65341821,650-2510
(주)이마트 신제주점,,HYPERMARKET,제주특별자치도 제주시 1100로 3348,33.48194254,126.48236540,798-1053
이마트,,HYPERMARKET,제주특별자치도 제주시 탑동로 38,33.51488399,126.52263598,064 7291050
셀비즈백화점,,HYPERMARKET,제주특별자치도 제주시 신광로 52,33.48413476,126.49169471,064  7130500
(주)이마트 제주점,,HYPERMARKET,제주특별자치도 제주시 탑동로 38,33.51488399,126.52263598,064-729-1053
(주)신세계 이마트 신제주점,,HYPERMARKET,제주특별자치도 제주시 1100로 3348,33.48194254,126.48236540,064729 1053
롯데쇼핑(주) 롯데마트제주점,롯데마트,HYPERMARKET,제주특별자치도 제주시 연북로 1 (노형동,33.47922194,126.48342779,064-712-9582
홈플러스(주) 익스프레스 태릉점,홈플러스,HYPERMARKET,서울특별시 중랑구 동일로129길 35,37.59649969,127.07957367,024918546
홈플러스(주)익스프레스 면목점,홈플러스,HYPERMARKET,서울특별시 중랑구 면목로 357,37.58120763,127.09016892,024938545
홈플러스(주)익스프레스 망우점,홈플러스,HYPERMARKET,서울특별시 중랑구 용마산로 494,37.59214520,127.10233979,024348546
(주)이마트에브리데이 면목동점,이마트 에브리데이,HYPERMARKET,서울특별시 중랑구 면목로39길 11,37.57675190,127.08840662,02-380-5042
홈플러스 신내점,홈플러스,HYPERMARKET,서울특별시 중랑구 신내로 201,37.61300312,127.09587455,0220248124
홈플러스(주)면목점,홈플러스,HYPERMARKET,서울특별시 중랑구 사가정로 332,37.57713241,127.08317287,024372080
주식회사 이마트 묵동점,,HYPERMARKET,서울특별시 중랑구 동일로 932,37.61105425,127.07966240,02-380-9426
홈플러스(주) 서울 상봉점,홈플러스,HYPERMARKET,서울특별시 망우로 353-0 (상봉동,37.59530762,127.09262452,0269228100
코스트코홀세일 상봉점,코스트코,HYPERMARKET,서울특별시 중랑구 망우로 336,37.59407016,127.09232310,02-439-1144
홈플러스(주) 익스프레스 왕십리점,홈플러스,HYPERMARKET,서울특별시 성동구 왕십리로 333,37.55992133,127.03465263,3459-8000
팜스퀘어,,HYPERMARKET,서울특별시 은평구 불광로 20,37.60693018,126.93109997,02  350 7032
엔씨백화점 불광점,,HYPERMARKET,서울특별시 은평구 불광로 20,37.60693018,126.93109997,02-3417-2001
롯데쇼핑(주)롯데슈퍼범서점,롯데슈퍼,HYPERMARKET,서울특별시 은평구 통일로 842,37.61581682,126.92399507,02  22905853
(주)인트램,,HYPERMARKET,서울특별시 성동구 아차산로7길 28,37.54474836,127.05756280,02-464-2095
(주)이마트 왕십리점,,HYPERMARKET,서울특별시 성동구 왕십리광장로 17,37.56088727,127.04015583,02  22001234
홈플러스(주) 익프스레스 금호2점,홈플러스,HYPERMARKET,서울특별시 성동구 동호로 100,37.54716439,127.01854256,2253-8542
홈플러스(주) 익스프레스 금호점,홈플러스,HYPERMARKET,서울특별시 성동구 행당로 6,37.55172404,127.02295513,02-2292-8545
홈플러스(주)익스프레스 신사점,홈플러스,HYPERMARKET,서울특별시 은평구 갈현로 10,37.59609089,126.91242979,02-352-8546
홈플러스 익스프레스 갈현점,홈플러스,HYPERMARKET,서울특별시 은평구 서오릉로 222,37.61215659,126.91175031,02-359-8547
롯데쇼핑(주) 롯데슈퍼 역촌점,롯데슈퍼,HYPERMARKET,서울특별시 은평구 진흥로 103,37.60331102,126.92455744,02  22905853
롯데몰 은평,,HYPERMARKET,서울특별시 은평구 통일로 1050 (진관동,37.63469478,126.92011865,02-6975-5901
(주)이마트 수색점,,HYPERMARKET,서울특별시 은평구 수색로 217,37.57679880,126.90074222,02  69431052
(주)이마트 은평점,,HYPERMARKET,서울특별시 은평구 은평로 111,37.59756533,126.92228794,02-380-1054
홈플러스(주)익스프레스구산점,홈플러스,HYPERMARKET,서울특별시 은평구 서오릉로 145,37.60864205,126.91866317,02-358-8546
홈플러스(주)익스프레스응암점,홈플러스,HYPERMARKET,서울특별시 은평구 응암로 247,37.59146897,126.91993111,02  386 8547
홈플러스(주)익스프레스 불광점,홈플러스,HYPERMARKET,서울특별시 은평구 불광로 121,37.61487593,126.93496812,02-356-8545
롯데슈퍼 한남점(가맹점),롯데슈퍼,HYPERMARKET,서울특별시 용산구 대사관로34길 26,37.52931580,127.00776858,02-793-9633
롯데프레시 갈월점,롯데프레시,HYPERMARKET,서울특별시 한강대로77길 12,37.53941856,126.97396456,027135602
국제센터아케이드,,HYPERMARKET,서울특별시 용산구 한강로1가,37.53062541,126.97626073,
아이파크몰(I PARK MALL),,HYPERMARKET,서울특별시 용산구 한강대로23길 55,37.52675674,126.96625527,02-2012-0101
LS Avenue,,HYPERMARKET,서울특별시 용산구 한강대로 92,37.52539278,126.97007225,02  799 7114
롯데쇼핑(주)롯데슈퍼 신월점,롯데슈퍼,HYPERMARKET,서울특별시 양천구 월정로46길 11 (신월동,37.53814104,126.83501139,0226975602
아이파크(I PARK)백화점,,HYPERMARKET,서울특별시 용산구 한강대로23길 55,37.52675674,126.96625527,02)2012-0101
(주)에스와이에스홀딩스,,HYPERMARKET,서울특별시 용산구 청파로 74,37.53001419,126.96182583,02  707 4628
현대백화점목동점,,HYPERMARKET,서울특별시 양천구 목동동로 257,37.52405388,126.87712533,0221632233
행복한백화점,,HYPERMARKET,서울특별시 양천구 목동동로 309,37.52657326,126.87817441,0266789236
(주)지에스리테일 신정2점,,HYPERMARKET,서울특별시 양천구 목동남로4길 2 (신정동,37.50545475,126.86663848,2006-2637
홈플러스(주)익스프레스 목동2점,홈플러스,HYPERMARKET,서울특별시 양천구 등촌로 172,37.54222185,126.86470019,2062-8546
홈플러스(주)익스프레스 신정3점,홈플러스,HYPERMARKET,서울특별시 양천구 목동동로 53,37.51225294,126.86284563,2644-8720
(주)이마트 목동점,,HYPERMARKET,서울특별시 양천구 오목로 299,37.52305320,126.87336205,0269231234
홈플러스(주)익스프레스 신정점,홈플러스,HYPERMARKET,서울특별시 양천구 중앙로 255-1,37.51636713,126.85507913,2696-8546
홈플러스(주) 영등포점,홈플러스,HYPERMARKET,서울특별시 영등포구 당산로 42,37.51542541,126.89801650,0221658101
코스트코 홀세일,코스트코,HYPERMARKET,서울특별시 영등포구 선유로 156,37.52507241,126.89437121,02-2630-2651
신세계백화점,,HYPERMARKET,서울특별시 중구 소공로 63 (충무로1가,37.55812545,126.98323929,02-310-1041
롯데쇼핑(주) 롯데마트 양평점,롯데마트,HYPERMARKET,서울특별시 영등포구 선유로 138,37.52324817,126.89373815,21458178
롯데백화점 영등포점,,HYPERMARKET,서울특별시 영등포구 경인로 846,37.51312129,126.90946595,0226708832
코스트코홀세일,코스트코,HYPERMARKET,서울특별시 영등포구 선유로 156,37.52507241,126.89437121,0226302653
이랜드리테일 당산점,,HYPERMARKET,서울특별시 영등포구 양평로 47,37.53109602,126.90306457,02-2630-0220
롯데쇼핑(주) 롯데마트맥스 영등포점,롯데마트,HYPERMARKET,서울특별시 영등포구 영중로 125,37.52500678,126.90675883,02-2165-2521
신세계 이마트 여의도점,,HYPERMARKET,서울특별시 영등포구 여의동로3길 10 (여의도동,37.51537054,126.92814879,
타임스퀘어,,HYPERMARKET,서울특별시 영등포구 영중로 15,37.51427368,126.90543401,26382000
롯데슈퍼 대림점,롯데슈퍼,HYPERMARKET,서울특별시 영등포구 대림로 251,37.50050937,126.89794588,02-831-4400
홈플러스(주) 익스프레스 신길점,홈플러스,HYPERMARKET,서울특별시 영등포구 여의대방로 65,37.49438991,126.91552802,02-846-8545
(주)신세계 타임스퀘어점,,HYPERMARKET,서울특별시 영등포구 영중로 9 (영등포동4가,37.51436786,126.90765615,02-2639-1041
(주)이마트 여의도점,,HYPERMARKET,서울특별시 영등포구 여의동로3길 10,37.51537054,126.92814879,02-2280-1234
홈플러스(주) 익스프레스 도림점,홈플러스,HYPERMARKET,서울특별시 영등포구 도신로 75,37.50394897,126.90286947,02-833-8535
홈플러스(주) 익스프레스 신길3점,홈플러스,HYPERMARKET,서울특별시 영등포구 가마산로69가길 12,37.50334482,126.91168271,02-832-8546
홈플러스(주) 익스프레스 신길2점,홈플러스,HYPERMARKET,서울특별시 영등포구 영등포로 364,37.51132542,126.92045695,843 8545
롯데백화점 본점,,HYPERMARKET,서울특별시 중구 남대문로 81,37.56201307,126.98319011,02-772-3871
(주)지에스리테일 남산타운점,,HYPERMARKET,서울특별시 중구 다산로 32,37.54621486,127.01138340,02-2006-2156
노브랜드문경모전점,노브랜드,HYPERMARKET,경상북도 문경시 당교로 242,36.58291392,128.19190042,054-553-8899
탑마트 진해경화점,,HYPERMARKET,경상남도 창원시 진해구 충장로 281-9,35.15050104,128.68475587,055-544-1501~2
GS THE FRESH 사직쌍용점,,HYPERMARKET,부산광역시 동래구 사직로 80,35.19353497,129.05787394,051-507-3511
이마트에브리데이 명지대점,이마트 에브리데이,HYPERMARKET,서울특별시 서대문구 거북골로 34,37.57743212,126.92521585,02-380-5042
고척아이파크쇼핑센터,,HYPERMARKET,서울특별시 구로구 고척동 100-7,37.49572702,126.86126585,02-528-0450
(주)이마트에브리데이 상계역점,이마트 에브리데이,HYPERMARKET,서울특별시 노원구 덕릉로 690,37.65638638,127.07787939,02-380-5042
(주)이마트원주점,,HYPERMARKET,강원특별자치도 원주시 북원로 1928,37.31778804,127.92093671,033-749-1205
원주원예농협하나로클럽,하나로마트,HYPERMARKET,강원특별자치도 원주시 무실로 182,37.33827287,127.94104012,033-749-8888
롯데쇼핑(주)롯데마트 원주점,롯데마트,HYPERMARKET,강원특별자치도 원주시 봉화로 1,37.34288661,127.92975241,033-749-2500
홈플러스 원주점,홈플러스,HYPERMARKET,강원특별자치도 원주시 치악로 1489,37.31490934,127.96953551,033-649-8027
원주 무실동 판매시설(CROSS AVENUE WONJU),,HYPERMARKET,강원특별자치도 원주시 북원로 2054,37.32740391,127.92727500,02-549-6693
(주)지에스리테일홍천점,,HYPERMARKET,강원특별자치도 홍천군 홍천읍 홍천로 344,37.68551547,127.88580698,033-435-0085
(주) 지에스리테일 홍천점,,HYPERMARKET,강원특별자치도 홍천군 홍천읍 홍천로 344,37.68551547,127.88580698,0334330085
홍천종합온천장,,HYPERMARKET,강원특별자치도 홍천군 북방면 온천길 183,37.69271941,127.83962047,033 4355000
GS THE FRESH 인천석바위점,,HYPERMARKET,인천광역시 미추홀구 구월로8번길 18-62,37.45389551,126.69382818,02-2006-2364
GS THE FRESH 부산당감점,,HYPERMARKET,부산광역시 부산진구 당감서로 21,35.15964085,129.03808734,
주식회사 청라지젤엠,,HYPERMARKET,인천광역시 서구 청라에메랄드로 99,37.53088840,126.65778397,
GS THE FRESH 광진능동점,,HYPERMARKET,서울특별시 광진구 천호대로112길 25,37.55211914,127.08334756,02-446-2923
GS THE FRESH 부산구남점,,HYPERMARKET,부산광역시 북구 백양대로 1013,35.19323231,128.99647448,051-343-6722
DMC금호리첸시아몰,,HYPERMARKET,서울특별시 서대문구 수색로2길 39,37.56875389,126.91778595,02-304-4025
강동밀레니얼 중흥S-클래스 쇼핑센터,,HYPERMARKET,서울특별시 강동구 천호동 423-200,37.53863550,127.12907451,02-479-2384
GS THE FRESH 부산양정역점,,HYPERMARKET,부산광역시 부산진구 동평로 404,35.17068475,129.07125000,051-853-3003
GS THE FRESH 창동점,,HYPERMARKET,서울특별시 도봉구 해등로12길 3,37.65087420,127.04356536,02-2006-2364
GS THE FRESH 김포구래점,,HYPERMARKET,경기도 김포시 김포한강4로420번길 88,37.64783076,126.63506556,
현대타워랜드,,HYPERMARKET,경기도 안산시 단원구 당곡로 20,37.31596660,126.83586169,484-5332
(주)마트앤마트,,HYPERMARKET,광주광역시 북구 설죽로 490,35.20014141,126.90101804,006205749368
홈플러스(주) 동광주점,홈플러스,HYPERMARKET,광주광역시 북구 동문대로 200,35.17647685,126.93253925,062-250-8015
에이치에스인베스트먼트(주),,HYPERMARKET,광주광역시 북구 동문대로248번길 39,35.18025881,126.93915619,062-675-8900
NC백화점 광주점,,HYPERMARKET,광주광역시 북구 경열로 249,35.15870203,126.90938959,062 519 2233
롯데쇼핑(주)롯데슈퍼두암점,롯데슈퍼,HYPERMARKET,광주광역시 북구 삼정로3번길 21,35.15942789,126.93701791,062-263-0011
롯데쇼핑(주)롯데슈퍼 영주점,롯데슈퍼,HYPERMARKET,경상북도 영주시 구성로 256,36.81313754,128.63030560,054-632-5601
영주농협남부지점 하나로마트,하나로마트,HYPERMARKET,경상북도 영주시 번영로 62,36.81451822,128.63115503,054-635-2857
(주)이마트 구미점,,HYPERMARKET,경상북도 구미시 구미대로 256,36.10650344,128.36708928,054 467 1053
홈플러스(주) 구미점,홈플러스,HYPERMARKET,경상북도 구미시 구미대로 174,36.09979858,128.36598243,054 4598000
동아백화점구미점,,HYPERMARKET,경상북도 구미시 송원동로 28 (송정동,36.11678543,128.35074324,054 459 0220
(주)이마트 동구미점,,HYPERMARKET,경상북도 구미시 이계북로 23,36.10339243,128.40689455,054-480-1234
영주농협 파머스마켓,,HYPERMARKET,경상북도 영주시 구성로 25,36.79267661,128.63383331,054)639-3000
홈플러스 진주점,홈플러스,HYPERMARKET,경상남도 진주시 대신로 304,35.18450336,128.11988485,055-771-8121
(주)지에스리테일 진주평거점,,HYPERMARKET,경상남도 진주시 순환로 546,35.16993035,128.06303710,055-743-7464
(주)이마트 양산점,,HYPERMARKET,경상남도 양산시 양산역6길 12,35.33378435,129.02863049,023805678
롯데쇼핑(주) 롯데마트 웅상점,롯데마트,HYPERMARKET,경상남도 양산시 삼호1길 34,35.40957470,129.16924797,055-379-2500
(주)메가마트 덕계점,,HYPERMARKET,경상남도 양산시 덕계로 60,35.37077043,129.15357537,0553887770
트레이더스 홀세일클럽 양산점,트레이더스,HYPERMARKET,경상남도 양산시 평산로 16,35.37920700,129.15506781,055 371 8050
박스스토어,,HYPERMARKET,경상남도 양산시 동면 수질정화공원로 40,35.30205585,129.02648891,055-380-4800
GS더프레시 양산중부점,,HYPERMARKET,경상남도 양산시 양주로 156,35.33518374,129.03611404,02-2006-3053
갤러리아백화점 진주점,,HYPERMARKET,경상남도 진주시 진주대로 1095,35.19361515,128.08451085,055  7911000
(주)이마트 진주점,,HYPERMARKET,경상남도 진주시 진양호로 477,35.18851657,128.07959313,055 749 1052
홈플러스 진주점,홈플러스,HYPERMARKET,경상남도 진주시 대신로 181-1,35.18450336,128.11988485,055-771-8000
한화갤러리아(주) 진주점,,HYPERMARKET,경상남도 진주시 진주대로 1095,35.19361515,128.08451085,055-791-1000
홈플러스(주)익스프레스 신안점,홈플러스,HYPERMARKET,경상남도 진주시 진양호로 270,35.17456565,128.06598199,
롯데쇼핑(주) 롯데슈퍼 주약가맹점,롯데슈퍼,HYPERMARKET,경상남도 진주시 진주대로 847,35.17315109,128.09422130,055-762-3756
롯데쇼핑(주) 롯데슈퍼문산가맹점,롯데슈퍼,HYPERMARKET,경상남도 진주시 문산읍 월아산로 1080,35.16422263,128.16543945,055-761-4977
(주)이마트 진주점,,HYPERMARKET,경상남도 진주시 진양호로 477-0,35.18851657,128.07959313,055-749-1234
(주)지에스리테일 진주신안점,,HYPERMARKET,경상남도 진주시 진양호로 302,35.17696540,128.06777757,02-2006-3059
(주)이마트  동인천점,,HYPERMARKET,인천광역시 중구 인중로 134,37.46378565,126.63055735,032-451-1053
(주)동보올리브백화점,,HYPERMARKET,인천광역시 남동구 남동대로 880,37.45814987,126.71093653,032 434 1234
홈플러스(주) 간석점,홈플러스,HYPERMARKET,인천광역시 남동구 경원대로 971 (간석동,37.46674846,126.69108748,032 870 8124
홈플러스(주) 인천논현점,홈플러스,HYPERMARKET,인천광역시 남동구 청능대로 596,37.39773157,126.72767698,032 455 8121
GS더프레시 만수점,,HYPERMARKET,인천광역시 남동구 만수로50번길 53 (만수동,37.45623376,126.73839076,032 461 3417
홈플러스(주)익스프레스 구월점,홈플러스,HYPERMARKET,인천광역시 남동구 구월남로 198,37.44980156,126.71355189,032 463 8547
롯데쇼핑(주)롯데마트부평점,롯데마트,HYPERMARKET,인천광역시 부평구 마장로 296,37.50218986,126.70618326,032 509 2500
롯데백화점 부평점,,HYPERMARKET,인천광역시 부평구 부평문화로 35 (부평동,37.49058408,126.72152379,0324522812
롯데쇼핑(주)롯데마트 삼산점,롯데마트,HYPERMARKET,인천광역시 부평구 길주로 623 (삼산동,37.50508154,126.73412366,032-363-2500
롯데쇼핑(주)롯데마트삼산점,롯데마트,HYPERMARKET,인천광역시 부평구 길주로 623,37.50508154,126.73412366,363-2500
(주)이랜드리테일,,HYPERMARKET,인천광역시 부평구 산곡동 311번지,37.48781020,126.71222408,3635407
홈플러스 익스프레스 부개역점,홈플러스,HYPERMARKET,인천광역시 부평구 부일로 87,37.48619523,126.74175465,032-521-8545
롯데쇼핑(주)롯데마트 부평역점,롯데마트,HYPERMARKET,인천광역시 부평구 광장로 16-0,37.48687266,126.72476331,454-2520
롯데쇼핑(주)롯데마트 부평점,롯데마트,HYPERMARKET,인천광역시 부평구 마장로 296-0 (산곡동,37.50218986,126.70618326,509-2524
홈플러스(주) 인하점,홈플러스,HYPERMARKET,인천광역시 남구 소성로 6,37.44487796,126.65284561,032-763-2080
롯데쇼핑(주)인천점,,HYPERMARKET,인천광역시 미추홀구 연남로 35,37.43860890,126.70340399,032-728-2221
홈플러스(주)익스프레스 주안점,홈플러스,HYPERMARKET,인천광역시 미추홀구 석산로 42 (주안동,37.45858924,126.69872444,032-441-8546
GS THE FRESH 학익점,,HYPERMARKET,인천광역시 미추홀구 소성로 146,37.43944581,126.66630162,032-874-1476
홈플러스 익스프레스 부개점,홈플러스,HYPERMARKET,인천광역시 부평구 부개로 73,37.50146847,126.74175448,032-330-8545
롯데쇼핑(주)롯데슈퍼 인하대점,롯데슈퍼,HYPERMARKET,인천광역시 남구 인하로 107,37.44768745,126.66223577,872-5601
홈플러스 익스프레스 인천학익점,홈플러스,HYPERMARKET,인천광역시 남구 매소홀로488번길 6-32,37.43608806,126.67725348,032-873-8561
부평민자역사지하매장,,HYPERMARKET,인천광역시 부평구 부평동 738번지,37.48687266,126.72476331,032 5150151
롯데쇼핑(주)롯데마트부평역점,롯데마트,HYPERMARKET,인천광역시 부평구 광장로 16,37.48687266,126.72476331,032 5062500
(주)이마트 부평점,,HYPERMARKET,인천광역시 부평구 갈산동,37.51390733,126.72791140,032 5001052
(주) 이마트 광명소하점,,HYPERMARKET,경기도 광명시 소하로 97,37.44380270,126.88664454,02-6918-1234
코스트코 홀세일 광명점,코스트코,HYPERMARKET,경기도 광명시 일직로 40 (일직동,37.41790381,126.88854127,02-2083-3723
(주)이마트 안산고잔점,,HYPERMARKET,경기도 안산시 단원구 원포공원1로 46-0,37.30036422,126.81401871,0315991051
롯데쇼핑(주)롯데마트안산점,롯데마트,HYPERMARKET,경기도 안산시 상록구 항가울로 422,37.31460535,126.84940423,0314128811
홈플러스(주)안산선부점,홈플러스,HYPERMARKET,경기도 안산시 단원구 삼일로 316,37.33096910,126.81468337,031-400-8000
NC고잔점,,HYPERMARKET,경기도 안산시 단원구 광덕대로 194,37.31106623,126.83313219,0314052001
트레이더스 홀세일클럽 안산점,트레이더스,HYPERMARKET,경기도 안산시 단원구 중앙대로 397,37.32842916,126.78705975,02-380-9422
롯데쇼핑(주) 안산점,,HYPERMARKET,경기도 안산시 단원구 고잔1길 12,37.31517440,126.83661897,031-412-1085
다농마트,,HYPERMARKET,경기도 안산시 상록구 예술광장로 1,37.32554398,126.84611822,031-410-6666
홈플러스(주)안산고잔점,홈플러스,HYPERMARKET,경기도 안산시 단원구 광덕대로 175,37.30909209,126.83102639,031-445-2080
홈플러스(주) 킨텍스점,홈플러스,HYPERMARKET,경기도 고양시 일산서구 호수로 817,37.66513829,126.75358221,031-932-1558
레이킨스몰,,HYPERMARKET,경기도 고양시 일산서구 호수로 817,37.66513829,126.75358221,0319121170
홈플러스(주) 고양터미널점,홈플러스,HYPERMARKET,경기도 고양시 일산동구 중앙로 1036-0,37.64044711,126.79178280,031-960-8264
홈플러스(주)익스프레스 탄현점,홈플러스,HYPERMARKET,경기도 고양시 일산서구 일현로 123,37.69514991,126.76748218,031-916-8545
홈플러스(주) 익스프레스 탄현2점,홈플러스,HYPERMARKET,경기도 고양시 일산서구 산현로17번길 9,37.68737304,126.76544420,031-917-8545
롯데쇼핑(주) 롯데슈퍼일산점,롯데슈퍼,HYPERMARKET,경기도 고양시 일산동구 고봉로 250,37.67931354,126.78063319,031-976-5600
이마트 풍산점,,HYPERMARKET,경기도 고양시 일산동구 무궁화로 237,37.67111915,126.78919874,02-380-9414
(주)이마트에브리데이 탄현역점,이마트 에브리데이,HYPERMARKET,경기도 고양시 일산서구 일현로 97-11 (탄현동,37.69147483,126.76482866,031-724-7081
홈플러스(주) 익스프레스 고양토당점,홈플러스,HYPERMARKET,경기도 고양시 덕양구 지도로35번길 12-3,37.61806937,126.82564085,031-978-8560
이케아 고양점,,HYPERMARKET,경기도 고양시 덕양구 권율대로 420 (도내동,37.62678647,126.86522578,02-310-8700
e-편한세상 시티 삼송(World Avenue),,HYPERMARKET,경기도 고양시 덕양구 동송로 33,37.64682507,126.89856002,031-782-3752
웨스턴돔,,HYPERMARKET,경기도 고양시일산동구 장항동,37.65310856,126.77406914,031 9328408
롯데쇼핑(주) 롯데백화점 일산점,,HYPERMARKET,경기도 고양시 일산동구 중앙로 1283 (장항동,37.65791440,126.77407878,031-909-2714
홈플러스(주) 일산점,홈플러스,HYPERMARKET,경기도 고양시 일산동구 중앙로1275번길 64,37.65625956,126.77095435,031-926-8035
(주)이마트 화정점,,HYPERMARKET,경기도 고양시 덕양구 백양로 79 (화정동,37.62988107,126.83550316,0319951052
코스트코 홀세일 일산점,코스트코,HYPERMARKET,경기도 고양시일산동구 백석동 1312번지,37.63807462,126.79064863,031-904-3300
롯데쇼핑(주) 롯데마트 고양점,롯데마트,HYPERMARKET,경기도 고양시 덕양구 충장로 150,37.62239635,126.83827429,031-930-7008
현대백화점 킨텍스점,,HYPERMARKET,경기도 고양시 일산서구 호수로 817,37.66513829,126.75358221,031 822 2233
대우로얄마트,,HYPERMARKET,경기도 고양시일산동구 장항동,37.64611327,126.78144155,905-4051
그랜드백화점일산점,,HYPERMARKET,경기도 고양시일산서구 주엽동,37.66821671,126.76324938,917-0144
롯데쇼핑(주) 롯데마트 주엽점,롯데마트,HYPERMARKET,경기도 고양시 일산서구 중앙로 1496 (주엽동,37.67053818,126.75745020,"910-3312,3315,3323"
대우로얄마트,,HYPERMARKET,경기도 고양시 일산동구 중앙로 1129 (장항동,37.64611327,126.78144155,031-905-4501
롯데쇼핑(주) 롯데마트 화정점,롯데마트,HYPERMARKET,경기도 고양시 덕양구 화중로 66,37.63016750,126.83321979,"947-2500, 930-2011"
(주)이마트에브리데이 일산2호점,이마트 에브리데이,HYPERMARKET,경기도 고양시 일산서구 일청로 46,37.68493772,126.77497979,
홈플러스테스코 일산점,홈플러스,HYPERMARKET,경기도 고양시일산동구 장항동 755번지,37.65625956,126.77095435,0319069100
홈플러스(주) 야탑점,홈플러스,HYPERMARKET,경기도 성남시 분당구 성남대로925번길 16,37.41027949,127.12943883,031-705-2080
롯데백화점 분당점,,HYPERMARKET,경기도 성남시 분당구 황새울로200번길 45 (수내동,37.37564183,127.11640526,031-738-2500
현대백화점 판교점,,HYPERMARKET,경기도 성남시 분당구 판교역로146번길 20,37.38995880,127.11413888,070-7204-9702
(주)이마트분당점,,HYPERMARKET,경기도 성남시 분당구 불정로 134,37.35599262,127.12190142,031-710-1234
홈플러스(주) 익스프레스 분당동판교점,홈플러스,HYPERMARKET,경기도 성남시 분당구 동판교로 59,37.38555598,127.11712096,031-8016-8543
롯데마트 판교점,롯데마트,HYPERMARKET,경기도 성남시 분당구 대왕판교로606번길 58,37.39270506,127.11575973,02-2145-8000
홈플러스(주) 익스프레스 분당정자점,홈플러스,HYPERMARKET,경기도 성남시 분당구 내정로 58 (정자동,37.36256608,127.11730684,031-717-8531
홈플러스(주) 익스프레스 서현점,홈플러스,HYPERMARKET,경기도 성남시 분당구 불정로 382,37.37136226,127.13927453,031-781-8547
홈플러스(주) 익스프레스 푸른마을점,홈플러스,HYPERMARKET,경기도 성남시 분당구 불정로 255,37.36411825,127.12850520,031-726-8546
NC백화점 야탑점,,HYPERMARKET,경기도 성남시 분당구 야탑로81번길 11 (야탑동,37.40760113,127.12941058,031-780-3502
홈플러스(주) 익스프레스 수진점,홈플러스,HYPERMARKET,경기도 성남시 수정구 수정로 140,37.43902325,127.13777957,031-723-8545
홈플러스(주) 익스프레스 분당점,홈플러스,HYPERMARKET,경기도 성남시 분당구 장안로 39,37.36763781,127.14557184,031-701-8549
(주)이마트분당점,,HYPERMARKET,경기도 성남시 분당구 불정로 134,37.35599262,127.12190142,031-710-1052
테마폴리스 지하2층점,,HYPERMARKET,경기도 성남시 분당구 성남대로925번길 16,37.41027949,127.12943883,031-725-0713
테마폴리스지하1층점,,HYPERMARKET,경기도 성남시 분당구 성남대로925번길 16,37.41027949,127.12943883,003107250131
"테마폴리스 지상1,2층",,HYPERMARKET,경기도 성남시 분당구 성남대로925번길 16 (야탑동,37.41027949,127.12943883,031-702-5574
홈플러스(주) 분당오리점,홈플러스,HYPERMARKET,경기도 성남시 분당구 탄천상로151번길 20,37.33722261,127.10908075,031-884-2080
(주)이마트 성남점,,HYPERMARKET,경기도 성남시 수정구 수정로 201,37.44146100,127.14351347,031-8023-1200
롯데프레시 분당이매점,롯데프레시,HYPERMARKET,경기도 성남시 분당구 양현로94번길 15,37.38862808,127.12801305,031-707-5602
GS수퍼마켓 분당시범단지점,,HYPERMARKET,경기도 성남시 분당구 중앙공원로31번길 42 (서현동,37.38027221,127.12760004,031-781-2141
GS수퍼마켓 미래점,,HYPERMARKET,경기도 성남시 분당구 불정로376번길 37 (서현동,37.36884245,127.14150730,031-701-1913
롯데쇼핑(주)롯데슈퍼수진점(Mareket999),롯데슈퍼,HYPERMARKET,경기도 성남시 수정구 수진2동 4518번지,37.43144786,127.13168504,031-752-5601
롯데쇼핑(주) 롯데마트 시흥점,롯데마트,HYPERMARKET,경기도 시흥시 비둘기공원로 28,37.44023532,126.79404971,031 435 7500
성담스퀘어,,HYPERMARKET,경기도 시흥시 정왕대로 210,37.34323271,126.73877517,0313655050
롯데마켓 999 시흥정왕역점,,HYPERMARKET,경기도 시흥시 오동마을로 14,37.34988468,126.74518800,031-433-3859
롯데쇼핑(주) 롯데마트 시흥배곧점,롯데마트,HYPERMARKET,경기도 시흥시 서울대학로278번길 67 (정왕동,37.36622615,126.73315798,02-2145-8487
홈플러스(주)시화점,홈플러스,HYPERMARKET,경기도 시흥시 희망공원로 269,37.34246120,126.72717369,031 434 7684
롯데쇼핑(주) 롯데마트 시화점,롯데마트,HYPERMARKET,경기도 시흥시 마유로238번길 26,37.33413074,126.73219421,031 496 7722
스틸랜드 관리단,,HYPERMARKET,경기도 시흥시 오이도로 21,37.34174553,126.70215950,031-8041-4500
파크에비뉴,,HYPERMARKET,서울특별시 광진구 광나루로 369,37.54563872,127.07319553,02-466-6767
(주)이마트에브리데이 중곡동점,이마트 에브리데이,HYPERMARKET,서울특별시 광진구 긴고랑로11길 11,37.56112086,127.08342319,02-463-1903
(주)지에스리테일GS수퍼 광진화양점,,HYPERMARKET,서울특별시 광진구 능동로13길 39,37.54070292,127.07200868,02-469-1333
홈플러스익스프레스 중곡2점,홈플러스,HYPERMARKET,서울특별시 광진구 용마산로 10,37.55174762,127.09093078,02-3437-8546
홈플러스(주)익스프레스 중곡점,홈플러스,HYPERMARKET,서울특별시 광진구 능동로 314,37.55482818,127.08214164,024478545
롯데쇼핑(주) 롯데마트맥스 금천점,롯데마트,HYPERMARKET,서울특별시 금천구 두산로 71,37.46778667,126.89780495,028092500
테크노-마트21,,HYPERMARKET,서울특별시 광진구 광나루로56길 85,37.53289891,127.09787546,02-3424-0323
롯데쇼핑(주)롯데마트 강변점,롯데마트,HYPERMARKET,서울특별시 광진구 광나루로56길 85,37.53289891,127.09787546,02-3424-2500
(주)이마트 자양점,,HYPERMARKET,서울특별시 광진구 아차산로 272,37.53500273,127.07474066,02-6742-1234
롯데백화점 건대스타시티점,,HYPERMARKET,서울특별시 광진구 능동로 92,37.53598834,127.07324521,0002 22182802
홈플러스(주)익스프레스미아점,홈플러스,HYPERMARKET,서울특별시 강북구 도봉로 172,37.62142927,127.02944606,02-980-8547
(주)이마트에브리데이 상도동점,이마트 에브리데이,HYPERMARKET,서울특별시 동작구 상도로31길 19,37.50320119,126.94592089,02-823-3651
홈플러스(주) 동대문점,홈플러스,HYPERMARKET,서울특별시 동대문구 천호대로 133,37.57171428,127.04089490,0221738121
홈플러스(주) 금천점,홈플러스,HYPERMARKET,서울특별시 금천구 시흥대로 391,37.46587735,126.89899018,02  890 8125
홈플러스(주)익스프레스 공릉점,홈플러스,HYPERMARKET,서울특별시 노원구 동일로 1101,37.62535136,127.07338200,02-3459-8000
(주)홈플러스 대방점,홈플러스,HYPERMARKET,서울특별시 동작구 노량진로 4,37.50959512,126.92815693,8138545
홈플러스 익스프레스 상도2점,홈플러스,HYPERMARKET,서울특별시 동작구 만양로 26,37.50436480,126.95187126,02-816-8546
홈플러스 익스프레스 상도3점,홈플러스,HYPERMARKET,서울특별시 동작구 양녕로 170,37.49402093,126.94567630,3280-8545
롯데백화점 청량리역사점,,HYPERMARKET,서울특별시 동대문구 왕산로 214,37.57818205,127.04909909,0237072903
롯데쇼핑(주)롯데마트 청량리점,롯데마트,HYPERMARKET,서울특별시 동대문구 왕산로 214,37.57818205,127.04909909,02-3706-4710
롯데쇼핑(주)롯데슈퍼화곡점,롯데슈퍼,HYPERMARKET,서울특별시 강서구 강서로 43,37.52882248,126.84862631,000226055602
(주)이마트에브리데이 화곡동점,이마트 에브리데이,HYPERMARKET,서울특별시 강서구 화곡로 274 (화곡동,37.54617540,126.84961109,000222813651
롯데쇼핑(주)롯데슈퍼화곡3동점,롯데슈퍼,HYPERMARKET,서울특별시 강서구 강서로 179,37.53954867,126.84135216,000226915601
(주) 이랜드리테일 강서점,,HYPERMARKET,서울특별시 강서구 강서로56길 17,37.55716643,126.84243773,2667-9000
롯데쇼핑(주)롯데슈퍼개화산점,롯데슈퍼,HYPERMARKET,서울특별시 양천로6길 15,37.56920280,126.80981156,000226645606
홈플러스(주) 익스프레스 화곡점,홈플러스,HYPERMARKET,서울특별시 강서구 화곡로 153,37.53866651,126.84085571,02-2065-8534
베라체캠퍼스 에비뉴,,HYPERMARKET,서울특별시 동대문구 이문로 37,37.58802387,127.05816442,02-957-2116
홈플러스(주) 강서점,홈플러스,HYPERMARKET,서울특별시 강서구 화곡로 398,37.55561161,126.85710467,000226608121
홈플러스 익스프레스 서울회기점,홈플러스,HYPERMARKET,서울특별시 동대문구 경희대로 20,37.59048294,127.05497355,029598545
롯데쇼핑(주)롯데슈퍼 우장산점,롯데슈퍼,HYPERMARKET,서울특별시 강서구 강서로 267,37.54678479,126.83800817,000220645601
이마트에브리데이 답십리점,이마트 에브리데이,HYPERMARKET,서울특별시 동대문구 고미술로 49,37.56477451,127.05539842,000222467292
노브랜드 동대문 장안점,노브랜드,HYPERMARKET,서울특별시 동대문구 한천로 42,37.56347666,127.06428910,000269082123
롯데쇼핑(주)롯데슈퍼 방화점,롯데슈퍼,HYPERMARKET,서울특별시 강서구 방화대로34길 83,37.56823180,126.82292391,000226635601
㈜지에스리테일 GS수퍼 강북미아점,,HYPERMARKET,서울특별시 강북구 삼양로27길 35-21,37.61515867,127.02104385,6933-8701
(주)지에스리테일 염창점,,HYPERMARKET,서울특별시 강서구 양천로 687,37.54786559,126.87478117,02-3665-7255
롯데마트 중계점,롯데마트,HYPERMARKET,서울특별시 노원구 노원로 330 (중계동,37.64450779,127.07238417,0220922500
롯데백화점 노원점,,HYPERMARKET,서울특별시 노원구 동일로 1414,37.65235738,127.06318710,02950 2500
건영옴니백화점,,HYPERMARKET,서울특별시 노원구 중계동 506번지 1 호,37.63603806,127.06686334,02 9719000
(주)지에스리테일 GS수퍼상계점,,HYPERMARKET,서울특별시 노원구 한글비석로 471,37.66133271,127.06767447,2091-0011
롯데쇼핑(주) 롯데슈퍼공릉점,롯데슈퍼,HYPERMARKET,서울특별시 노원구 공릉로 144 (공릉동,37.61985933,127.08165068,02-971-5601
(주)이마트에브리데이 창동점,이마트 에브리데이,HYPERMARKET,서울특별시 도봉구 도봉로104길 53,37.64069464,127.03719817,903-0900
홈플러스(주) 가양점,홈플러스,HYPERMARKET,서울특별시 강서구 양천로 431 (가양동,37.56147318,126.85219395,02-2063-2080
누죤,,HYPERMARKET,서울특별시 중구 을지로45길 62,37.56439852,127.01487457,02-6366-3056
홈플러스익스프레스 신당점,홈플러스,HYPERMARKET,서울특별시 중구 다산로 222,37.56005091,127.01770211,02-2236-8543
지에스수퍼마켓 중구만리점,,HYPERMARKET,서울특별시 중구 만리재로 175,37.55142002,126.96550798,02-2006-3215
롯데쇼핑(주)롯데마트 제타플렉스 서울역점,롯데마트,HYPERMARKET,서울특별시 중구 청파로 426,37.55540332,126.97168461,02-390-2521
주식회사 이마트 청계천점,,HYPERMARKET,서울특별시 중구 청계천로 400-0,37.56818198,127.02353805,02-2290-1234
(주)지에스리테일 잠실파크리오점,,HYPERMARKET,서울특별시 송파구 올림픽로 435 (신천동,37.51773395,127.10826241,0221353211
(주)지에스리테일 송파가락점,,HYPERMARKET,서울특별시 송파구 오금로46길 49,37.49085511,127.13513620,024014600
(주)지에스리테일 송파2점,,HYPERMARKET,서울특별시 송파구 오금로32길 32,37.50077851,127.12088891,024132252
홈플러스(주)익스프레스 숭인점,홈플러스,HYPERMARKET,서울특별시 종로구 종로 347,37.57105582,127.01828163,02-743-8546
효성주얼리시티,,HYPERMARKET,서울특별시 종로구 종로 183 (인의동,37.56868684,127.00076889,02 7435390
롯데하이마트 월드타워점,,HYPERMARKET,서울특별시 송파구 올림픽로 300-0,37.51029770,127.10554436,02-2050-5298
(주)지에스리테일 잠실점,,HYPERMARKET,서울특별시 송파구 올림픽로 203,37.50969243,127.09550685,024233774
롯데월드몰,,HYPERMARKET,서울특별시 송파구 올림픽로 300,37.51029770,127.10554436,02-411-5100
롯데백화점 에비뉴엘 월드타워점,,HYPERMARKET,서울특별시 송파구 신천동 29번지,37.51029770,127.10554436,02-2146-2181
롯데쇼핑(주) 롯데마트 월드타워점,롯데마트,HYPERMARKET,서울특별시 송파구 올림픽로 300,37.51029770,127.10554436,02-2145-8494
롯데쇼핑(주)롯데슈퍼 방배점,롯데슈퍼,HYPERMARKET,서울특별시 서초구 방배중앙로 198,37.49410135,126.98774262,025345601
롯데슈퍼 방배2점,롯데슈퍼,HYPERMARKET,서울특별시 방배로33길 29,37.48846322,126.99140489,02-536-0004
뉴코아백화점,,HYPERMARKET,서울특별시 서초구 잠원로 37-6 (잠원동,37.50628597,127.00705265,530-5802
아크로비스타 아케이드,,HYPERMARKET,서울특별시 서초구 서초중앙로 188,37.49539468,127.01541721,02-597-2222
하이브랜드,,HYPERMARKET,서울특별시 서초구 매헌로 16,37.46058651,127.03911804,02-523-0081
코스트코코리아,코스트코,HYPERMARKET,서울특별시 서초구 양재대로 159,37.45921770,127.03820304,1899 9900
롯데쇼핑(주) 롯데마트 서초점,롯데마트,HYPERMARKET,서울특별시 서초구 서초대로38길 12 (서초동,37.48751603,127.00786611,02-2145-8000
(주)이마트 양재점,,HYPERMARKET,서울특별시 서초구 매헌로 16 (양재동,37.46058651,127.03911804,0221551052
서초쇼핑,,HYPERMARKET,서울특별시 서초구 고무래로 90-7,37.49714412,127.01954599,02-536-8480
신세계백화점 강남점,,HYPERMARKET,서울특별시 서초구 신반포로 176,37.50156024,127.00572298,02-3479-1005
프리마 쇼핑센타,,HYPERMARKET,서울특별시 송파구 올림픽로4길 40,37.50406132,127.07525022,423-4751
홈플러스(주)익스프레스 잠실점,홈플러스,HYPERMARKET,서울특별시 송파구 석촌호수로 133,37.50487003,127.09389031,024188545
홈플러스(주) 익스프레스 송파점,홈플러스,HYPERMARKET,서울특별시 송파구 가락로28길 7,37.50358568,127.11885942,000234318545
송파쇼핑센타,,HYPERMARKET,서울특별시 송파구 마천로 315,37.49237685,127.15307349,02 4310611
한화 송파지점,,HYPERMARKET,서울특별시 송파구 가락로 183,37.50226375,127.11665186,024166006
롯데캐슬플라자,,HYPERMARKET,서울특별시 송파구 올림픽로 269,37.51165093,127.10284592,000221462003
홈플러스(주)잠실점,홈플러스,HYPERMARKET,서울특별시 송파구 올림픽로35가길 16,37.51345332,127.10514423,0234688122
롯데하이마트잠실점,,HYPERMARKET,서울특별시 송파구 올림픽로 240,37.50848298,127.10004967,02-2050-5001
(주)지에스리테일 송파점,,HYPERMARKET,서울특별시 송파구 동남로 189 (가락동,37.49273727,127.13023106,02  34016251
(주)지에스리테일 방이점,,HYPERMARKET,서울특별시 송파구 오금로31가길 20 (방이동,37.50473709,127.12628211,024185853
롯데쇼핑(주)롯데마트 제타플렉스 잠실점,롯데마트,HYPERMARKET,서울특별시 송파구 올림픽로 240,37.50848298,127.10004967,024118411
롯데백화점 잠실점,,HYPERMARKET,서울특별시 송파구 올림픽로 240,37.50848298,127.10004967,024115551~4
롯데쇼핑(주)롯데마트 송파점,롯데마트,HYPERMARKET,서울특별시 송파구 중대로 80,37.48893256,127.11986350,0220067710
갤러리아팰리스 아케이드,,HYPERMARKET,서울특별시 송파구 올림픽로 212,37.50830017,127.09602889,02  21454942
롯데쇼핑(주)롯데슈퍼신천점,롯데슈퍼,HYPERMARKET,서울특별시 송파구 올림픽로 111,37.50934471,127.08512900,2290-5853
롯데쇼핑(주)롯데슈퍼잠실3동점,롯데슈퍼,HYPERMARKET,서울특별시 송파구 석촌호수로 61,37.50783814,127.08833641,2290-5853
홈플러스(주)익스프레스 거여점,홈플러스,HYPERMARKET,서울특별시 오금로 512,37.48988377,127.14765067,000230128545
롯데쇼핑(주)롯데슈퍼석촌점,롯데슈퍼,HYPERMARKET,서울특별시 송파구 백제고분로34길 3,37.49938240,127.10101564,2290-5853
농협하나로마트방이역점,하나로마트,HYPERMARKET,서울특별시 송파구 양재대로72길 5,37.50735768,127.12977054,02  400 2007
롯데쇼핑(주)롯데슈퍼방이점,롯데슈퍼,HYPERMARKET,서울특별시 송파구 올림픽로32길 20,37.51138559,127.11122133,3431-5602
(주)이마트에브리데이 가락동점,이마트 에브리데이,HYPERMARKET,서울특별시 송파구 중대로9길 35,37.49350730,127.12041080,02-848-3651
롯데쇼핑(주)롯데슈퍼송파점,롯데슈퍼,HYPERMARKET,서울특별시 송파구 가락로 183,37.50226375,127.11665186,422-9003
롯데쇼핑(주)롯데슈퍼풍납점,롯데슈퍼,HYPERMARKET,서울특별시 송파구 강동대로9길 20,37.52515181,127.11913355,2290-5853
홈플러스(주)익스프레스 풍납점,홈플러스,HYPERMARKET,서울특별시 송파구 올림픽로51길 52,37.53063286,127.12032604,000204748542
롯데쇼핑(주) 롯데마트 포항점,롯데마트,HYPERMARKET,경상북도 포항시 남구 지곡로 237,36.02452881,129.32702127,054 222 2500
홈플러스(주)죽도점,홈플러스,HYPERMARKET,경상북도 포항시 북구 중흥로 328,36.02789315,129.36740040,054 288 8125
홈플러스(주)포항점,홈플러스,HYPERMARKET,경상북도 포항시 남구 중흥로 77,36.00974187,129.35120367,054-559-8014
신포항농협 하나로마트,하나로마트,HYPERMARKET,경상북도 포항시 북구 청하면 청하로 203,36.19450302,129.34125713,0542324172
서포항농협 하나로마트 기동점,하나로마트,HYPERMARKET,경상북도 포항시 북구 기계면 기계로57번길 6,36.06662860,129.21203914,0542432012
구룡포농협 하나로마트,하나로마트,HYPERMARKET,경상북도 포항시 남구 구룡포읍 구룡포길 76-6,35.98732035,129.55671065,0542846311
(주)이마트에브리데이 연일점,이마트 에브리데이,HYPERMARKET,경상북도 포항시 남구 연일읍 유강길 17,36.00217807,129.32097717,054-283-4664
(주)지에스리테일 포항환호점,,HYPERMARKET,경상북도 포항시 북구 삼호로 422,36.06578932,129.39654116,02-2006-2156
롯데백화점 포항점,,HYPERMARKET,경상북도 포항시 북구 학산로 62,36.04665982,129.37180260,054 230 1000
홈플러스(주),홈플러스,HYPERMARKET,경기도 안산시 단원구 광덕대로 175,37.30909209,126.83102639,031-445-2080
일등마트,,HYPERMARKET,경상남도 김해시 활천로267번길 31,35.24266483,128.91033003,055-323-0085
THE HYUNDAI SEOUL,,HYPERMARKET,서울특별시 영등포구 여의대로 108,37.52324922,126.93039130,02-3277-0021
롯데쇼핑(주) 롯데마트 연수점,롯데마트,HYPERMARKET,인천광역시 연수구 청능대로 87,37.41227512,126.67723887,032-810-2525
홈마트,,HYPERMARKET,충청북도 충주시 대소원면 기업도시로 26,36.99846284,127.83730102,
GS THE FRESH 신길사러가점,,HYPERMARKET,서울특별시 영등포구 신길로 162,37.50387783,126.91363513,02-2006-2676
롯데슈핑(주)롯데슈퍼 삼천포점,롯데슈퍼,HYPERMARKET,경상남도 사천시 주공로 41,34.93899945,128.08848243,055-835-8062
롯데프레시 홍은점,롯데프레시,HYPERMARKET,서울특별시 서대문구 가좌로 99,37.57878976,126.92862272,02-373-5601
롯데슈퍼 창천점,롯데슈퍼,HYPERMARKET,서울특별시 서대문구 신촌로 13,37.55572598,126.93072221,02-338-5601
GS THE FRESH 사하괴정점,,HYPERMARKET,부산광역시 사하구 낙동대로233번길 35,35.09478698,128.99445775,051-203-5494
롯데쇼핑(주)롯데슈퍼 인하대점,롯데슈퍼,HYPERMARKET,인천광역시 미추홀구 인하로 107,37.44768745,126.66223577,872-5601
지에스리테일(수원센트럴점),,HYPERMARKET,경기도 수원시 팔달구 세지로 211 (인계동,37.26760161,127.02479067,02-2006-2678
지에스더프레시(GS THE FRESH) 수원한일타운점,,HYPERMARKET,경기도 수원시 장안구 경수대로976번길 22 (조원동,37.30268932,127.01053383,02-2006-2678
GS THE FRESH 울산전하점,,HYPERMARKET,울산광역시 동구 바드래길 98,35.51345350,129.42902262,
느티나무마트,,HYPERMARKET,경기도 용인시 수지구 상현동 166-8,37.30303176,127.07661477,031-265-3555
롯데슈퍼(주) 롯데슈퍼 합천점,롯데슈퍼,HYPERMARKET,경상남도 합천군 합천읍 충효로 39,35.56087267,128.16266973,055-931-5601
GS THE FRESH 중랑망우점,,HYPERMARKET,서울특별시 중랑구 양원역로 18,37.59942670,127.11138194,
GS THE FRESH 안동강변점,,HYPERMARKET,경상북도 안동시 중평길 107-27,36.55280541,128.75348737,
GS THE FRESH 문래점,,HYPERMARKET,서울특별시 영등포구 문래북로 8,37.51854361,126.88778777,02-2006-2676
GS THE FRESH 대구파크드림점,,HYPERMARKET,대구광역시 동구 아양로 133,35.88368605,128.62957494,080-345-7700
(주)신세계 마산점,,HYPERMARKET,경상남도 창원시 마산합포구 합포로 251,35.21652786,128.58858004,055-240-1041
이마트 창원점,,HYPERMARKET,경상남도 창원시 성산구 원이대로 608,35.22329224,128.68217820,055-211-1052
이마트 마산점,,HYPERMARKET,경상남도 창원시 마산합포구 서성로 3,35.19477211,128.57195790,
이마트,,HYPERMARKET,충청북도 제천시 장평천로 11,37.12059798,128.22514422,043-641-1052
GS THE FRESH 은평가좌점,,HYPERMARKET,서울특별시 은평구 가좌로 331,37.59366361,126.91053820,
GS THE FRESH 송파나루역점,,HYPERMARKET,서울특별시 송파구 올림픽로32길 53,37.50972501,127.11421073,02-2006-2364
진주남부농협 하나로마트,하나로마트,HYPERMARKET,경상남도 진주시 정촌면 예하리 1279-1 2,35.12739815,128.10245270,
GS THE FRESH 해운대엘시티점,,HYPERMARKET,부산광역시 해운대구 달맞이길 30,35.15747275,129.17105690,051-731-9500
GS THE FRESH 부산시청점,,HYPERMARKET,부산광역시 연제구 중앙천로 81-17,35.17709291,129.08151885,051-852-7440
홈플러스 주식회사,홈플러스,HYPERMARKET,서울특별시 금천구 시흥대로 201,37.44909106,126.90288936,02-890-8122
홈플러스 익스프레스 김해진영점,홈플러스,HYPERMARKET,경상남도 김해시 진영읍 장등로19번길 39,35.30524124,128.73286231,055-343-8546
롯데쇼핑(주)롯데마트맥스 상무점,롯데마트,HYPERMARKET,광주광역시 서구 시청로 40 (치평동,35.14929991,126.85445641,006206022520
(주)광주신세계,,HYPERMARKET,광주광역시 서구 무진대로 932 (광천동,35.15723884,126.88220149,062 360 1042
신세계이마트상무점,,HYPERMARKET,광주광역시 서구 운천로 263,35.15265225,126.85623705,062 610 1050
(주)광주신세계이마트,,HYPERMARKET,광주광역시 서구 죽봉대로 61 (화정동,35.15574435,126.88407086,360-1042
(주)광주신세계,,HYPERMARKET,광주광역시 서구 무진대로 932 (광천동,35.15723884,126.88220149,360-1042
(주)광주신세계,,HYPERMARKET,광주광역시 서구 무진대로 932,35.15723884,126.88220149,0623601042
이마트 광주점,,HYPERMARKET,광주광역시 서구 죽봉대로 61,35.15574435,126.88407086,0623601042
(주)광주신세계이마트,,HYPERMARKET,광주광역시 서구 죽봉대로 61,35.15574435,126.88407086,062 360 1042
(주)이마트에브리데이 형곡동점,이마트 에브리데이,HYPERMARKET,경상북도 구미시 경은로 88 (형곡동,36.11052569,128.33948026,054 452 7007
금오G7 스퀘어,,HYPERMARKET,경상북도 구미시 봉곡동 33번지 3호 외 7필지,36.13575743,128.31735514,054-455-2022
(주)에이치앤지홀세일 에브리데이리테일 구미송정점,,HYPERMARKET,경상북도 구미시 백산로 54,36.11882801,128.34166675,02-380-5847
해마루밸리,,HYPERMARKET,경상북도 구미시 해마루공원로 21,36.13186235,128.43032888,0544758908
(주)이마트 상주점,,HYPERMARKET,경상북도 상주시 경상대로 3141,36.42487076,128.15335591,0545371052
(주)이마트 상주점,,HYPERMARKET,경상북도 상주시 경상대로 3141,36.42487076,128.15335591,054-537-1052
홈플러스 삼천포점,홈플러스,HYPERMARKET,경상남도 사천시 중앙로 165,34.93737505,128.08213202,0558318124
홈플러스 삼천포점,홈플러스,HYPERMARKET,경상남도 사천시 중앙로 165,34.93737505,128.08213202,055 831 8131
(주)이마트 사천점,,HYPERMARKET,경상남도 삼천포대교로 591,34.94758364,128.07939628,02-382-9426
(주)이마트 사천점,,HYPERMARKET,경상남도 사천시 삼천포대교로 591,34.94758364,128.07939628,850-1272
세븐밸리,,HYPERMARKET,대구광역시 북구 동암로 90,35.94111851,128.56255528,327-3110
개항누리길 상점가 상인회,,HYPERMARKET,인천광역시 중구 우현로39번길 8-1,37.46813271,126.62912193,032-765-5222
트레이더스 홀세일 클럽 송림점,트레이더스,HYPERMARKET,인천광역시 동구 봉수대로 82,37.48028645,126.66263476,032-772-1234
홈플러스 주식회사 김포점,홈플러스,HYPERMARKET,경기도 김포시 중봉로 14,37.62109008,126.70073596,031 999 8000
홈플러스(주)익스프레스 북변점,홈플러스,HYPERMARKET,경기도 김포시 사우중로 77,37.61883572,126.72242744,031-989-8549
(주)이마트에브리데이 걸포동점,이마트 에브리데이,HYPERMARKET,경기도 김포시 걸포2로 9,37.62934302,126.70794548,031-983-9854
롯데쇼핑(주) 롯데마트 김포한강점,롯데마트,HYPERMARKET,경기도 김포시 김포한강2로 41,37.63769250,126.67963103,02-2145-8487
이마트 김포한강점,,HYPERMARKET,경기도 김포시 김포한강7로 71,37.64165136,126.63029893,031-996-8434
트레이더스 홀세일클럽 김포점,트레이더스,HYPERMARKET,경기도 김포시 김포대로 715,37.60979617,126.73287527,031-8048-5652
롯데쇼핑(주) 롯데마트 김포한강점,롯데마트,HYPERMARKET,경기도 김포시 김포한강2로 41-0,37.63769250,126.67963103,031-8049-2500
홈플러스(주) 김포풍무점,홈플러스,HYPERMARKET,경기도 김포시 풍무로 167,37.60715451,126.72576599,031 999 0000
(주)지에스리테일 GS수퍼 김포감정점,,HYPERMARKET,경기도 봉화로181번길 31-20,37.62325950,126.70200375,996-5443
(주)지에스리테일 GS수퍼 김포사우점,,HYPERMARKET,경기도 김포시 돌문로 43,37.61612336,126.71995781,983-1691
(주)이마트 남양주점,,HYPERMARKET,경기도 남양주시 늘을2로 27,37.65224737,127.24518601,031 590 1234
(주) 이마트 경기광주점,,HYPERMARKET,경기도 광주시 광주대로 30,37.40675130,127.26339803,80261052
홈플러스(주)남양주진접점,홈플러스,HYPERMARKET,경기도 남양주시 진접읍 금강로 1447,37.71877320,127.19104797,031 570 8000
롯데쇼핑(주)롯데마트 마석점,롯데마트,HYPERMARKET,경기도 남양주시 화도읍 경춘로 1992,37.64756111,127.31152960,031-748-2500
이마트 별내점,,HYPERMARKET,경기도 남양주시 순화궁로 167,37.64000541,127.12807557,031-550-1252
홈플러스 익스프레스 광명점,홈플러스,HYPERMARKET,경기도 광명시 도덕로 28,37.46525987,126.85317781,02-2060-8545
GS수퍼마켓 광명점,,HYPERMARKET,경기도 광명시 도덕로 33,37.46581627,126.85379825,02-2685-4589
롯데몰 광명점,,HYPERMARKET,경기도 광명시 일직로 17,37.42135785,126.88554934,02-771-2500
시티렉스,,HYPERMARKET,서울특별시 금천구 시흥대로 399,37.46660016,126.89954474,02-809-7530
홈플러스 시흥점,홈플러스,HYPERMARKET,서울특별시 금천구 시흥대로 201,37.44909106,126.90288936,895 2080
홈플러스(주)익스프레스 가산점,홈플러스,HYPERMARKET,서울특별시 금천구 가산로 106,37.47269123,126.89579705,856-8545
관악쇼핑,,HYPERMARKET,서울특별시 관악구 청림3길 10,37.48583332,126.96158262,02-885-4579
홈플러스 익스프레스 봉천점,홈플러스,HYPERMARKET,서울특별시 관악구 양녕로 46,37.48334840,126.94945347,02-872-8545
(주)이마트에브리데이 봉천동점,이마트 에브리데이,HYPERMARKET,서울특별시 관악구 은천로 51,37.48346583,126.94375509,02-3285-3651
롯데쇼핑(주) 관악점,,HYPERMARKET,서울특별시 봉천로 209,37.48773416,126.92714488,02-3289-8728
홈플러스 서울남현점,홈플러스,HYPERMARKET,서울특별시 관악구 과천대로 909,37.46867115,126.98451273,02-6948-8121
(주)지에스리테일 관악점,,HYPERMARKET,서울특별시 관악구 쑥고개로 111,37.47643595,126.95123494,02)873-0637
(주)지에스리테일 낙성대점,,HYPERMARKET,서울특별시 관악구 봉천로 576,37.47413900,126.96333093,02-2039-8215
롯데 FRESH 아차산점,,HYPERMARKET,서울특별시 광진구 자양로 293,37.54917880,127.09428719,02-3437-5602
홈플러스익스프레스 구의2점,홈플러스,HYPERMARKET,서울특별시 광진구 아차산로 473,37.53773339,127.09638032,02-458-8545
홈플러스(주)익스프레스 중계점,홈플러스,HYPERMARKET,서울특별시 노원구 중계로 225,37.64704010,127.07644149,930-8546
홈플러스익스프레스 삼선점,홈플러스,HYPERMARKET,서울특별시 성북구 삼선교로 6,37.58506848,127.00866125,0236758549
홈플러스익스프레스 화곡2점,홈플러스,HYPERMARKET,서울특별시 강서구 까치산로 106,37.54469814,126.85140496,0002-2698-8550
AK PLAZA 홍대,,HYPERMARKET,서울특별시 마포구 양화로 188,37.55673124,126.92689019,02-2179-5021
(주)이마트 서귀포점,,HYPERMARKET,제주특별자치도 서귀포시 일주동로 9209,33.24499965,126.51084892,797-1053
롯데백화점 동탄점,,HYPERMARKET,경기도 화성시 동탄역로 160,37.19753566,127.09942758,031-320-4298
홈플러스(주) 병점점,홈플러스,HYPERMARKET,경기도 화성시 경기대로 985,37.20085015,127.03880700,031 283 2080
(주)이마트동탄점,,HYPERMARKET,경기도 화성시 동탄중앙로 376,37.21155407,127.08182511,02-380-5234
홈플러스(주)화성동탄점,홈플러스,HYPERMARKET,경기도 화성시 동탄중앙로 200,37.19994983,127.07056436,03180157000
홈플러스(주) 화성향남점,홈플러스,HYPERMARKET,경기도 화성시 향남읍 향남로 402,37.12792160,126.92391983,031-8059-8722
(주)이마트 통영점,,HYPERMARKET,경상남도 통영시 광도면 죽림4로 9,34.88383691,128.41984590,055 640 1234
(주)이마트 계양점,,HYPERMARKET,인천광역시 계양구 봉오대로 785,37.52824952,126.73897721,032 717 1052
(주)이마트 계양점,,HYPERMARKET,인천광역시 계양구 봉오대로 785,37.52824952,126.73897721,032 717 1052
(주)이마트 계양점,,HYPERMARKET,인천광역시 계양구 봉오대로 785,37.52824952,126.73897721,032 717 1052
세영산업주식회사,,HYPERMARKET,경기도 용인시 처인구 양지면 죽양대로 2309,37.23099508,127.29892401,
(주)이마트에브리데이 경산무학점,이마트 에브리데이,HYPERMARKET,경상북도 경산시 하양읍 서사도리4로 8,35.91621958,128.81094235,02-380-5930
광주 금호 리첸시아 센트럴 스퀘어,,HYPERMARKET,경기도 광주시 경안로41번길 6,37.40542460,127.25838702,031-767-8324
롯데프레시앤델리 봉화산역점,롯데프레시,HYPERMARKET,서울특별시 중랑구 신내로 211,37.61353421,127.09478860,02-2290-5704
정동마트,,HYPERMARKET,경기도 용인시 처인구 고림로 206,37.24670867,127.22542350,031-335-8808
(주)이마트에브리데이 안양관양점,이마트 에브리데이,HYPERMARKET,경기도 안양시 동안구 동편로 136,37.40734417,126.96913808,0313600835
브리티시 고덕,,HYPERMARKET,경기도 평택시 고덕국제대로 77 (고덕동,37.04114015,127.04458916,031-8065-5947
지에스더프레시(GS THE FRESH) 수원매교역점,,HYPERMARKET,경기도 수원시 팔달구 인계로 20,37.26653841,127.02047450,02-2006-2678
(주)이마트에브리데이 무안오룡점,이마트 에브리데이,HYPERMARKET,전라남도 무안군 일로읍 오남로1길 9-3,34.80194197,126.48602707,061-876-8008
GS THE FRESH 동대문장안점,,HYPERMARKET,서울특별시 동대문구 장한로28가길 45,37.57224570,127.07468431,02-2006-2364
(주)이마트에브리데이 신원당점,이마트 에브리데이,HYPERMARKET,경기도 고양시 덕양구 고양대로1384번길 6,37.65086516,126.83787412,031-994-0274
GS THE FRESH 송파하비오점,,HYPERMARKET,서울특별시 송파구 송파대로 111,37.47779740,127.12577889,02-2006-2747
홈플러스 (주) 인하점,홈플러스,HYPERMARKET,인천광역시 미추홀구 소성로 6,37.44487796,126.65284561,
노브랜드 트레이더스 구월점,노브랜드,HYPERMARKET,인천광역시 남동구 구월동 1549,37.43687772,126.70990584,02-380-9843
GS THE FRESH 동래안락점,,HYPERMARKET,부산광역시 동래구 명장로127번길 6,35.19703662,129.11509038,051-531-3663
GS THE FRESH 대구화랑로점,,HYPERMARKET,대구광역시 동구 화랑로 33,35.86644674,128.63333403,080-345-7700
홈플러스 진해점,홈플러스,HYPERMARKET,경상남도 창원시 진해구 충장로 356,35.15011515,128.69336912,055-540-8122
홈플러스 마산점,홈플러스,HYPERMARKET,경상남도 창원시 마산회원구 삼호로 56,35.21957712,128.58796826,055-259-8120
홈플러스 창원점,홈플러스,HYPERMARKET,경상남도 창원시 의창구 창원대로 415,35.23104716,128.64591027,055-270-8124
GS THE FRESH 관악은천점,,HYPERMARKET,서울특별시 관악구 국회단지길 7,37.48384828,126.94130573,02-882-4458
GS THE FRESH 행신사거리점,,HYPERMARKET,경기도 고양시 덕양구 행신로 151,37.61665680,126.83409558,031-971-0244
홈플러스(주) 김제점,홈플러스,HYPERMARKET,전북특별자치도 김제시 금성로 114,35.79669806,126.90493998,063-540-8230
주식회사 이마트 광산점,,HYPERMARKET,광주광역시 광산구 사암로 172,35.15705762,126.81068457,062-949-1051
삼성테스코(주) 홈플러스 광주하남점,홈플러스,HYPERMARKET,광주광역시 광산구 용아로 390,35.17488281,126.80747242,062-616-8000
삼성테스코(주)홈플러스 광주하남점,홈플러스,HYPERMARKET,광주광역시 광산구 용아로 390,35.17488281,126.80747242,062 616 8125
롯데쇼핑(주) 롯데마트 수완점,롯데마트,HYPERMARKET,광주광역시 광산구 장신로 98,35.18660517,126.82204667,062-975-2522
롯데백화점 광주점,,HYPERMARKET,광주광역시 동구 독립로 268,35.15175373,126.91412835,062-221-0313
NC WAVE 충장점,,HYPERMARKET,광주광역시 동구 중앙로 163,35.14570427,126.91515259,062-718-9331
삼성테스코(주) 홈플러스 계림점,홈플러스,HYPERMARKET,광주광역시 동구 무등로 314,35.15838722,126.91873995,511-0277
알파와오메가(주),,HYPERMARKET,광주광역시 동구 충장로4가 14번지,35.14687410,126.91659634,062-222-0600
(주)이마트 동광주점,,HYPERMARKET,광주광역시 동구 중앙로 358,35.16071868,126.92231563,519-1050
더보이저 광주,,HYPERMARKET,광주광역시 동구 충장로 72,35.14535790,126.91723508,031-705-3332
(주)신세계이마트동광주점,,HYPERMARKET,광주광역시 동구 중앙로 358,35.16071868,126.92231563,062 5191234
현대코아,,HYPERMARKET,광주광역시 동구 충장로46번길 3,35.14686762,126.91528716,062 2340411
대림테크노랜드,,HYPERMARKET,광주광역시 동구 중앙로 239,35.15060153,126.92130446,062 2318501
시티코아,,HYPERMARKET,부산광역시 해운대구 해운대로 799,35.16693714,129.17832689,051 7091710
롯데백화점부산점,,HYPERMARKET,부산광역시 부산진구 가야대로 772,35.15355870,129.05826284,051 8102500
(주)네오스포,,HYPERMARKET,부산광역시 부산진구 신천대로 122,35.15049074,129.05632145,051 804 0245
지오플레이스,,HYPERMARKET,부산광역시 부산진구 동천로 4,35.14631794,129.06619945,051 8182588
(주)이마트에브리데이 부산반여점,이마트 에브리데이,HYPERMARKET,부산광역시 해운대구 선수촌로 65-7,35.19637440,129.12070786,051-715-2517
이랜드 리테일 해운대점,,HYPERMARKET,부산광역시 해운대구 해운대로 813,35.16744647,129.17931820,051323 0456
롯데쇼핑주식회사,,HYPERMARKET,부산광역시 해운대구 센텀남대로 59,35.16675696,129.13336208,027712500
홈플러스 센텀시티점,홈플러스,HYPERMARKET,부산광역시 해운대구 센텀동로 6,35.16784205,129.13592991,051 709 8123
롯데백화점 센텀시티점,,HYPERMARKET,부산광역시 해운대구 센텀남대로 59,35.16675696,129.13336208,051 730 2500
(주)파라다이스면세점,,HYPERMARKET,부산광역시 해운대구 해운대해변로 296,35.15684562,129.16636627,051)743-0181
(주)신세계 센텀시티점,,HYPERMARKET,부산광역시 해운대구 센텀남대로 35,35.16583954,129.13189779,1688-1234
(주)이마트 해운대점,,HYPERMARKET,부산광역시 해운대구 좌동순환로 511,35.16293419,129.16963651,051 608 1053
롯데슈퍼 좌동점,롯데슈퍼,HYPERMARKET,부산광역시 해운대구 좌동순환로 70,35.16943472,129.16962087,051-741-5602
롯데슈퍼 좌1동점,롯데슈퍼,HYPERMARKET,부산광역시 해운대구 좌동순환로 178,35.17443066,129.17781048,051 702 5603
롯데슈퍼 해운대점,롯데슈퍼,HYPERMARKET,부산광역시 해운대구 해운대로 799,35.16693714,129.17832689,051 703 5602
홈플러스(주) 부산반여점,홈플러스,HYPERMARKET,부산광역시 해운대구 선수촌로21번길 37,35.19344596,129.11793017,051 5098124
제니스 스퀘어,,HYPERMARKET,부산광역시 해운대구 마린시티2로 33 (우동,35.15354377,129.14734029,051-747-7623
홈플러스 익스프레스 좌동2점,홈플러스,HYPERMARKET,부산광역시 해운대구 세실로 33,35.16492964,129.18123675,051-701-8545
홈플러스 익스프레스 좌동점,홈플러스,HYPERMARKET,부산광역시 해운대구 좌동순환로 78,35.17017451,129.16983385,051-747-8365
홈플러스 익스프레스 부산좌산점,홈플러스,HYPERMARKET,부산광역시 해운대구 좌동순환로 303,35.16592995,129.18552338,051-702-8540
(주)더블유웨딩시티누리엔,,HYPERMARKET,부산광역시 부산진구 자유평화로 11,35.13865929,129.06345716,0516393800
롯데쇼핑(주) 롯데키즈마트 부산점,,HYPERMARKET,부산광역시 부산진구 신천대로 241,35.16019544,129.05157028,051-608-2500
(주)지에스리테일 초읍점,,HYPERMARKET,부산광역시 부산진구 새싹로 244,35.17482323,129.05068751,051 895 5161
(주)지에스리테일 개금점,,HYPERMARKET,부산광역시 부산진구 백양관문로 3,35.15633972,129.03343867,051 895 5161
홈플러스(주)익스프레스 부전점,홈플러스,HYPERMARKET,부산광역시 부산진구 중앙대로 786,35.15870209,129.06538102,051 806 8547
롯데수퍼 좌동점,,HYPERMARKET,부산광역시 해운대구 좌동순환로 70,35.16943472,129.16962087,741-5602
롯데슈퍼 좌1동점,롯데슈퍼,HYPERMARKET,부산광역시 해운대구 좌동순환로 178,35.17443066,129.17781048,702-5603
롯데슈퍼 해운대점,롯데슈퍼,HYPERMARKET,부산광역시 해운대구 해운대로 799-0,35.16693714,129.17832689,703-5602
롯데백화점 센텀시티점,,HYPERMARKET,부산광역시 해운대구 센텀남대로 59-0,35.16675696,129.13336208,051-730-2212
트레이더스 홀세일 클럽 서면점,트레이더스,HYPERMARKET,부산광역시 부산진구 시민공원로 31,35.16080688,129.05490758,051-718-1052
(주)지에스리테일거제옥포점,,HYPERMARKET,경상남도 거제시 옥포대첩로 62 (옥포동,34.89063644,128.69658374,055-736-5070
홈플러스(주) 밀양점,홈플러스,HYPERMARKET,경상남도 밀양시 점필재로 45,35.48620104,128.74266470,055 359 8121
(주)지에스리테일거제신현점,,HYPERMARKET,경상남도 거제시 서문로 51,34.88639705,128.62371818,055-736-5001
홈플러스거제점,홈플러스,HYPERMARKET,경상남도 거제시 장평로 12,34.88795541,128.61880832,055-686-8100
디큐브거제백화점,,HYPERMARKET,경상남도 거제시 장평로 12,34.88795541,128.61880832,680-0001
홈플러스(주)익스프레스 거제상동점,홈플러스,HYPERMARKET,경상남도 거제시 상동1길 15-3,34.86122804,128.64237938,055 636 8551
홈플러스(주)익스프레스 거제고현점,홈플러스,HYPERMARKET,경상남도 거제시 중곡로 35,34.89285919,128.63203444,055-633-8548
롯데쇼핑(주) 롯데마트 거제점,롯데마트,HYPERMARKET,경상남도 거제시 서간도길 9-9 (옥포동,34.88759190,128.68922147,055-680-5801
롯데슈퍼연수점,롯데슈퍼,HYPERMARKET,인천광역시 연수구 동춘동,37.40263318,126.67462350,032 8156114
이마트 연수점,,HYPERMARKET,인천광역시 연수구 경원대로 184,37.40146942,126.68321691,032820 1052
홈플러스 인천연수점,홈플러스,HYPERMARKET,인천광역시 연수구 청능대로 210,37.40316561,126.68577482,0324308123
롯데마트연수점,롯데마트,HYPERMARKET,인천광역시 연수구 청능대로 87,37.41227512,126.67723887,0328102500
롯데마켓999 연수1동점,,HYPERMARKET,인천광역시 연수구 새말로 70,37.41679772,126.67968956,0328155601
롯데마트연수점,롯데마트,HYPERMARKET,인천광역시 연수구 청능대로 87,37.41227512,126.67723887,0328102500
롯데마켓999 연수1동점,,HYPERMARKET,인천광역시 연수구 새말로 70,37.41679772,126.67968956,0328155601
롯데쇼핑(주) 롯데마트 송도점,롯데마트,HYPERMARKET,인천광역시 연수구 컨벤시아대로 177,37.38542542,126.64544952,032-222-2523
홈플러스 인천송도점,홈플러스,HYPERMARKET,인천광역시 연수구 송도국제대로 165-0,37.37730940,126.65848460,02-3459-1720
코스트코 홀세일 송도점,코스트코,HYPERMARKET,인천광역시 연수구 송도동 98번지,37.38690962,126.63536915,02-2630-2784
트리플 스트리트,,HYPERMARKET,인천광역시 연수구 송도과학로16번길 33-1,37.37807817,126.66124839,032-260-1291
롯데쇼핑(주) 롯데마트 동두천점,롯데마트,HYPERMARKET,경기도 동두천시 평화로2169번길 21,37.87791001,127.05505984,0318302521
롯데쇼핑(주) 구리점,,HYPERMARKET,경기도 구리시 경춘로 261,37.59999397,127.14612327,550-7114
롯데슈퍼 교문점,롯데슈퍼,HYPERMARKET,경기도 구리시 장자대로37번길 55,37.58740794,127.13573789,031-569-5602
롯데쇼핑(주)구리점,,HYPERMARKET,경기도 구리시 경춘로 261,37.59999397,127.14612327,0315508083
(주)지에스리테일 GS스퀘어 구리점,,HYPERMARKET,경기도 구리시 경춘로 261,37.59999397,127.14612327,031-550-7114
삐에로쇼핑 강남논현점,,HYPERMARKET,서울특별시 강남구 논현동 164번지 5호 외 3필지,37.50524053,127.02544793,02-380-9461
스타필드 시티 명지점,,HYPERMARKET,부산광역시 강서구 명지국제6로 168,35.09008409,128.92048227,051-990-0100
경동타워 쇼핑,,HYPERMARKET,부산광역시 서구 보수대로 27 (토성동1가,35.09619843,129.02620280,051-241-3006
롯데쇼핑(주) 롯데마트 영통점,롯데마트,HYPERMARKET,경기도 수원시 영통구 봉영로 1579,37.24984727,127.07368832,031-201-7283
홈플러스(주) 동수원점,홈플러스,HYPERMARKET,경기도 수원시 팔달구 효원로 257,37.25993466,127.03223316,031-231-8128
홈플러스(주) 북수원점,홈플러스,HYPERMARKET,경기도 수원시 장안구 경수대로 930,37.29989754,127.01089795,031-259-8000
홈플러스(주) 영통점,홈플러스,HYPERMARKET,경기도 수원시 영통구 봉영로 1576,37.24894588,127.07464683,031-201-8000
(주)이마트 서수원점,,HYPERMARKET,경기도 수원시 권선구 수인로 291,37.27959371,126.97231450,031-895-1052
수원종합공구단지,,HYPERMARKET,경기도 수원시 권선구 권선로 308-18,37.25245165,126.98726077,031-291-0945
홈플러스(주)익스프레스 수원매탄2점,홈플러스,HYPERMARKET,경기도 수원시 영통구 중부대로 254,37.27168347,127.04564762,031-217-8545
타임빌라스 수원,,HYPERMARKET,경기도 수원시 권선구 세화로 134 (서둔동,37.26134243,126.99920777,031-247-3055
롯데쇼핑(주)롯데몰 광교점,,HYPERMARKET,경기도 수원시 영통구 도청로 10 (이의동,37.28341512,127.05802592,02-2118-6891
(주)이마트 광교점,,HYPERMARKET,경기도 수원시 영통구 광교로 191,37.29374732,127.04981007,02-380-9394
홈플러스(주) 원천점,홈플러스,HYPERMARKET,경기도 수원시 영통구 중부대로 437,37.26725672,127.06572349,031-252-2080
(주)지에스리테일 GS수퍼 수원아트리움점,,HYPERMARKET,경기도 수원시 장안구 이목로 24-3,37.30680864,126.98687281,02-2006-3059
광교 엘포트 몰,,HYPERMARKET,경기도 수원시 영통구 광교중앙로 145,37.28421893,127.05984360,02-2189-6000
한화갤러리아(주) 광교점,,HYPERMARKET,경기도 수원시 영통구 광교중앙로 124,37.28237680,127.05954457,02-410-7138
NC수원 터미널점,,HYPERMARKET,경기도 수원시 권선구 경수대로 270,37.24760878,127.02298611,031-8065-3614
홈플러스(주)익스프레스 매탄점,홈플러스,HYPERMARKET,경기도 수원시 영통구 효원로 363,37.25898768,127.04351296,031-212-8543
홈플러스(주)익스프레스 화서점,홈플러스,HYPERMARKET,경기도 수원시 팔달구 화양로35번길 6,37.27854344,126.99858630,031-255-8543
롯데쇼핑(주) 롯데슈퍼 정자점,롯데슈퍼,HYPERMARKET,경기도 수원시 장안구 정자천로 187,37.29373895,126.99753217,031-246-9092
롯데쇼핑(주) 롯데슈퍼 인계점,롯데슈퍼,HYPERMARKET,경기도 수원시 팔달구 권광로 262,37.26786821,127.03784456,031-217-5604
롯데쇼핑(주) 롯데슈퍼 우만점,롯데슈퍼,HYPERMARKET,경기도 수원시 팔달구 중부대로143번길 39,37.27716474,127.03423719,031-216-5603
홈플러스(주) 서수원점,홈플러스,HYPERMARKET,경기도 수원시 권선구 금곡로 236,37.27150707,126.95739602,031-8019-1024
롯데쇼핑(주) 롯데마트 광교점,롯데마트,HYPERMARKET,경기도 수원시 영통구 센트럴타운로 85(이의동,37.28784412,127.05261966,02-2145-8474
(주)이마트 수원점,,HYPERMARKET,경기도 수원시 권선구 경수대로 270,37.24760878,127.02298611,031-207-1054
트레이더스 홀세일클럽 수원점,트레이더스,HYPERMARKET,경기도 수원시 영통구 삼성로 2,37.24324388,127.05075226,031-8005-1250~1
홈플러스(주)익스프레스 수원연무점,홈플러스,HYPERMARKET,경기도 수원시 장안구 창룡대로 193,37.28988572,127.03326704,031-256-8546
(주)이마트에브리데이 매탄점,이마트 에브리데이,HYPERMARKET,경기도 수원시 영통구 인계로 219,37.26302079,127.04408991,031-213-2586
스타필드 시티 위례점,,HYPERMARKET,경기도 하남시 위례대로 200,37.47722977,127.15051338,02-380-9396
이마트 하남점,,HYPERMARKET,경기도 하남시 덕풍서로 70,37.54995173,127.20748221,02-380-5234
이마트 세종점,,HYPERMARKET,세종특별자치시 금송로 687,36.46821282,127.25312711,044-902-1234
이마트에브리데이 송파점,이마트 에브리데이,HYPERMARKET,서울특별시 송파구 송파대로 345 (가락동,37.49471406,127.10933769,
(주)서부티엔디,,HYPERMARKET,서울특별시 용산구 청파로 100,37.53001122,126.96448216,02-2689-0035
제주드림타워,,HYPERMARKET,제주특별자치도 제주시 노연로 12,33.48208195,126.48350250,064-795-0000
GS슈퍼 경주 현곡푸르지오점,,HYPERMARKET,경상북도 경주시 현곡면 용담로 538-17,35.88719267,129.17732253,054-743-0550
롯데슈퍼 용황점,롯데슈퍼,HYPERMARKET,경상북도 경주시 용황로7길 8,35.88172737,129.22950145,054-777-5968
롯데슈퍼 경주점,롯데슈퍼,HYPERMARKET,경상북도 경주시 양정로 330,35.85929544,129.22611593,054-744-5609
롯데슈퍼 동천점,롯데슈퍼,HYPERMARKET,경상북도 경주시 동천로 70,35.85093728,129.22928986,054-742-5603
롯데슈퍼 보문점,롯데슈퍼,HYPERMARKET,경상북도 경주시 보문로 529,35.83393554,129.28765951,054-777-2224
GS슈퍼 경주현곡점,,HYPERMARKET,경상북도 경주시 현곡면 안현로 8,35.86524533,129.20500225,054-774-8534
노브랜드 경주 용강점,노브랜드,HYPERMARKET,경상북도 경주시 산업로 4506,35.87803608,129.23258851,054-773-2012
이마트에브리데이 경주용강점,이마트 에브리데이,HYPERMARKET,경상북도 경주시 다불로 9,35.87399215,129.23062478,054-744-8000
GS THE FRESH 안양호계점,,HYPERMARKET,경기도 안양시 동안구 경수대로 428,37.35944030,126.96461711,02-2006-2364
GS THE FRESH 남가좌디엠씨점,,HYPERMARKET,서울특별시 서대문구 거북골로 100,37.57333784,126.91957777,02-373-9993
이마트에브리데이 홍은점,이마트 에브리데이,HYPERMARKET,서울특별시 서대문구 홍은중앙로 89,37.59625141,126.94944494,02-380-5042
지에스 더프레시(GS THE FRESH) 수원화서점,,HYPERMARKET,경기도 수원시 장안구 대평로 27,37.28699087,126.99680336,02-2006-2678
(주)이마트에브리데이 창원더스퀘어점,이마트 에브리데이,HYPERMARKET,경상남도 창원시 성산구 대암로 247,35.20075619,128.71388285,02-380-5042
(주)이마트에브리데이 목동역점,이마트 에브리데이,HYPERMARKET,서울특별시 양천구 목동로 183,37.52203893,126.86632781,02-2039-0818
센터포인트 명동,,HYPERMARKET,서울특별시 중구 남대문로2가 9-1,37.56185216,126.98479808,02-3452-2379
홈플러스 익스프레스 경주 안강점,홈플러스,HYPERMARKET,경상북도 경주시 안강읍 구부랑4길 2,35.99925667,129.19898973,054-761-8545
GS THE FRESH 부산 온천점,,HYPERMARKET,부산광역시 동래구 차밭골로 6-5,35.21288304,129.08291189,051-553-3130
GS THE FRESH 동래래미안점,,HYPERMARKET,부산광역시 동래구 금정마을로 150,35.20836513,129.07126586,051-555-1789
(주)이마트에브리데이 가양역점,이마트 에브리데이,HYPERMARKET,서울특별시 강서구 양천로 476,37.55881457,126.85535627,
코스트코 홀세일 청라점,코스트코,HYPERMARKET,인천광역시 서구 청라동 12-2,37.53682671,126.61886903,02-2630-2671
서경백화점,,HYPERMARKET,인천광역시 서구 가정로 369,37.51512001,126.67464200,032-583-3377
(주)이마트군산점,,HYPERMARKET,전북특별자치도 군산시 구암3.1로 137,35.97976188,126.73678846,063-472-1053
롯데쇼핑 (주) 롯데마트군산점,롯데마트,HYPERMARKET,전북특별자치도 군산시 수송로 185,35.96184107,126.71845444,063-441-2520
롯데쇼핑(주) 롯데백화점 전주점,,HYPERMARKET,전북특별자치도 전주시 완산구 온고을로 2,35.83153522,127.12389600,063-289-3611
홈플러스 주식회사 전주완산점,홈플러스,HYPERMARKET,전북특별자치도 전주시 완산구 기린대로 170,35.82071718,127.15215999,063-263-2080
롯데쇼핑(주) 롯데마트 전주점,롯데마트,HYPERMARKET,전북특별자치도 전주시 완산구 우전로 240,35.81335698,127.10462874,063-249-2500
롯데쇼핑(주)롯데마트맥스 송천점,롯데마트,HYPERMARKET,전북특별자치도 전주시 덕진구 송천중앙로 82,35.85156315,127.12253937,063)276-7350
홈플러스 주식회사 전주점,홈플러스,HYPERMARKET,전북특별자치도 전주시 덕진구 백제대로 771,35.84451662,127.15500970,0632498120
전주코아백화점,,HYPERMARKET,전북특별자치도 전주시 완산구 팔달로 262-6 (서노송동,35.82252893,127.14687994,281-1612
(주)이마트 전주점,,HYPERMARKET,전북특별자치도 전주시 완산구 당산로 111,35.82959208,127.12238130,063  2591050
노벨리나,,HYPERMARKET,전북특별자치도 전주시 완산구 전주객사4길 19 (고사동,35.81559381,127.14579113,063)715-6100
롯데쇼핑(주)롯데수퍼효자점,,HYPERMARKET,전북특별자치도 전주시 완산구 효동2길 8,35.80247345,127.12878881,063-224-4545
홈플러스(주) 전주효자점,홈플러스,HYPERMARKET,전북특별자치도 전주시 완산구 용머리로 31,35.80361942,127.11611571,0632818125
디쟈트,,HYPERMARKET,전북특별자치도 전주시 완산구 충경로 45,35.81487891,127.14591579,063-286-3546
롯데쇼핑(주)롯데마트 익산점,롯데마트,HYPERMARKET,전북특별자치도 익산시 무왕로 1053,35.95611001,126.97610532,063-830-2500
(주)이마트 익산점,,HYPERMARKET,전북특별자치도 익산시 평동로 705,35.92763167,126.96007178,063-860-1052
홈플러스(주) 익산점,홈플러스,HYPERMARKET,전북특별자치도 익산시 무왕로 1035,35.95594200,126.97437570,063-540-8287
대전신세계 엑스포점,,HYPERMARKET,대전광역시 유성구 엑스포로 1,36.37442653,127.38644000,1588-1234
(주)이마트에브리데이(이천점),이마트 에브리데이,HYPERMARKET,경기도 이천시 중리천로 18,37.27720373,127.44194736,031-638-0017
롯데프레시 김포구래가맹점,롯데프레시,HYPERMARKET,경기도 김포시 김포한강10로133번길 142,37.64187334,126.62154466,031)982-6766
한성몰 남양주점,,HYPERMARKET,경기도 남양주시 화도읍 경춘로 1725,37.65377658,127.28383755,02-2211-1311
(주)이마트에브리데이 율하점,이마트 에브리데이,HYPERMARKET,대구광역시 동구 안심로22길 60-23,35.86014014,128.69679386,053-964-9000
홈플러스 광양점,홈플러스,HYPERMARKET,전라남도 광양시 항만11로 70,34.92527079,127.69694951,061-760-8122
이마트에브리데이 오창산단점,이마트 에브리데이,HYPERMARKET,충청북도 청주시 청원구 오창읍 주성1길 18-6,36.73077946,127.45405652,02-380-5042
(주)지에스리테일 만덕이편한점,,HYPERMARKET,부산광역시 북구 상학로 36,35.21371781,129.04038950,051-331-6169
롯데마트 검단점,롯데마트,HYPERMARKET,인천광역시 서구 원당대로 581,37.59175175,126.66658383,560-2500
구의 자이르네 판매시설,,HYPERMARKET,서울특별시 광진구 광나루로39길 11,37.54270021,127.09088790,024578045
홈플러스(주) 광주하남점,홈플러스,HYPERMARKET,광주광역시 광산구 용아로 390,35.17488281,126.80747242,062-616-8125
홈플러스(주) 문경점,홈플러스,HYPERMARKET,경상북도 문경시 모전로 65,36.58439489,128.19247340,054 559 8000
(주)지에스리테일 문경점,,HYPERMARKET,경상북도 문경시 영신로 12,36.59092445,128.20217336,054-552-9573
김기민,,HYPERMARKET,경상남도 창원시 마산회원구 양덕옛2길 13,35.22599438,128.57858972,051-330-2553
롯데쇼핑(주)롯데슈퍼상남점,롯데슈퍼,HYPERMARKET,경상남도 창원시 성산구 동산로 122-0 (상남동,35.21360184,128.69429312,055-267-5601
롯데쇼핑(주) 롯데마트 양덕점,롯데마트,HYPERMARKET,경상남도 창원시 마산회원구 삼호로 80,35.22201792,128.58755849,02-2145-8473
(주)이마트에브리데이 창원사림점,이마트 에브리데이,HYPERMARKET,경상남도 창원시 의창구 사림로45번길 8,35.24477325,128.68033292,055-714-8291
노브랜드 창원대동점,노브랜드,HYPERMARKET,경상남도 창원시 성산구 원이대로 730,35.21639488,128.69071526,055-212-8795
롯데백화점 창원점 신관,,HYPERMARKET,경상남도 창원시 성산구 상남로 121,35.22150180,128.68524002,055-279-2702
농협하나로마트창원점,하나로마트,HYPERMARKET,경상남도 창원시 의창구 지귀로12번길 31,35.24034211,128.65456756,055-210-8800
농협 하나로마트 남양점,하나로마트,HYPERMARKET,경상남도 창원시 성산구 대암로 40-18 (남양동,35.21031694,128.70314948,055-279-8122
롯데마트 삼계점,롯데마트,HYPERMARKET,경상남도 창원시 마산회원구 내서읍 경남대로 927,35.22986117,128.50638065,055-719-5213
내서농협 삼계지점,,HYPERMARKET,경상남도 창원시 마산회원구 내서읍 삼계로 13,35.22869802,128.50575434,055-232-8980
내서농협 호계지점,,HYPERMARKET,경상남도 창원시 마산회원구 내서읍 호원로 307,35.25781398,128.52493447,055-231-5005
(주)지에스리테일 창원유니시티점,,HYPERMARKET,경상남도 창원시 의창구 중동로 33,35.25327754,128.62914680,051-510-4646
노브랜드 현동점 주식회사,노브랜드,HYPERMARKET,경상남도 창원시 마산합포구 현동4길 10,35.14859546,128.55477950,
노브랜드 진해자은점,노브랜드,HYPERMARKET,경상남도 창원시 진해구 장복대로 171,35.15205724,128.71494105,055-546-7773
롯데슈퍼 인천만수가맹점,롯데슈퍼,HYPERMARKET,인천광역시 남동구 복개동로34번길 25,37.44812923,126.72994530,032 463 5887
(주) 이마트 검단점,,HYPERMARKET,인천광역시 서구 서곶로 754,37.58258436,126.67868700,0324401054
홈플러스 가좌점,홈플러스,HYPERMARKET,인천광역시 서구 가정로151번길 11,37.49481596,126.67280237,0324538124
롯데쇼핑(주)롯데슈퍼신현점,롯데슈퍼,HYPERMARKET,인천광역시 서구 염곡로 351,37.51335577,126.67024612,575-7400
롯데쇼핑 (주) 롯데마트 청라점,롯데마트,HYPERMARKET,인천광역시 서구 청라커낼로 252,37.52810224,126.64902857,02-2145-8474
청라스퀘어세븐,,HYPERMARKET,인천광역시 서구 청라루비로 76,37.52949453,126.64372813,032-5674-8235
GS THE FRESH 노원캐슬점,,HYPERMARKET,서울특별시 노원구 덕릉로 753,37.66216718,127.07995632,
롯데쇼핑(주)롯데마트안성점,롯데마트,HYPERMARKET,경기도 안성시 공도읍 서동대로 4478,37.00495272,127.20172816,031-691-2500
(주)이마트 안성점,,HYPERMARKET,경기도 안성시 중앙로 246,37.00986345,127.25810878,686 1234
서안성농협 하나로마트,하나로마트,HYPERMARKET,경기도 안성시 공도읍 덕봉서원로 68,37.00696001,127.17429835,653-2921
안성축산농협 하나로마트,하나로마트,HYPERMARKET,경기도 안성시 안성맞춤대로 833,36.98582118,127.26992956,031-8046-8000
(주)지에스리테일 안성점,,HYPERMARKET,경기도 안성시 중앙로 430,37.00326942,127.27645863,0316778056
(주)이마트안성,,HYPERMARKET,경기도 안성시 중앙로 246,37.00986345,127.25810878,031-678-1234
홈플러스(주)익스프레스 산본점,홈플러스,HYPERMARKET,경기도 군포시 고산로 691,37.36895418,126.93689612,02-3459-8000
(주)이마트에브리데이 당동점,이마트 에브리데이,HYPERMARKET,경기도 군포시 군포로 502,37.34826785,126.94722453,031-451-5200
(주)이마트 산본점,,HYPERMARKET,경기도 군포시 산본로 347,37.35830159,126.93359687,031-450-1053
동두천농협하나로마트,하나로마트,HYPERMARKET,경기도 동두천시 중앙로 207,37.89711820,127.05435137,031-861-3300
홈플러스(주)익스프레스동두천지행점,홈플러스,HYPERMARKET,경기도 동두천시 지행로 50,37.88932456,127.05470275,0318668545
원그로브몰,,HYPERMARKET,서울특별시 강서구 공항대로 165,37.55848583,126.82687457,02-6925-2518
롯데쇼핑(주)롯데슈퍼 산본2동점,롯데슈퍼,HYPERMARKET,경기도 군포시 고산로677번길 40,37.36999697,126.93266173,031-393-5601
LOTTE FITIN 산본점,,HYPERMARKET,경기도 군포시 번영로 485,37.35498563,126.93278191,02-2299-2684
트레이더스 홀세일 클럽 군포점,트레이더스,HYPERMARKET,경기도 군포시 삼성로 74,37.33730588,126.93679148,031-361-3456
롯데슈퍼전곡점,롯데슈퍼,HYPERMARKET,경기도 연천군 전곡읍 전곡로 187-1,38.02545760,127.06837519,031-832-6981
홈플러스(주) 청주성안점,홈플러스,HYPERMARKET,충청북도 청주시 상당구 사직대로 346,36.63338646,127.48811503,043 259 2080
홈플러스(주)청주점,홈플러스,HYPERMARKET,충청북도 청주시 흥덕구 서부로 1291,36.61252850,127.44444232,043-249-8106
홈플러스(주) 오창점,홈플러스,HYPERMARKET,충청북도 청주시 청원구 오창읍 중심상업1로 8-11,36.71012111,127.43034706,043 249 8124
롯데쇼핑(주) 롯데마트상당점,롯데마트,HYPERMARKET,충청북도 청주시 상당구 용암북로160번길 60,36.61750797,127.51828075,043 2907000
홈플러스(주) 동청주점,홈플러스,HYPERMARKET,충청북도 청주시 청원구 충청대로 114,36.66381445,127.49717522,0432908000
롯데쇼핑(주)롯데슈퍼율량점,롯데슈퍼,HYPERMARKET,충청북도 청주시 청원구 율봉로 169,36.66642221,127.49054770,043-212-0125
(주)이마트에브리데이 탑동점,이마트 에브리데이,HYPERMARKET,충청북도 청주시 상당구 용담로82번길 16,36.62895432,127.50291442,043-254-8601
(주)이마트에브리데이 모충동점,이마트 에브리데이,HYPERMARKET,충청북도 청주시 서원구 남들로 44,36.61914893,127.48720846,043-287-0480
홈플러스(주)익스프레스 청주개신점,홈플러스,HYPERMARKET,충청북도 청주시 서원구 경신로 45,36.61832491,127.44908128,0433231 8574
홈플러스(주)익스프레스 수곡점,홈플러스,HYPERMARKET,충청북도 청주시 서원구 구룡산로 321,36.61578365,127.48234604,043-286-8541
(주)지에스리테일 청주봉명점,,HYPERMARKET,충청북도 청주시 흥덕구 1순환로 576,36.63902917,127.46329864,043-265-4612
홈플러스 익스프레스 청주 용암점,홈플러스,HYPERMARKET,충청북도 청주시 상당구 월평로 174,36.60756288,127.50584158,043-291-8451
현대백화점 충청점,,HYPERMARKET,충청북도 청주시 흥덕구 직지대로 308,36.64185842,127.42839448,043-909-2233
(주)지에스리테일 청주점,,HYPERMARKET,충청북도 청주시 서원구 구룡산로 242,36.61305387,127.47432763,043-292-1888
(주)지에스리테일 청주사직점,,HYPERMARKET,충청북도 청주시 서원구 창직로55번길 7,36.62804867,127.46960045,043-263-4600
롯데쇼핑(주)롯데마트 청주점,롯데마트,HYPERMARKET,충청북도 청주시 흥덕구 풍산로 15,36.62387556,127.43411496,0432362500
신라쇼핑쎈타,,HYPERMARKET,충청북도 청주시 서원구 사직대로144번길 34,36.63066407,127.46499377,043 2744437
롯데슈퍼오룡가맹점,롯데슈퍼,HYPERMARKET,전라남도 무안군 일로읍 오룡번영로 185,34.80418142,126.49046927,0610000000
주식회사 아산마트오창점,,HYPERMARKET,충청북도 청주시 청원구 오창읍 공항로 1033-23,36.73666100,127.45280298,043-215-4200
영등포 중흥 에스클래스,,HYPERMARKET,서울특별시 영등포구 선유서로24길 6 (양평동1가,37.52059713,126.88836661,02-2038-8575
롯데프레시 대구구지점,롯데프레시,HYPERMARKET,대구광역시 달성군 구지면 국가산단북로60길 59,35.65517588,128.42206206,053-615-3705
인천 스타트업파크,,HYPERMARKET,인천광역시 연수구 컨벤시아대로 204,37.38500754,126.64189894,032-228-1218
다농엘마트,,HYPERMARKET,충청북도 청주시 흥덕구 엘지로 34,36.65837588,127.43894132,043-268-6553
GS THE FRESH 공릉역점,,HYPERMARKET,서울특별시 노원구 동일로192길 23,37.62353614,127.07626921,02-2006-2364
노브랜드 청주복대2점,노브랜드,HYPERMARKET,충청북도 청주시 흥덕구 대농로 49-1,36.63941975,127.43019266,0430000000
GS THE FRESH 신방화역점,,HYPERMARKET,서울특별시 강서구 마곡서1로 115-1,37.56391720,126.82065250,02-2665-1018
에비뉴 드 엘로이,,HYPERMARKET,경기도 고양시 일산동구 풍동 1183,37.66075530,126.79420441,02-782-9114
롯데마트 연수점,롯데마트,HYPERMARKET,인천광역시 연수구 청능대로 87,37.41227512,126.67723887,032-810-2500
롯데마트 송도점,롯데마트,HYPERMARKET,인천광역시 연수구 컨벤시아대로 177,37.38542542,126.64544952,032-222-2523
GS THE FRESH 광명트리우스점,,HYPERMARKET,경기도 광명시 광이로 96,37.48347896,126.86202193,02-2060-6285
GS THE FRESH 구의역점,,HYPERMARKET,서울특별시 광진구 자양로18길 33,37.53525190,127.08748306,02-2006-2364
GS THE FRESH 압구정점,,HYPERMARKET,서울특별시 강남구 압구정로 312,37.52595616,127.03761865,02 2006-2678
롯데쇼핑(주)롯데슈퍼 진안점,롯데슈퍼,HYPERMARKET,전북특별자치도 진안군 진무로 1004-0,35.78247554,127.42497637,
롯데쇼핑(주)롯데슈퍼 진안점,롯데슈퍼,HYPERMARKET,전북특별자치도 진안군 진안읍 군하리 309번지,35.78247554,127.42497637,02-2290-5853
김제축협매장,,HYPERMARKET,전북특별자치도 김제시 남북로 218,35.80045314,126.88678151,063 5460450
농협하나로마트,하나로마트,HYPERMARKET,전북특별자치도 김제시 동서로 185,35.79745757,126.89060462,063 5443700
뉴마트,,HYPERMARKET,전북특별자치도 김제시 신풍동 44번지,35.79132669,126.90317482,063 5451007
홈플러스(주) 김제점,홈플러스,HYPERMARKET,전북특별자치도 김제시 금성로 114,35.79669806,126.90493998,063)540-8224
롯데쇼핑(주) 롯데마트 정읍점,롯데마트,HYPERMARKET,전북특별자치도 정읍시 벚꽃로 85 (농소동,35.57663137,126.84253047,063-570-2500
이마트 남원점,,HYPERMARKET,전북특별자치도 남원시 남문로 385-16,35.40458697,127.37693740,063-620-3123
롯데쇼핑(주) 롯데마트 남원점,롯데마트,HYPERMARKET,전북특별자치도 남원시 춘향로 96,35.42028973,127.39489422,063-620-2500
오수관촌농협 오수하나로마트,하나로마트,HYPERMARKET,전북특별자치도 임실군 오수면 오수로 145,35.53463115,127.33068803,063-642-8025
임실농협 강진하나로마트,하나로마트,HYPERMARKET,전북특별자치도 임실군 강진면 호국로 41,35.52693612,127.16527911,643-1016
임실농협 임실하나로마트,하나로마트,HYPERMARKET,전북특별자치도 임실군 임실읍 운수로 22,35.61188461,127.28531140,063-642-2506
임실축협하나로마트,하나로마트,HYPERMARKET,전북특별자치도 임실군 임실읍 운수로 6,35.61291111,127.28429102,063-640-3604
오수관촌농협관촌지점하나로마트,하나로마트,HYPERMARKET,전북특별자치도 임실군 관촌면 사선로 42,35.67141943,127.27263583,063-642-0340
오수관촌농협관촌지점하나로마트,하나로마트,HYPERMARKET,전북특별자치도 임실군 관촌면 사선로 42,35.67141943,127.27263583,063-642-0340
맘마마트 천안점,,HYPERMARKET,충청남도 천안시 서북구 월봉로 95,36.79730999,127.11887802,070-4060-4128
홈플러스익스프레스 도곡2점,홈플러스,HYPERMARKET,서울특별시 강남구 논현로28길 9,37.47995322,127.04545982,3463-8545
파미어스몰,,HYPERMARKET,경기도 성남시 수정구 창업로 17,37.40924566,127.10019816,02-6959-7817
GS THE FRESH 방학신동아점,,HYPERMARKET,서울특별시 도봉구 시루봉로 103-1,37.65730337,127.02948072,955-2739
에이케이플라자(주) 광명점,,HYPERMARKET,경기도 광명시 양지로 17,37.41593661,126.88473765,070-4770-0796
엘시티 더 몰,,HYPERMARKET,부산광역시 해운대구 달맞이길 30 (중동,35.15747275,129.17105690,051-781-8001
(주)이마트에브리데이 인천도화점,이마트 에브리데이,HYPERMARKET,인천광역시 미추홀구 숙골로88번길 12,37.46724281,126.66723023,
트레이더스 홀세일 클럽 동탄점,트레이더스,HYPERMARKET,경기도 화성시 동탄대로 451,37.19066945,127.09921101,02-380-9429
홈플러스(주),홈플러스,HYPERMARKET,경상북도 문경시 모전로 65,36.58439489,128.19247340,559-8000
군포송정 풍산리치안 플랫몰,,HYPERMARKET,경기도 군포시 송부로96번길 12,37.31281803,126.92597471,031-8003-6400
오산 원동 상점가,,HYPERMARKET,경기도 오산시 원동로37번길 27,37.14174591,127.07297849,
홈플러스(주) 안동점,홈플러스,HYPERMARKET,경상북도 안동시 경동로 656,36.55965058,128.73179659,0548408300
부산 오시리아 테마파크 판매시설,,HYPERMARKET,부산광역시 기장군 기장읍 시랑리 산 46,35.19153456,129.21705855,02-6959-7869
이마트 봉선점,,HYPERMARKET,광주광역시 남구 봉선로 198,35.11933805,126.91809958,062-611-1234
주식회사 이마트 둔산점,,HYPERMARKET,대전광역시 서구 둔산북로 41,36.35341243,127.38030920,0424791053
스타게이트씨네몰,,HYPERMARKET,대전광역시 서구 대덕대로 325,36.35897623,127.38105721,042-488-2062
패션월드,,HYPERMARKET,대전광역시 서구 월평새뜸로 5,36.34897453,127.35492409,0424854184
홈플러스(주) 익스프레스 괴정점,홈플러스,HYPERMARKET,대전광역시 서구 갈마로 257,36.33043533,127.38459182,042 525 8546
테크노월드,,HYPERMARKET,대전광역시 서구 대덕대로 408,36.36638171,127.38213448,042-610-6154
(주)이마트 트레이더스 월평점,트레이더스,HYPERMARKET,대전광역시 서구 한밭대로 580,36.35474248,127.36509699,0427181234
홈플러스(주) 익스프레스 용문점,홈플러스,HYPERMARKET,대전광역시 서구 계룡로 648,36.33490562,127.39558089,0425288546
(주)프러스퍼러티,,HYPERMARKET,대전광역시 서구 대덕대로 216,36.34891483,127.38154386,0425361500
LK마트(빌딩),,HYPERMARKET,대전광역시 서구 도산로314번길 19,36.33044754,127.39096406,042-537-0945
(주) 한화갤러리아 타임월드,,HYPERMARKET,대전광역시 서구 대덕대로 211,36.34890928,127.38016520,042 4805562
(주)경성건설쇼핑,,HYPERMARKET,대전광역시 서구 대덕대로 150,36.34175021,127.37899496,04252208877
선사엔조이,,HYPERMARKET,대전광역시 서구 대덕대로317번길 20,36.35845340,127.38054896,042-483-2123
황실코아,,HYPERMARKET,대전광역시 서구 청사로 65,36.35800992,127.37386858,042 4891540
복수삼익목화,,HYPERMARKET,충청북도 충주시 주덕읍 신양리,36.97089115,127.81225649,042 5833244
롯데백화점 대전점,,HYPERMARKET,대전광역시 서구 계룡로 598,36.33768941,127.39168699,042-601-3102
리틀파워존,,HYPERMARKET,대전광역시 서구 관저중로 98,36.29796685,127.33754015,042-542-0991
삼성테스코(주) 홈플러스 동대전점,홈플러스,HYPERMARKET,대전광역시 동구 한밭대로 1282 (용전동,36.35089149,127.43949174,042 6088124
홈플러스(주) 대전가오점,홈플러스,HYPERMARKET,대전광역시 동구 은어송로 72,36.30399356,127.46015146,0422818120
패션아일랜드 대전점,,HYPERMARKET,대전광역시 동구 은어송로 72,36.30399356,127.46015146,042-280-9004
롯데쇼핑(주) 롯데마트 동대전점,롯데마트,HYPERMARKET,대전광역시 동구 동대전로 67,36.32645688,127.44392748,042-607-7700
홈플러스(주)대전가오점,홈플러스,HYPERMARKET,대전광역시 동구 은어송로 72,36.30399356,127.46015146,281-8001
(주)이마트 대전터미널점,,HYPERMARKET,대전광역시 동구 동서대로 1689,36.34744480,127.43876768,042-615-1234
(주)롯데프레시용운점,롯데프레시,HYPERMARKET,대전광역시 동구 동부로85번길 19-8,36.32011541,127.46329978,042-271-6001
(주)이마트 대전터미널점,,HYPERMARKET,대전광역시 동구 동서대로 1689,36.34744480,127.43876768,
이마트 대전터미널점,,HYPERMARKET,대전광역시 동구 동서대로 1689 (용전동,36.34744480,127.43876768,042-615-1234
패션아일랜드 대전점,,HYPERMARKET,대전광역시 동구 은어송로 72,36.30399356,127.46015146,042-280-9073
홈플러스(주) 동대전점,홈플러스,HYPERMARKET,대전광역시 동구 한밭대로 1282,36.35089149,127.43949174,042 608 8124
홈플러스(주)대전가오점,홈플러스,HYPERMARKET,대전광역시 동구 은어송로 72,36.30399356,127.46015146,0422818001
(주) 이마트 문현점,,HYPERMARKET,부산광역시 남구 전포대로91번길 47,35.14123546,129.06652301,0516091052
홈플러스(주) 부산감만점,홈플러스,HYPERMARKET,부산광역시 남구 우암로 124,35.11837892,129.08458763,0516098124
홈플러스(주) 익스프레스 문현점,홈플러스,HYPERMARKET,부산광역시 남구 고동골로 66,35.13985413,129.07368704,051 638 8545
농협하나로마트 용호점,하나로마트,HYPERMARKET,부산광역시 남구 용호로 228,35.10878083,129.11283197,051-621-3200
(주)메가마트 문현점,,HYPERMARKET,부산광역시 남구 수영로39번길 2-5 (문현동,35.13447616,129.07490033,051-633-8405
롯데쇼핑(주)롯데슈퍼 문현점,롯데슈퍼,HYPERMARKET,부산광역시 남구 지게골로 45,35.13275902,129.07286815,0516365601
비아이에프씨몰(BIFC Mall),,HYPERMARKET,부산광역시 남구 문현금융로 40,35.14370907,129.06801188,051)913-5000
W 스퀘어,,HYPERMARKET,부산광역시 남구 용호동 954번지,35.13036522,129.11498722,051)630-5000
다보네가구,,HYPERMARKET,부산광역시 남구 이기대공원로 450,35.10516478,129.11571543,051)625-2532
(주)이마트 금정점,,HYPERMARKET,부산광역시 금정구 중앙대로1841번길 24,35.24712132,129.09288696,051 606 1052
NC 부산대점,,HYPERMARKET,부산광역시 금정구 부산대학로63번길 2,35.23038641,129.08264400,051-509-7000
(주)GS리테일 부산장전점,,HYPERMARKET,부산광역시 금정구 금강로 209,35.22408152,129.08500888,051-510-4698
홈플러스 진해점,홈플러스,HYPERMARKET,경상남도 창원시 진해구 충장로 356,35.15011515,128.69336912,055-540-8124
(주)신세계이마트마산점,,HYPERMARKET,경상남도 창원시 마산합포구 서성로 3,35.19477211,128.57195790,711-1052
(주)대현프리몰 창원점,,HYPERMARKET,경상남도 창원시 마산회원구 3·15대로 지하 758,35.23560950,128.58494224,292 7988
홈플러스 마산점,홈플러스,HYPERMARKET,경상남도 창원시 마산회원구 삼호로 56,35.21957712,128.58796826,055-259-8124
홈플러스(주)익스프레스 마산양덕점,홈플러스,HYPERMARKET,경상남도 창원시 마산회원구 율림교로 12,35.22596025,128.58690120,055-297-8593
홈플러스(주) 익스프레스 석전점,홈플러스,HYPERMARKET,경상남도 창원시 마산회원구 양덕서8길 10,35.22862525,128.58054350,055 255 8545
홈플러스(주) 익스프레스 마산호계점,홈플러스,HYPERMARKET,경상남도 창원시 마산회원구 내서읍 광려천북로 198-2,35.26349122,128.52580538,0552328052
롯데쇼핑(주)롯데슈퍼 합천점,롯데슈퍼,HYPERMARKET,경상남도 합천군 합천읍 충효로 39,35.56081241,128.16285997,055-931-5601
(주)GS지에스리테일 마산점,,HYPERMARKET,경상남도 창원시 마산합포구 월영동서로 20,35.17682747,128.56303985,055-246-7114
(주)GS지에스리테일 마산회원점,,HYPERMARKET,경상남도 창원시 마산회원구 북성로 138,35.21637960,128.57334493,055-715-7030
(주)지에스리테일 대방점,,HYPERMARKET,경상남도 창원시 성산구 가양로124번길 5-12,35.20568201,128.70957700,055-263-4665
(주)GS지에스리테일 진해여좌점,,HYPERMARKET,경상남도 창원시 진해구 충장로 87,35.14979155,128.66381854,055-552-8867
(주)기산프라쟈,,HYPERMARKET,경상남도 창원시 마산합포구 오동동14길 29,35.20218301,128.58301719,0551 2434577
(주)아람마트 창원점,,HYPERMARKET,경상남도 창원시 성산구 원이대로393번길 25,35.23689044,128.66476962,055 2763535
홈플러스 창원점,홈플러스,HYPERMARKET,경상남도 창원시 의창구 창원대로 415,35.23104716,128.64591027,055-270-8124
롯데백화점 창원점,,HYPERMARKET,경상남도 창원시 성산구 중앙대로 124,35.22146846,128.68414284,055-279-2500
(주)신세계 마산점,,HYPERMARKET,경상남도 창원시 마산합포구 합포로 251,35.21652786,128.58858004,055 240 1041
(주) 이마트 창원점,,HYPERMARKET,경상남도 창원시 성산구 원이대로 608,35.22329224,128.68217820,055 211 1052
롯데슈퍼 마산자산점,롯데슈퍼,HYPERMARKET,경상남도 창원시 마산합포구 자산솔밭로 51,35.19873361,128.56096058,055-224-0426
대동백화점,,HYPERMARKET,경상남도 창원시 성산구 원이대로 730,35.21639488,128.69071526,055 212 8063
신세계 이마트 창원점,,HYPERMARKET,경상남도 창원시 성산구 원이대로 608,35.22329224,128.68217820,055-211-1053
신세계 이마트 창원점,,HYPERMARKET,경상남도 창원시 성산구 원이대로 608,35.22329224,128.68217820,055-211-1053
신세계 이마트 창원점,,HYPERMARKET,경상남도 창원시 성산구 원이대로 608,35.22329224,128.68217820,055-211-1053
롯데쇼핑(주)롯데마트진해점,롯데마트,HYPERMARKET,경상남도 창원시 진해구 진해대로 762,35.15511570,128.70098068,055 540 7050
롯데쇼핑(주) 롯데마트 시티세븐점,롯데마트,HYPERMARKET,경상남도 창원시 성산구 원이대로 320,35.23697311,128.65511427,055-385-2500
City7 Mall,,HYPERMARKET,경상남도 창원시 성산구 원이대로 320,35.23697311,128.65511427,055 600 5100
(주)신세계마트 이마트 마산점,,HYPERMARKET,경상남도 창원시 마산합포구 서성로 3,35.19477211,128.57195790,055-711-1052
(주) 이마트 마산점,,HYPERMARKET,경상남도 창원시 마산합포구 서성로 3,35.19477211,128.57195790,055 711 1052
(주)대우인터내서널 대우백화점,,HYPERMARKET,경상남도 창원시 마산합포구 동서동로 18 (신포동2가,35.19835095,128.57561455,240-5000
(유) 에브라임이노베이션 울산지점,,HYPERMARKET,울산광역시 중구 젊음의2거리 33,35.55012409,129.32279940,052-243-2911
홈플러스(주) 울산점,홈플러스,HYPERMARKET,울산광역시 중구 번영로 475,35.56139239,129.33696038,052-702-8087
(주)지에스리테일 GS더프레시 울산태화점,,HYPERMARKET,울산광역시 중구 명륜로 23,35.55134791,129.31102882,052-246-8116
이마트 세종점,,HYPERMARKET,세종특별자치시 금송로 687,36.46821282,127.25312711,044-902-1234
코스트코 홀세일 세종점,코스트코,HYPERMARKET,세종특별자치시 종합운동장1로 14,36.46456613,127.27132901,1899-9900
KT&G Mall 세종A관,,HYPERMARKET,세종특별자치시 한누리대로 411,36.49820873,127.26097733,02-3404-4941
(주)지에스리테일 진천점,,HYPERMARKET,충청북도 진천군 진천읍 남산길 78,36.85086763,127.44581111,043-536-2303
홈플러스(주) 조치원점,홈플러스,HYPERMARKET,세종특별자치시 조치원읍 허만석로 60,36.58340081,127.29975416,044-861-8124
홈플러스(주) 세종점,홈플러스,HYPERMARKET,세종특별자치시 절재로 154,36.50439708,127.26097649,044-715-8124
롯데몰 김포공항,,HYPERMARKET,서울특별시 강서구 하늘길 38 (방화동,37.56226398,126.80507624,000261164000
(주)에브리데이리테일 창동점,,HYPERMARKET,서울특별시 도봉구 도봉로104길 53,37.64069464,127.03719817,903-0900
롯데슈퍼 쌍문점,롯데슈퍼,HYPERMARKET,서울특별시 도봉구 도당로 10,37.65640246,127.03744389,903-5601
롯데프레쉬 창동점,,HYPERMARKET,서울특별시 도봉구 도봉로110길 65,37.64368038,127.03923930,903-5602
홈플러스(주)방학점,홈플러스,HYPERMARKET,서울특별시 도봉구 도봉로 678,37.66205638,127.04584954,000209122080
삼익쇼핑,,HYPERMARKET,서울특별시 도봉구 덕릉로57길 30,37.63729245,127.03938684,02-907-0033
(주)에브리데이리테일 창동점,,HYPERMARKET,서울특별시 도봉구 도봉로104길 53,37.64069464,127.03719817,903-0900
롯데슈퍼 방학점,롯데슈퍼,HYPERMARKET,서울특별시 도봉구 방학로 223,37.65864610,127.02925594,3491-4297
(주)이마트천호점,,HYPERMARKET,서울특별시 강동구 천호대로 1017,37.53584400,127.12765661,2224 1053
강동한신휴플러스,,HYPERMARKET,서울특별시 강동구 진황도로 99,37.53325308,127.13959104,02-3393-3466
홈플러스 강동점,홈플러스,HYPERMARKET,서울특별시 강동구 양재대로 1571,37.54291789,127.14436569,000234008000
(주)지에스리테일 명일점,,HYPERMARKET,서울특별시 강동구 양재대로 1630,37.54857951,127.14635464,4763708
현대백화점 천호점,,HYPERMARKET,서울특별시 강동구 천호대로 1005 (천호동,37.53622557,127.12657088,02-2225-8702
(주)이마트명일점,,HYPERMARKET,서울특별시 강동구 고덕로 276,37.55187383,127.15795883,0221451051
롯데프리미엄푸드마켓 공덕점,,HYPERMARKET,서울특별시 마포구 마포대로 109 (공덕동,37.54213253,126.95269375,7065602
(주)이마트 마포점,,HYPERMARKET,서울특별시 마포구 백범로 212,37.53964491,126.95546258,3809414
(주)이마트 마포점,,HYPERMARKET,서울특별시 마포구 백범로 212,37.53964491,126.95546258,2197-1234
홈플러스 합정점,홈플러스,HYPERMARKET,서울특별시 마포구 양화로 45 (서교동,37.54813686,126.91587664,34598000
정도진흥기업(주),,HYPERMARKET,서울특별시 마포구 신촌로 94,37.55232392,126.93807761,320-2511
YZ Park 홍대점,,HYPERMARKET,서울특별시 마포구 양화로 176,37.55451787,126.92701968,02-517-7885
홈플러스익스프레스 도화점,홈플러스,HYPERMARKET,서울특별시 마포구 도화4길 73 (도화동,37.53498486,126.95388489,02-3272-8544
홈플러스(주) 신도림점,홈플러스,HYPERMARKET,서울특별시 구로구 경인로 661,37.50661829,126.88983521,0226182080
(주) 이마트 신도림점,,HYPERMARKET,서울특별시 구로구 새말로 97 (구로동,37.50417103,126.89241091,380-5234
나인스에비뉴,,HYPERMARKET,서울특별시 구로구 구로중앙로 134,37.49709301,126.88620402,852-7550
신도림 테크노마트,,HYPERMARKET,서울특별시 구로구 새말로 97 (구로동,37.50417103,126.89241091,3424-7800
홈플러스 익스프레스 서울구로점,홈플러스,HYPERMARKET,서울특별시 구일로10길 27,37.49307709,126.87481274,02-868-8726
(주)이마트에브리데이 개봉동점,이마트 에브리데이,HYPERMARKET,서울특별시 구로구 개봉로17길 34,37.48887500,126.85598889,000226842013
주양쇼핑,,HYPERMARKET,서울특별시 강동구 고덕로62길 55,37.54972099,127.15561191,428-7744
(주)지에스리테일 암사캐슬점,,HYPERMARKET,서울특별시 강동구 고덕로 133,37.55251208,127.14250035,69332502
홈플러스(주) 익스프레스 암사점,홈플러스,HYPERMARKET,서울특별시 강동구 고덕로24길 50,37.54957672,127.13721270,4410671
홈플러스(주) 익스프레스 성내점,홈플러스,HYPERMARKET,서울특별시 강동구 풍성로 138,37.52841402,127.12944974,4758546
(주)이마트에브리데이 명일동점,이마트 에브리데이,HYPERMARKET,서울특별시 강동구 명일로 375,37.55049566,127.15057458,4400785
홈플러스(주)익스프레스 길동점,홈플러스,HYPERMARKET,서울특별시 강동구 양재대로 1486,37.53556516,127.14263187,0234598000
갤러리아백화점(동관),,HYPERMARKET,서울특별시 강남구 압구정로 407 (압구정동,37.52527923,127.04367502,0234494406
그랑프리,,HYPERMARKET,서울특별시 강남구 남부순환로 2912 (대치동,37.48803344,127.05934747,0234589571
홈플러스스토어즈(주) 계산점,홈플러스,HYPERMARKET,인천광역시 계양구 오조산공원로 14,37.53670600,126.73828823,551-2080
롯데쇼핑(주) 롯데마트 계양점,롯데마트,HYPERMARKET,인천광역시 계양구 장제로 822,37.53806616,126.73809256,0325502521
홈플러스(주) 작전점,홈플러스,HYPERMARKET,인천광역시 계양구 계양대로 27,37.52337690,126.72334790,032 540 8124
(주)이마트 계양점,,HYPERMARKET,인천광역시 계양구 봉오대로 785,37.52824952,126.73897721,032 717 1052
홈플러스(주) 계산점,홈플러스,HYPERMARKET,인천광역시 계양구 오조산공원로 14,37.53670600,126.73828823,551-2080
(주)이마트에브리데이 작전점,이마트 에브리데이,HYPERMARKET,인천광역시 계양구 효서로 348-1,37.52476178,126.73705043,0325442100
(주)지에스리테일 홍천점,,HYPERMARKET,강원특별자치도 홍천군 홍천읍 홍천로 344,37.68551547,127.88580698,0334350085
롯데슈퍼 태백점,롯데슈퍼,HYPERMARKET,강원특별자치도 태백시 번영로 144,37.15386033,128.98946742,033-554-9495
GS THE FRESH 학익점,,HYPERMARKET,인천광역시 미추홀구 소성로 146,37.43944581,126.66630162,
GS더프레시 만수2점,,HYPERMARKET,인천광역시 남동구 만수로 107,37.46194076,126.73983493,032-472-8889
탑마트 김해진영점,,HYPERMARKET,경상남도 김해시 진영읍 진영로 221,35.29976628,128.73933647,0553450388
GS THE FRESH 장유삼문점,,HYPERMARKET,경상남도 김해시 월산로 3,35.19842287,128.81342281,055-724-3001
탑마트 김해삼방점,,HYPERMARKET,경상남도 김해시 활천로255번길 16,35.24106210,128.90970174,
탑마트 김해점,,HYPERMARKET,경상남도 김해시 가락로 83,35.23103758,128.88317146,0553366847
탑마트 구산점,,HYPERMARKET,경상남도 김해시 구산로 50,35.24546390,128.87637496,0553256283
탑마트 김해외동점,,HYPERMARKET,경상남도 김해시 분성로 104,35.22752305,128.86048338,0553395900
신동아쇼핑센터,,HYPERMARKET,서울특별시 용산구 이촌로 352,37.51445342,126.98731176,027097373
GS THE FRESH 둔촌포레온점,,HYPERMARKET,서울특별시 강동구 양재대로 1360,37.52413383,127.14086521,02-2006-2364
GS THE FRESH 방배중앙점,,HYPERMARKET,서울특별시 서초구 동광로 35,37.48871053,126.98873496,02-2006-2364
GS THE FRESH 울산방어점,,HYPERMARKET,울산광역시 동구 문현로 47,35.48106314,129.41549715,232-8545
롯데쇼핑(주)인천점,,HYPERMARKET,인천광역시 미추홀구 연남로 35,37.43860890,126.70340399,032-242-2805
롯데쇼핑(주)롯데마트,롯데마트,HYPERMARKET,경기도 오산시 경기대로 271,37.14658105,127.07512075,031-371-2501
GS THE FRESH 수유중앙점,,HYPERMARKET,서울특별시 강북구 삼양로79길 24-17,37.62831750,127.01827025,02-2006-2364
GS THE FRESH 노량진역점,,HYPERMARKET,서울특별시 동작구 만양로 93,37.50899659,126.94615565,02-2006-2364
GS THE FRESH 진해풍호점,,HYPERMARKET,경상남도 창원시 진해구 충장로657번길 35 (풍호동,35.12817270,128.70942435,0555439340
(주)이마트에브리데이 고양덕이점,이마트 에브리데이,HYPERMARKET,경기도 고양시 일산서구 하이파크2로 65,37.69700704,126.75839988,02-380-5042
이마트에브리데이 남가좌점,이마트 에브리데이,HYPERMARKET,서울특별시 서대문구 수색로2길 39(남가좌동,37.56875389,126.91778595,02-380-5124
청량리역 한양수자인 그라시엘 판매시설,,HYPERMARKET,서울특별시 동대문구 고산자로32길 78 (용두동,37.57450322,127.04509736,02-721-8286
GS THE FRESH 무악현대점,,HYPERMARKET,서울특별시 종로구 통일로 246-10,37.57258619,126.96290322,02-2006-2678
GS THE FRESH 경성부경대점,,HYPERMARKET,부산광역시 남구 수영로322번길 33,35.13338179,129.10451337,051-624-1107
노량진 드림스퀘어,,HYPERMARKET,서울특별시 동작구 노들로2길 7,37.51152247,126.94147886,02-792-0653
GS THE FRESH 광진구의점,,HYPERMARKET,서울특별시 광진구 자양로 168,37.53980444,127.08663796,02-2006-2364
김천농협 로컬푸드복합문화센터,,HYPERMARKET,경상북도 김천시 부곡길 91,36.12300101,128.09532227,054-420-2300
GS THE FRESH 월성삼정점,,HYPERMARKET,대구광역시 달서구 월성로 100,35.82724020,128.52656837,02-2006-2364
GS THE FRESH 평택고덕점,,HYPERMARKET,경기도 평택시 고덕국제3길 143,37.04754329,127.04973710,031-667-6479
GS THE FRESH 송파석촌호수점,,HYPERMARKET,서울특별시 송파구 백제고분로33길 25,37.50227868,127.10071447,
홈플러스(주)익스프레스중동3점,홈플러스,HYPERMARKET,경기도 부천시 원미구 중동로 143,37.48991859,126.76863783,
홈플러스(주)익스프레스오정점,홈플러스,HYPERMARKET,경기도 부천시 오정구 오정로 246,37.52651901,126.78831920,0326718517
롯데슈퍼 소사점,롯데슈퍼,HYPERMARKET,경기도 부천시 소사구 은성로 82,37.47229845,126.80127766,032-344-7000
롯데슈퍼 중동점,롯데슈퍼,HYPERMARKET,경기도 부천시 원미구 신흥로 190-1,37.49823372,126.78003056,032-621-7400
홈플러스(주)익스프레스부천중동4점,홈플러스,HYPERMARKET,경기도 부천시 원미구 길주로 219,37.50197390,126.76887823,032-3222-8562
홈플러스(주)익스프레스부천상동점,홈플러스,HYPERMARKET,경기도 부천시 원미구 상일로 100,37.48849422,126.75528702,032-327-8536
홈플러스(주)익스프레스도당점,홈플러스,HYPERMARKET,경기도 부천시 원미구 삼작로 294,37.51709030,126.79627385,032-676-8545
홈플러스(주)익스프레스중동점,홈플러스,HYPERMARKET,경기도 부천시 원미구 신흥로 170,37.49626761,126.77992378,032-666-8542
GS THE FRESH 부천범박점,,HYPERMARKET,경기도 부천시 소사구 양지로 88,37.47029765,126.81474608,000-000-0000
롯데쇼핑(주)  중동점,,HYPERMARKET,경기도 부천시 원미구 길주로 300,37.49976473,126.77728816,3207114
홈플러스(주)부천상동점,홈플러스,HYPERMARKET,경기도 부천시 원미구 길주로 118,37.50151111,126.75708326,032 650 8124
(주)현대백화점 중동점,,HYPERMARKET,경기도 부천시 원미구 길주로 180,37.50148449,126.76426059,032-623-3013
(주)현대백화점 중동점,,HYPERMARKET,경기도 부천시 원미구 길주로 180,37.50148449,126.76426059,032-623-3013
부천터미널 소풍,,HYPERMARKET,경기도 부천시 원미구 송내대로 239,37.50131859,126.75871276,032-624-6100
투나,,HYPERMARKET,경기도 부천시 원미구 부일로 223 (상동,37.48603476,126.75742509,032-250-5000
GS THE FRESH 강서증미역점,,HYPERMARKET,서울특별시 강서구 양천로67길 15,37.55222489,126.86976494,02-3662-4171
홈플러스 주식회사 부천여월점,홈플러스,HYPERMARKET,경기도 부천시 오정구 소사로 663,37.51306619,126.80442219,680-8000
홈플러스(주) 부천소사점,홈플러스,HYPERMARKET,경기도 부천시 소사구 경인로 532,37.48204592,126.81637185,032 650 8124
뉴코아부천점,,HYPERMARKET,경기도 부천시 원미구 송내대로 239,37.50131859,126.75871276,624-8119
(주)지에스리테일부천약대점,,HYPERMARKET,경기도 부천시 원미구 수도로 48,37.51084318,126.77369079,032-710-2500
GS THE FRESH 광안역점,,HYPERMARKET,부산광역시 수영구 수영로582번길 19,35.15462997,129.11642364,
(주)메가마트 기장점,,HYPERMARKET,부산광역시 기장군 일광읍 기장대로 673,35.25160797,129.22441037,051-290-6000
홈플러스 부산정관점,홈플러스,HYPERMARKET,부산광역시 기장군 정관읍 정관5로 50,35.32001135,129.17863071,051 519 8224
신세계사이먼,,HYPERMARKET,부산광역시 기장군 장안읍 정관로 1133,35.31961724,129.23776881,02-2185-1230
판타지오스퀘어,,HYPERMARKET,부산광역시 기장군 기장읍 기장해안로 98,35.18460843,129.21493907,02-3456-0000
탑스퀘어,,HYPERMARKET,부산광역시 기장군 정관읍 정관중앙로 45,35.31834906,129.18066403,051-710-0056
수협다대회센터,,HYPERMARKET,부산광역시 사하구 다대동로 30,35.05309670,128.97427889,051261 2655
홈플러스(주) 동래점,홈플러스,HYPERMARKET,부산광역시 동래구 중앙대로 1523,35.21821764,129.08784187,051 559 8000
에스케이허브스카이위아,,HYPERMARKET,부산광역시 동래구 중앙대로 1523,35.21821764,129.08784187,051 559 6106
롯데쇼핑(주) 롯데마트 동래점,롯데마트,HYPERMARKET,부산광역시 동래구 중앙대로 1393,35.20872500,129.07970986,668-2500
(주)메가마트 동래점,,HYPERMARKET,부산광역시 동래구 충렬대로 197,35.20115117,129.08344025,051-550-6020
(주)지에스리테일 명장점,,HYPERMARKET,부산광역시 동래구 반송로 291,35.20316454,129.10411803,051-524-4944
럭키동래쇼핑,,HYPERMARKET,부산광역시 동래구 충렬대로107번길 54,35.20544200,129.07765201,051 5525290
홈플러스(주)장림점,홈플러스,HYPERMARKET,부산광역시 사하구 다대로 225,35.07945091,128.98059057,051 466 2080
롯데백화점 동래점,,HYPERMARKET,부산광역시 동래구 중앙대로 1393,35.20872500,129.07970986,051-668-2202
롯데쇼핑(주)롯데슈퍼 당리점,롯데슈퍼,HYPERMARKET,부산광역시 사하구 제석로 68,35.10331927,128.97763824,205-5602
홈플러스(주) 익스프레스 다대포점,홈플러스,HYPERMARKET,부산광역시 사하구 다대낙조2길 3,35.04727832,128.96807169,0512668542
롯데쇼핑(주) 롯데마트 사하점,롯데마트,HYPERMARKET,부산광역시 사하구 을숙도대로 610,35.08173339,128.97365411,0516032522
코스트코 홀세일 울산점,코스트코,HYPERMARKET,울산광역시 북구 진장동 283번지,35.57404638,129.36099408,02-2630-1234
홈플러스(주)울산북구점,홈플러스,HYPERMARKET,울산광역시 북구 신답로 26-0,35.62704363,129.34712372,0522932080
홈플러스(주) 논산점,홈플러스,HYPERMARKET,충청남도 논산시 시민로 187,36.18062513,127.10033821,041 731 8124
청안백화점,,HYPERMARKET,충청남도 논산시 중앙로 464,36.20158761,127.08758972,041 735 6891
롯데쇼핑(주) 롯데마트 당진점,롯데마트,HYPERMARKET,충청남도 당진시 정안로 20,36.90283227,126.64800278,041-350-7021
홈플러스(주) 천안신방점,홈플러스,HYPERMARKET,충청남도 천안시 동남구 신촌1길 23,36.78426566,127.12256869,041-552-2080
(주)메가마트 메가도매센터 천안점,,HYPERMARKET,충청남도 천안시 서북구 천안대로 1348,36.85876393,127.15441155,0415896019
신세계백화점 천안아산점,,HYPERMARKET,충청남도 천안시 동남구 만남로 43,36.81739960,127.15881804,041 620 7000
롯데쇼핑(주)롯데마트서산점,롯데마트,HYPERMARKET,충청남도 서산시 충의로 27,36.77057517,126.44019481,041 661 0005
이마트 서산점,,HYPERMARKET,충청남도 서산시 서해로 3685 (잠홍동,36.78543721,126.48079460,041-670-1271
녹산스토아,,HYPERMARKET,충청남도 아산시 온천대로 1502-3,36.77790864,127.00684546,5431397
제일타워,,HYPERMARKET,충청남도 아산시 시민로 346,36.77682286,127.00119427,
(주)이마트 아산점,,HYPERMARKET,충청남도 아산시 온천대로 1678,36.77366202,127.02393371,041-422-1052
트레이더스 홀세일 클럽 천안아산점,트레이더스,HYPERMARKET,충청남도 아산시 배방읍 고속철대로 133,36.79362498,127.10778426,02-380-9422
주식회사 신세계,,HYPERMARKET,충청북도 제천시 장평천로 11,37.12059798,128.22514422,043-653-3021
(주)이마트 제천점,,HYPERMARKET,충청북도 제천시 장평천로 11,37.12059798,128.22514422,043-641-1051
롯데쇼핑(주)롯데마트충주점,롯데마트,HYPERMARKET,충청북도 충주시 봉계1길 49,36.97889189,127.91677996,043 841 2500
(주) 이마트 충주점,,HYPERMARKET,충청북도 충주시 중원대로 3420,36.96928963,127.92597153,043 841 1052
(주)지에스리테일 충주연수점,,HYPERMARKET,충청북도 충주시 금곡로 55-0,36.98757507,127.93990613,043-724-1001
롯데슈퍼 충주칠금점,롯데슈퍼,HYPERMARKET,충청북도 충주시 칠금동 171번지,36.98258711,127.91636683,043-852-5335
쥬네브썬월드,,HYPERMARKET,경기도 용인시 기흥구 동백죽전대로 444,37.27521206,127.15381598,679-0001
(주)이마트 보라점,,HYPERMARKET,경기도 용인시 기흥구 한보라1로 92,37.24476690,127.10723733,003180091051
(주)이마트 흥덕점,,HYPERMARKET,경기도 용인시 기흥구 흥덕중앙로 60,37.27293248,127.07544456,031-802-11051
한섬 패션웨어하우스,,HYPERMARKET,경기도 용인시 기흥구 공세로 186,37.23640347,127.10606262,031-285-4724
롯데쇼핑(주) 롯데슈퍼 가능역점,롯데슈퍼,HYPERMARKET,경기도 의정부시 평화로 635,37.74589050,127.04689481,031-856-5612
롯데쇼핑(주) 롯데마트 신갈점,롯데마트,HYPERMARKET,경기도 용인시 기흥구 신갈로58번길 16,37.26932976,127.10955012,02-2145-8470
코스트코홀세일 공세점,코스트코,HYPERMARKET,경기도 용인시 기흥구 탑실로 38,37.23541583,127.11103775,031 289 5602
롯데쇼핑(주) 롯데마트 오산점,롯데마트,HYPERMARKET,경기도 오산시 경기대로 271,37.14658105,127.07512075,371 2612/371-2520
(주)이마트 오산점,,HYPERMARKET,경기도 오산시 경기대로 181,37.13781059,127.07474716,031 369 7052
이마트에브리데이 광탄점,이마트 에브리데이,HYPERMARKET,경기도 파주시 광탄면 큰여울길 44,37.77752026,126.85078765,031-947-1923
이마트에브리데이 팜스프링점,이마트 에브리데이,HYPERMARKET,경기도 파주시 시청로 190,37.76792200,126.77990296,031-948-9489
더콜로니운정몰,,HYPERMARKET,경기도 파주시 목동동 927번지,37.72675005,126.73884535,02-557-8828
(주)이마트 동백점,,HYPERMARKET,경기도 용인시 기흥구 동백죽전대로 444,37.27521206,127.15381598,003105461052
(주)에프앤에프용인,,HYPERMARKET,경기도 용인시 수지구 용구대로 2725,37.32593910,127.11075033,031 2666071
(주)이마트 수지점,,HYPERMARKET,경기도 용인시 수지구 수지로 203,37.31699510,127.08546454,003102701052
트레이더스 홀세일 클럽 구성점,트레이더스,HYPERMARKET,경기도 용인시 기흥구 용구대로 2457,37.30263015,127.10748304,003103271234
홈플러스(주)파주문산점,홈플러스,HYPERMARKET,경기도 파주시 문산읍 방촌로 1759,37.86647578,126.78696610,031-960-8000
(주)이마트 파주운정점,,HYPERMARKET,경기도 파주시 한울로 123,37.70757071,126.74717796,031941 2150
(주)이마트파주점,,HYPERMARKET,경기도 파주시 당하길 10,37.74413009,126.75359830,031-950-1053
(주)신세계사이먼 파주점,,HYPERMARKET,경기도 파주시 탄현면 필승로 200,37.76676730,126.69838022,031-8071-7001
주)이마트평택점,,HYPERMARKET,경기도 평택시 영신로 29,37.01831713,127.07790821,031-371-1234
AK PLAZA 평택점,,HYPERMARKET,경기도 평택시 평택로 51,36.98780440,127.08740886,031-615-1296
롯데쇼핑(주) 롯데마트 평택점,롯데마트,HYPERMARKET,경기도 평택시 평택5로 30,36.98553168,127.11383898,031-8053-2521
홈플러스 송탄점,홈플러스,HYPERMARKET,경기도 평택시 경기대로 1103,37.04215295,127.06166806,031 80538000
홈플러스 평택안중,홈플러스,HYPERMARKET,경기도 평택시 안중읍 서동대로 1489,36.98736355,126.91846839,03180468200
(주)신세계사이먼 여주점,,HYPERMARKET,경기도 여주시 명품로 360,37.23848790,127.61450289,031 880 1242
(주)지에스리테일 평택이충점,,HYPERMARKET,경기도 평택시 이충로35번길 28-22,37.05700068,127.06807191,617-9001
(주)이마트에브리데이(이천점),이마트 에브리데이,HYPERMARKET,경기도 이천시 중리천로 18,37.27720373,127.44194736,031-638-0017
(주)이랜드리테일NC이천점,,HYPERMARKET,경기도 이천시 영창로 165,37.27916991,127.44345314,031-633-6898
롯데쇼핑(주) 롯데마트 이천점,롯데마트,HYPERMARKET,경기도 이천시 구만리로 191 (안흥동,37.27181835,127.45680025,
롯데백화점(강남점),,HYPERMARKET,서울특별시 강남구 도곡로 401,37.49425315,127.05570024,02 5312902
도심공항몰(CALT MALL),,HYPERMARKET,서울특별시 강남구 테헤란로87길 22-0,37.50678765,127.06138076,02-551-0705
점프밀라노,,HYPERMARKET,서울특별시 강남구 강남대로 432 (역삼동,37.49846364,127.02858334,02)3446-7133
노브랜드 삼성점,노브랜드,HYPERMARKET,서울특별시 강남구 삼성로 633,37.51365031,127.05329432,023809461
파르나스몰(PARNAS MALL),,HYPERMARKET,서울특별시 강남구 테헤란로 521,37.50624413,127.06300011,025597044
코엑스 호텔아케이드,,HYPERMARKET,서울특별시 강남구 봉은사로 524,37.50971789,127.06092641,02 5597049
(주)이마트 역삼점,,HYPERMARKET,서울특별시 강남구 역삼로 310,37.49641264,127.05054563,02-6908-1051
SSG Food Market 백화점,,HYPERMARKET,서울특별시 강남구 도산대로 442,37.52059192,127.04576349,000269471234
홈플러스익스프레스 학동역점,홈플러스,HYPERMARKET,서울특별시 강남구 학동로 176,37.51072130,127.03229579,025168546
롯데슈퍼 논현점,롯데슈퍼,HYPERMARKET,서울특별시 강남구 언주로122길 25 (논현동,37.50973187,127.04047465,02-3466-5601
롯데쇼핑(주) 롯데슈퍼 삼성점,롯데슈퍼,HYPERMARKET,서울특별시 강남구 선릉로 660,37.51275274,127.04447300,02-3445-5601
롯데슈퍼 코엑스점,롯데슈퍼,HYPERMARKET,서울특별시 강남구 봉은사로103길 5,37.51219200,127.06352228,02-3446-5602
한솔필리아,,HYPERMARKET,서울특별시 강남구 역삼로 310,37.49641264,127.05054563,02-550-3090
두산아케이드,,HYPERMARKET,서울특별시 강남구 언주로 726 (논현동,37.51627286,127.03740310,02 5103114
진솔물산,,HYPERMARKET,서울특별시 강남구 역삼동 826번지,37.49223394,127.03180785,0234662620
(주)현대백화점 본점,,HYPERMARKET,서울특별시 강남구 압구정로 165 (압구정동,37.52453294,127.02957446,0234495722
현대백화점 무역센터점,,HYPERMARKET,서울특별시 강남구 테헤란로 517 (삼성동,37.50579158,127.06182563,02 5522233
갤러리아백화점(서관),,HYPERMARKET,서울특별시 강남구 압구정로 343 (압구정동,37.52576054,127.04216016,0234494305
홈플러스 익스프레스 압구정점,홈플러스,HYPERMARKET,서울특별시 강남구 압구정로46길 5-2,37.52525084,127.03899657,0234458545
GS THE FRESH 신사점,,HYPERMARKET,서울특별시 강남구 압구정로18길 25 (신사동,37.52070482,127.02740665,025184089
(주)지에스리테일 증평점,,HYPERMARKET,충청북도 증평군 증평읍 창신로 54,36.77823419,127.58057881,043-836-6711
롯데쇼핑(주) 롯데슈퍼 송정점,롯데슈퍼,HYPERMARKET,경기도 이천시 증신로291번길 82,37.29368735,127.43786342,031-638-5601
(주)이마트에브리데이 이천갈산점,이마트 에브리데이,HYPERMARKET,경기도 이천시 안흥로 70,37.28125548,127.45744171,031-8011-2021
(주)노브랜드 이천안흥점,노브랜드,HYPERMARKET,경기도 이천시 영창로 290,37.27799071,127.45706703,031-638-8312
롯데쇼핑(주) 롯데슈퍼 포항장성점,롯데슈퍼,HYPERMARKET,경상북도 포항시 북구 성실로 67-4,36.06622439,129.37548226,
제주 프리미엄 전문점,,HYPERMARKET,제주특별자치도 서귀포시 안덕면 신화역사로304번길 38,33.30390707,126.31944783,064-908-6013
GS THE FRESH 부산용호점,,HYPERMARKET,부산광역시 남구 신선로 566,35.12958867,129.11323140,051-625-6501
인스파이어 인티그레이티드 리조트,,HYPERMARKET,인천광역시 중구 용유로 700,37.45980276,126.39015408,032-717-0207
GS THE FRESH 동작구청점,,HYPERMARKET,서울특별시 동작구 상도로30길 40,37.50107648,126.94487187,02-2006-2364
GS THE FRESH 인천주안점,,HYPERMARKET,인천광역시 미추홀구 남주길 150 (주안동,37.45030582,126.68072345,032-874-8121
GS THE FRESG 서울숲점,,HYPERMARKET,서울특별시 성동구 왕십리로 109,37.54473582,127.04636170,02-499-4519
노브랜드 스타필드수원점,노브랜드,HYPERMARKET,경기도 수원시 장안구 정자동 111-10 외 3필지,37.28439796,126.99402139,02-380-9706
GS THE FRESH 부산하버시티점,,HYPERMARKET,부산광역시 동구 성남이로 25,35.12942238,129.05898934,051-635-3004
GS THE FRESH 부산명륜점,,HYPERMARKET,부산광역시 동래구 문화로 7,35.20741263,129.08573132,051-558-9798
메가마트 김해점,,HYPERMARKET,경상남도 김해시 김해대로2492번길 20,35.22299386,128.90262242,055-371-6000
강현농협 하나로마트 낙산점,하나로마트,HYPERMARKET,강원특별자치도 양양군 강현면 해맞이길 8-12,38.11678806,128.63237067,033-671-8952
노브랜드 밀양삼문점,노브랜드,HYPERMARKET,경상남도 밀양시 미리벌로 30,35.47871543,128.75180260,055-475-6900
GS THE FRESH 김해율하점,,HYPERMARKET,경상남도 김해시 율하2로97번길 34,35.16986049,128.81666929,055-330-3416
GS THE FRSH(대구노변점),,HYPERMARKET,대구광역시 수성구 노변공원로 85,35.83206988,128.70071265,000000
GS THE FRESH 부평해링턴점,,HYPERMARKET,인천광역시 부평구 동수로 36 (부평동,37.48090583,126.72480658,0220062364
롯데슈퍼 강동둔촌점,롯데슈퍼,HYPERMARKET,서울특별시 강동구 둔촌동 451-1,37.52859868,127.14434644,02-2290-5996
GS THE FRESH 온천래미안점,,HYPERMARKET,부산광역시 동래구 금강로151번길 2,35.21930395,129.08324222,051-510-4672
GS THE FRESH(대구노변점),,HYPERMARKET,대구광역시 수성구 노변공원로 85,35.83206988,128.70071265,000-0000-0000
삼성테스코(주)홈프러스 칠곡점,,HYPERMARKET,대구광역시 북구 동암로12길 8,35.94185774,128.55816404,053607 8000
홈프러스대구점,,HYPERMARKET,대구광역시 북구 중앙대로 543,35.87791458,128.59811628,053 350 8124
한국까르푸(주) 강북점,,HYPERMARKET,대구광역시 북구 관음로 43,35.93177341,128.54220236,
한국까르푸칠곡점,,HYPERMARKET,대구광역시 북구 관음로 43,35.93177341,128.54220236,
코스트코홀세일,코스트코,HYPERMARKET,대구광역시 북구 검단로 97,35.90315112,128.62046901,053 380 1050
신세계 이마트 안동점,,HYPERMARKET,경상북도 안동시 옥동1길 2,36.55557076,128.70163011,
신세계이마트안동점,,HYPERMARKET,경상북도 안동시 옥동1길 2,36.55557076,128.70163011,054 850 1250
갤러리아백화점,,HYPERMARKET,충청남도 천안시 동남구 만남로 43,36.81739960,127.15881804,041559 9010
오렌지 씨네스타,,HYPERMARKET,충청남도 천안시 동남구 명동길 47,36.80481130,127.15049641,041 6223699
월마트슈퍼센터 평촌점,,HYPERMARKET,경기도 안양시 동안구 시민대로 300,37.39195991,126.96621092,031 381 6004
월마트슈퍼센터 평촌점,,HYPERMARKET,경기도 안양시동안구 관양동 1608,37.39211711,126.96561149,
뉴코아백화점 평촌점,,HYPERMARKET,경기도 안양시 동안구 시민대로 182,37.38809708,126.95392997,031 3805000
신세계이마트수지점,,HYPERMARKET,경기도 용인시수지구 신봉동,37.31942635,127.08184514,031 2701052
삼성테스코(주) 홈플러스 의정부점,홈플러스,HYPERMARKET,경기도 의정부시 청사로 38,37.74936395,127.07315913,031 850 8000
롯데쇼핑(주)롯데마트 서대구점,롯데마트,HYPERMARKET,대구광역시 서구 달서로 42,35.86296682,128.57366820,053 607 2510
까르푸 동촌 하이퍼마켓,,HYPERMARKET,대구광역시 동구 검사동 908번지,35.88322603,128.65786273,053 9845415
주식회사지마트(G-MART),,HYPERMARKET,대구광역시 달서구 와룡로5길 20,35.83220974,128.53784879,053 629 6768
대한통운마트 대전점,,HYPERMARKET,대전광역시 대덕구 신탄진로 1,36.37970212,127.42673975,042 6367961
롯데쇼핑(주)롯데마트 의왕점,롯데마트,HYPERMARKET,경기도 의왕시 내손동,37.37742496,126.97576959,
롯데쇼핑(주)롯데마트 의왕점,롯데마트,HYPERMARKET,경기도 의왕시 내손동,37.37742496,126.97576959,
홈플러스 영도점,홈플러스,HYPERMARKET,부산광역시 영도구 대교로14번길 57,35.09280867,129.04647843,051 4182000
홈플러스 영도점,홈플러스,HYPERMARKET,부산광역시 영도구 대교로14번길 57,35.09280867,129.04647843,051 4195000
(주)아람마트 수퍼센터영도점,,HYPERMARKET,부산광역시 영도구 대교로14번길 57,35.09280867,129.04647843,051 4182000
메가마트 남천점,,HYPERMARKET,부산광역시 수영구 남천동 545번지,35.13407224,129.11317465,
대동GVZONE,,HYPERMARKET,경상남도 통영시 원문로 27,34.85414929,128.42777192,055 6411202
코코마트,,HYPERMARKET,서울특별시 성북구 장위동 68번지,37.61012925,127.05235911,02 9434044
코코마트,,HYPERMARKET,서울특별시 성북구 장위동 68번지,37.61012925,127.05235911,02 9434044
신세계백화점 미아점,,HYPERMARKET,서울특별시 성북구 길음동 25번지,37.60806467,127.03183330,02 9620580
신세계E마트속초점,,HYPERMARKET,강원특별자치도 속초시 설악금강대교로 12,38.18819065,128.59834218,02  380 5231
하나마트,,HYPERMARKET,경상북도 경주시 용강동 1276번지,35.87624988,129.22797954,054 7490080
뉴코아순천점,,HYPERMARKET,전라남도 순천시 비봉2길 22,34.97029046,127.52211465,
신세계이마트 은평점,,HYPERMARKET,서울특별시 은평구 은평로 111,37.59756533,126.92228794,02 34845153
신세계이마트 은평점,,HYPERMARKET,서울특별시 은평구 은평로 111,37.59756533,126.92228794,02 34845153
63씨티,,HYPERMARKET,서울특별시 영등포구 63로 50,37.51703194,126.94216866,02 7896052
(주)LG,,HYPERMARKET,서울특별시 영등포구 여의대로 128,37.52508440,126.93132569,0237731342
삼성홈플러스 동광주점,홈플러스,HYPERMARKET,광주광역시 북구 동문대로 200,35.17647685,126.93253925,
지오디페,,HYPERMARKET,인천광역시 남동구 호구포로 818,37.45271582,126.72174979,
만수종합쇼핑,,HYPERMARKET,인천광역시 남동구 만수동 73번지,37.45744227,126.73454101,032 000 0000
(주)이랜드리테일홈에버인하점,,HYPERMARKET,인천광역시 남구 소성로 6,37.44487796,126.65284561,032 876 4108
이마트부평점,,HYPERMARKET,인천광역시 부평구 갈산동,37.51390733,126.72791140,032 5801234
(주)나산백화점,,HYPERMARKET,경기도 광명시 철산동,37.47245317,126.86920405,02 6107000
메르존,,HYPERMARKET,경기도 광명시 하안동,37.45840359,126.88151887,0233977007
롯데쇼핑(주) VIC마켓 킨텍스점,,HYPERMARKET,경기도 고양시 일산서구 주엽로 79 (대화동,37.66441121,126.75587116,02-2145-8455
월마트코리아,,HYPERMARKET,경기도 고양시일산서구 덕이동 203번지,37.68525659,126.76206349,
월마트슈퍼센터,,HYPERMARKET,경기도 고양시덕양구 화정동,37.62988107,126.83550316,
주식회사 이랜드리테일,,HYPERMARKET,경기도 고양시일산동구 장항동,37.65625956,126.77095435,
(주)지에스리테일지에스마트고양점,,HYPERMARKET,경기도 고양시덕양구 행신동,37.62239635,126.83827429,0344 9307010
월마트슈퍼센터화정점,,HYPERMARKET,경기도 고양시덕양구 화정동,37.62988107,126.83550316,031 9301210
아워스몰,,HYPERMARKET,경기도 고양시일산동구 마두동,37.64690408,126.78235446,
뉴코아백화점,,HYPERMARKET,경기도 고양시일산동구 마두동,37.65203925,126.77916097,0344 9005501
한양브라자 분당점,,HYPERMARKET,경기도 성남시 분당구 내정로173번길 11,37.37195640,127.12055706,
테마폴리스,,HYPERMARKET,경기도 성남시 분당구 성남대로925번길 16,37.41027949,127.12943883,031 7025574
주식회사 에이치비,,HYPERMARKET,경기도 성남시 중원구 성남대로1130번길 26,37.42772231,127.13454125,
테마폴리스지하2층점,,HYPERMARKET,경기도 성남시 분당구 성남대로925번길 16,37.41027949,127.12943883,
한국까르푸분당점,,HYPERMARKET,경기도 성남시 분당구 탄천상로151번길 20,37.33722261,127.10908075,0342 7103187
(주)이랜드리테일 홈에버 시흥점,,HYPERMARKET,서울특별시 금천구 시흥대로 201 (시흥동,37.44909106,126.90288936,0230161500
(주)이랜드리테일홈에버가양점,,HYPERMARKET,서울특별시 강서구 가양동 18번지,37.56147318,126.85219395,0236649400
그랜드백화점(주)마트화곡점,,HYPERMARKET,서울특별시 강서구 화곡동,37.55205758,126.85333896,0226060101
삼성테스코(주)홈플러스강서점,홈플러스,HYPERMARKET,서울특별시 강서구 등촌동 639번지,37.55561161,126.85710467,0226608000
롯데백화점 상계점,,HYPERMARKET,서울특별시 노원구 상계동,37.65235738,127.06318710,02 9502500
신세계 이마트 월계덤,,HYPERMARKET,서울특별시 노원구 월계동 333번지,37.62455058,127.06396658,0220921234
신세계 이마트 월계점,,HYPERMARKET,서울특별시 노원구 월계동 333번지,37.62455058,127.06396658,0220921234
롯데쇼핑본점영플라자,,HYPERMARKET,서울특별시 중구 남대문로 67,37.56071509,126.98382297,02 7712500
월마트슈퍼센터포항점,,HYPERMARKET,경상북도 포항시 북구 대이로 188,36.02871733,129.34132316,02  34681346
(주)빅마트풍암점,,HYPERMARKET,광주광역시 서구 풍암2로 2,35.12404694,126.88083137,062 650 2281
홈플러스 대구점,홈플러스,HYPERMARKET,대구광역시 북구 중앙대로 543,35.87791458,128.59811628,053 3508000
(주)신세계마트 이마트 송림점,,HYPERMARKET,인천광역시 동구 송림동 296번지,37.48028645,126.66263476,032 5801190
삼성홈플러스 김포점,홈플러스,HYPERMARKET,경기도 김포시 중봉로 14,37.62109008,126.70073596,02  34598001
월마트슈퍼센터포항점,,HYPERMARKET,경상북도 포항시 북구 대이로 188,36.02871733,129.34132316,054 280 9219
동아코아,,HYPERMARKET,서울특별시 강동구 천호동,37.53847042,127.12799551,02  485 9001
롯데쇼핑(주)VIC마켓 신영통점,,HYPERMARKET,경기도 화성시 삼성1로 333,37.22755358,127.06858091,0316952522
태평백화점,,HYPERMARKET,서울특별시 동작구 동작대로 115,37.48407012,126.98370671,02-595-8000
신세계 이마트 광산점,,HYPERMARKET,광주광역시 광산구 우산동 1598번지,35.15705762,126.81068457,02 380 5231
신세계 이마트 광산점,,HYPERMARKET,광주광역시 광산구 우산동 1598번지,35.15705762,126.81068457,062 949 1052
(주)신세계이마트 동광주점,,HYPERMARKET,광주광역시 동구 중앙로 358,35.16071868,126.92231563,062 5191054
이마트해운대점,,HYPERMARKET,부산광역시 해운대구 좌동순환로 511,35.16293419,129.16963651,051 6081234
LG마트 반여점,,HYPERMARKET,부산광역시 해운대구 선수촌로 146-4,35.20282046,129.12522280,
삼성테스코(주)홈플러스서면점,홈플러스,HYPERMARKET,부산광역시 부산진구 신천대로 222,35.15859282,129.05317542,051 819 8383
삼성테스코(주),,HYPERMARKET,경상남도 밀양시 점필재로 45,35.48620104,128.74266470,05503560795
남문백화점,,HYPERMARKET,경기도 수원시 팔달구 정조로770번길 7,37.27418325,127.01942698,031 2548011
구운종합상사,,HYPERMARKET,경기도 수원시 권선구 수성로 18,37.27866955,126.97827032,
롯데백화점 전주점,,HYPERMARKET,전북특별자치도 전주시 완산구 온고을로 2,35.83153522,127.12389600,02 7712500
(유)전주마트,,HYPERMARKET,전북특별자치도 전주시 완산구 용머리로 46,35.80286899,127.11792773,(063)222-6425
삼성테스코(주)홈플러스간석점,홈플러스,HYPERMARKET,인천광역시 남동구 경원대로 971 (간석동,37.46674846,126.69108748,032 870 8124
이마트 남원점,,HYPERMARKET,전북특별자치도 남원시 남문로 385-16,35.40458697,127.37693740,063 620 3050
빅시티,,HYPERMARKET,광주광역시 남구 서문대로 729,35.12139197,126.89965683,062650 2281
(주)지투마트,,HYPERMARKET,대전광역시 서구 도산로314번길 19,36.33044754,127.39096406,042523 5001
선사엔조이,,HYPERMARKET,대전광역시 서구 대덕대로 319,36.35853661,127.38105804,042  4881133
홍명산업,,HYPERMARKET,대전광역시 동구 중동,36.32789257,127.43052421,042 2547384
동방마트,,HYPERMARKET,대전광역시 동구 중동,36.32789257,127.43052421,042 6064520
(주)신세계이마트문현점,,HYPERMARKET,부산광역시 남구 전포대로91번길 47,35.14123546,129.06652301,051 609 1234
롯데쇼핑(주)롯데슈퍼 대연점,롯데슈퍼,HYPERMARKET,부산광역시 남구 못골로 78 (대연동,35.13280327,129.09329696,622-5605
대현프리몰마산점,,HYPERMARKET,경상남도 창원시 마산회원구 3·15대로 지하 758,35.23560950,128.58494224,0551 2927988
월마트슈퍼센타,,HYPERMARKET,경상남도 창원시 마산합포구 서성로 3,35.19477211,128.57195790,055  2209190
월마트슈퍼센타,,HYPERMARKET,경상남도 창원시 마산합포구 서성로 3,35.19477211,128.57195790,055  2209190
월마트코리아(주),,HYPERMARKET,경상남도 창원시 마산합포구 서성로 3,35.19477211,128.57195790,055 2209190
삼성테스코(주),,HYPERMARKET,경상남도 창원시 마산회원구 삼호로 56,35.21957712,128.58796826,055 259 8000
삼성테스코(주)홈플러스울산점,홈플러스,HYPERMARKET,울산광역시 중구 번영로 475,35.56139239,129.33696038,052 2908123
월마트코리아(주)중앙점,,HYPERMARKET,울산광역시 중구 구교로 59,35.55264467,129.33323372,052 2909190
동아코아,,HYPERMARKET,서울특별시 강동구 천호동,37.53847042,127.12799551,02  485 9001
동아코아,,HYPERMARKET,서울특별시 강동구 천호동,37.53847042,127.12799551,02  485 9001
동아코아,,HYPERMARKET,서울특별시 강동구 천호동,37.53847042,127.12799551,02  485 9001
동아코아,,HYPERMARKET,서울특별시 강동구 천호동,37.53847042,127.12799551,02  485 9001
동아코아,,HYPERMARKET,서울특별시 강동구 천호동,37.53847042,127.12799551,02  485 9001
이마트천호점,,HYPERMARKET,서울특별시 강동구 천호동 454번지,37.53584400,127.12765661,000222241053
애경백화점,,HYPERMARKET,서울특별시 구로구 구로중앙로 152,37.49837303,126.88493034,02 8181000
롯데마트 구로점,롯데마트,HYPERMARKET,서울특별시 구로구 경인로 482,37.49543102,126.87474640,02  26392500
롯데마트 구로점,롯데마트,HYPERMARKET,서울특별시 구로구 경인로 482,37.49543102,126.87474640,02  26392500
비엔큐홈(구로점),,HYPERMARKET,서울특별시 구로구 경인로 482,37.49543102,126.87474640,02  769 5828
삼익쇼핑센터,,HYPERMARKET,서울특별시 구로구 오류동 47번지 1 호,37.49221265,126.84474033,02 6869982
롯데쇼핑(주)롯데슈퍼 송내점,롯데슈퍼,HYPERMARKET,경기도 부천시 소사구송내동,37.48160939,126.76569999,032  6143111
리베르떼,,HYPERMARKET,경기도 부천시 원미구 부천로 11,37.48267362,126.78460300,032 651 6233
드림모아,,HYPERMARKET,경기도 부천시 원미구 상동로 108,37.50397273,126.75592129,032329 7000
삼성테스코(주)홈플러스 부천상동점,홈플러스,HYPERMARKET,경기도 부천시 원미구 길주로 118,37.50151111,126.75708326,032 650 8000
(주)GS리테일GS스퀘어부천점,,HYPERMARKET,경기도 부천시 원미구 길주로 300,37.49976473,126.77728816,
(주)GS리테일GS스퀘어부천점,,HYPERMARKET,경기도 부천시 원미구 길주로 300,37.49976473,126.77728816,
(주)GS리테일GS스퀘어부천점,,HYPERMARKET,경기도 부천시 원미구 길주로 300,37.49976473,126.77728816,
(주)GS리테일GS스퀘어부천점,,HYPERMARKET,경기도 부천시 원미구 길주로 300,37.49976473,126.77728816,
월마트슈퍼센터 중동점,,HYPERMARKET,경기도 부천시 원미구 석천로 188,37.50125022,126.76604725,032320 0114
리뷰백화점,,HYPERMARKET,부산광역시 사하구 사하로 190,35.09579910,128.99627561,051 290 3310
롯데쇼핑(주)롯데마트서산점,롯데마트,HYPERMARKET,충청남도 서산시 예천동,36.77057517,126.44019481,
롯데쇼핑(주)롯데마트서산점,롯데마트,HYPERMARKET,충청남도 서산시 예천동,36.77057517,126.44019481,
아산원예농협 하나로 클럽,,HYPERMARKET,충청남도 아산시 방축동 101번지,36.78146658,126.98860561,041538 5000
(주)신세계 이마트 충주점,,HYPERMARKET,충청북도 충주시 문화동,36.96928963,127.92597153,043841 1234
동양마트,,HYPERMARKET,경기도 용인시 기흥구 중부대로 682,37.26325977,127.13812108,031 281 1970
신세계이마트 수지점,,HYPERMARKET,경기도 용인시 수지구 수지로 203,37.31699510,127.08546454,270 270 1052
롯데쇼핑(주) 롯데마트 수지점,롯데마트,HYPERMARKET,경기도 용인시 기흥구 진산로 116,37.31795428,127.10155070,031 2721746
(주)신세계마트 이마트 역삼점,,HYPERMARKET,서울특별시 강남구 역삼동 755호 한솔필리아,37.49641264,127.05054563,02 5696396
(주)현대백화점 동호스토아,,HYPERMARKET,서울특별시 강남구 압구정동,37.52713286,127.03100915,02 5492233
(주)금강개발산업,,HYPERMARKET,서울특별시 강남구 압구정동,37.52713286,127.03100915,02 5492233
홈플러스테스코(주)문화점,홈플러스,HYPERMARKET,대전광역시 중구 계백로 1690,36.31730252,127.40985133,042 226 2080
부산건재집배송,,HYPERMARKET,부산광역시 사상구 강변대로 570,35.13126532,128.96829021,005103165511
르네시떼,,HYPERMARKET,부산광역시 사상구 광장로 7,35.16120756,128.98006210,005103195000
홈플러스테스코(주)울산북구점,홈플러스,HYPERMARKET,울산광역시 북구 신답로 26,35.62704363,129.34712372,2932080
롯데슈퍼태안동문점,롯데슈퍼,HYPERMARKET,충청남도 태안군 태안읍 동문리 340번지,36.74780262,126.30624231,675-7741
이랜드아웃렛,,HYPERMARKET,충청남도 천안시 동남구 만남로 14 (신부동,36.81542300,127.15556754,041-552-4512
롯데슈퍼 일동점,롯데슈퍼,HYPERMARKET,경기도 포천시 일동면 화동로 1079,37.95684232,127.32083227,031-536-5601
칼라스퀘어,,HYPERMARKET,대구광역시 수성구 유니버시아드로 140,35.82674635,128.68887338,053-222-6203
주식회사현대백화점,,HYPERMARKET,부산광역시 동구 범일로 125,35.13822832,129.06082283,0516672233
롯데쇼핑(주) 롯데슈퍼 영월점,롯데슈퍼,HYPERMARKET,강원특별자치도 영월군 영월읍 중앙로 5-10,37.18117810,128.46654912,033-374-5601
GS THE FRESH 의정부센트럴점,,HYPERMARKET,경기도 의정부시 경의로 132,37.72923643,127.05245048,
유플러스,,HYPERMARKET,대구광역시 중구 동성로5길 25,35.86500205,128.59823895,053 421 9323
(주)빅마트 화순점,,HYPERMARKET,전라남도 화순군 화순읍 충의로 43,35.05288231,126.98427569,062-650-2217
롯데참피온백화점,,HYPERMARKET,제주특별자치도 제주시 신광로 52,33.48413476,126.49169471,064 7464962
신세계 이마트 묵동점,,HYPERMARKET,서울특별시 중랑구 묵1동 170번지 1호 외 35필지,37.61105425,127.07966240,02-380-9426
성동마트,,HYPERMARKET,서울특별시 성동구 성수동2가 231번지,37.53503670,127.06241973,463-7547~8
영등포 점프밀라노,,HYPERMARKET,서울특별시 영등포구 영중로 28,37.51627738,126.90764406,2166-6800
희망백화점,,HYPERMARKET,인천광역시 남동구 남동대로 880,37.45814987,126.71093653,032421 2021
바우하우스,,HYPERMARKET,서울특별시 동대문구 장안동 368번지,37.56912976,127.07449804,0222151000
코리아마트,,HYPERMARKET,경기도 남양주시 화도읍 경춘로 1725,37.65377658,127.28383755,031 558 7000
폭스존 첨단점,,HYPERMARKET,광주광역시 광산구 앰코로 35,35.21815867,126.85442005,062611 8156
(주)네오스포,,HYPERMARKET,부산광역시 부산진구 신천대로 122,35.15049074,129.05632145,051 8166781
뉴코아,,HYPERMARKET,경기도 수원시 팔달구 중부대로34번길 15,37.27160074,127.02324142,031 2305505
수원역사(주),,HYPERMARKET,경기도 수원시팔달구 매산로1가,37.26333742,127.00199049,2542040
The SAY,,HYPERMARKET,경기도 수원시 팔달구 수원천로231번길 3 (구천동,37.27151908,127.02052675,031-229-3000
세파월드,,HYPERMARKET,경기도 수원시 팔달구 권광로 138,37.25703186,127.03371067,031 2336102
세파월드,,HYPERMARKET,경기도 수원시 팔달구 권광로 138,37.25703186,127.03371067,031-806-3000
삼성테스코(주)홈플러스 북수원점,홈플러스,HYPERMARKET,경기도 수원시 장안구 경수대로 930,37.29989754,127.01089795,003102598124
한국까르푸(주) 원천점,,HYPERMARKET,경기도 수원시 영통구 중부대로 437,37.26725672,127.06572349,2163300
삼성홈플러스영통점,홈플러스,HYPERMARKET,경기도 수원시 영통구 봉영로 1576,37.24894588,127.07464683,031 2235743
삼성테스코(주)홈플러스 영통점,홈플러스,HYPERMARKET,경기도 수원시 영통구 봉영로 1576,37.24894588,127.07464683,0312018000
(주)이마트수원점,,HYPERMARKET,경기도 수원시 권선구 경수대로 270,37.24760878,127.02298611,031-207-1051
롯데프레쉬 인천중산가맹점,,HYPERMARKET,인천광역시 중구 하늘달빛로 90-27,37.48347918,126.56209789,051-704-0142
신세계 이마트 군산점,,HYPERMARKET,전북특별자치도 군산시 구암3.1로 137,35.97976188,126.73678846,063-472-1053
신세계이마트군산점,,HYPERMARKET,전북특별자치도 군산시 구암3.1로 137,35.97976188,126.73678846,063472 1053
내서농협상곡지점,,HYPERMARKET,경상남도 창원시 마산회원구 내서읍 상곡로 22,35.23974546,128.50525235,055-231-3961
롯데쇼핑 (주) 롯데마트 검단점,롯데마트,HYPERMARKET,인천광역시 서구 원당대로 581,37.59175175,126.66658383,032-560-2500
(주)이마트 안성점,,HYPERMARKET,경기도 안성시 중앙로 246,37.00986345,127.25810878,686-1234
후생사,,HYPERMARKET,충청북도 청주시 상당구 중앙로 33,36.63714882,127.49047379,043 2667002
와이에스케이개발,,HYPERMARKET,충청북도 청주시 서원구 사직대로 140,36.63169724,127.46484155,043 2736562
롯데마그넷청주점,,HYPERMARKET,충청북도 청주시 흥덕구 가경동 1416-2번지,36.62406879,127.43279306,043 2301050
롯데마그넷청주점,,HYPERMARKET,충청북도 청주시 흥덕구 가경동 1416-2번지,36.62406879,127.43279306,043 2301050
주식회사글로리아,,HYPERMARKET,충청북도 청주시 상당구 중흥로 17,36.60506530,127.50381142,0431111111
드림플러스,,HYPERMARKET,충청북도 청주시 흥덕구 2순환로 1233,36.62326691,127.43336896,043 236 9933
삼성테스코(주)홈플러스청주점,홈플러스,HYPERMARKET,충청북도 청주시 흥덕구 서부로 1291 (가경동,36.61252850,127.44444232,043 233 8557
(주)지에스리테일 GS수퍼 청주율량점,,HYPERMARKET,충청북도 청주시 청원구 율봉로 131,36.66538343,127.48594768,043-218-3333
롯데슈퍼 강서점,롯데슈퍼,HYPERMARKET,충청북도 청주시 흥덕구 서현동로 20,36.62141536,127.43207705,0432326580
(주)지에스리테일 청주봉명점,,HYPERMARKET,충청북도 청주시 흥덕구 1순환로 576,36.63902917,127.46329864,043-265-4612
(주)이마트청주점,,HYPERMARKET,충청북도 청주시 서원구 청남로 1853,36.59818101,127.47679550,043-210-1051
순창농협하나로마트,하나로마트,HYPERMARKET,전북특별자치도 순창군 순창읍 장류로 388,35.37272935,127.14681771,652-9962
중앙데파트,,HYPERMARKET,대전광역시 동구 중동 318번지 1호 중앙데파트,36.32747575,127.43104546,042-606-4522
삼성테드크(주)홈플러스강동점,홈플러스,HYPERMARKET,서울특별시 강동구 천호동 42번지,37.54291789,127.14436569,3400-8000
로얄백화점,,HYPERMARKET,경기도 부천시 원미구 부천로 7,37.48224972,126.78417546,032 6571234
중동한신코아,,HYPERMARKET,경기도 부천시 원미구중동,37.49339694,126.77150904,
해태쇼핑,,HYPERMARKET,경기도 부천시 원미구 부천로 11,37.48267362,126.78460300,032 6102500
두진쇼핑,,HYPERMARKET,경기도 부천시 소사구 경인로 527,37.48249955,126.81542601,032 3480293
지지아나,,HYPERMARKET,경기도 부천시 원미구 부천로 7,37.48224972,126.78417546,032 6122533
로얄(ROYAL),,HYPERMARKET,경기도 부천시 원미구 부천로 3-1,37.48185765,126.78410612,032226 2604
홈플러스 주식회사 부천소사점,홈플러스,HYPERMARKET,경기도 부천시 소사구 경인로 532,37.48204592,126.81637185,032 6108000
투나,,HYPERMARKET,경기도 부천시 원미구 부일로 223 (상동,37.48603476,126.75742509,032-250-5000
(주)신세계 이마트 중동점,,HYPERMARKET,경기도 부천시 원미구 석천로 188 (중동,37.50125022,126.76604725,718-1234
뉴코아 부천점,,HYPERMARKET,경기도 부천시 원미구 송내대로 239,37.50131859,126.75871276,02-530-5000
다대씨파크,,HYPERMARKET,부산광역시 사하구 다대동로 20,35.05200511,128.97420740,005102620180
홈플러스테스코(주),홈플러스,HYPERMARKET,울산광역시 북구 상안동 322번지,35.62704363,129.34712372,052)293-2080
신세계이마트 구성점,,HYPERMARKET,경기도 용인시 기흥구 용구대로 2457 (보정동,37.30263015,127.10748304,031-327-1052
용인농협파머스마켓,,HYPERMARKET,경기도 용인시 처인구 금령로55번길 3,37.23248581,127.20419312,031-321-7100
농협 하나로클럽 기흥점,하나로마트,HYPERMARKET,경기도 용인시 기흥구 중부대로 682,37.26325977,127.13812108,031-289-0600
파주 농수산물 물류센타,,HYPERMARKET,경기도 파주시 검산로 301-22,37.79601746,126.74040464,031 9498000
(주)이마트 이천점,,HYPERMARKET,경기도 이천시 이섭대천로 1440-50,37.29130685,127.46106743,031 6448053
롯데슈퍼 이천중리가맹점,롯데슈퍼,HYPERMARKET,경기도 이천시 중리천로 76,37.27560930,127.44788167,031-635-2121
일원마트,,HYPERMARKET,서울특별시 강남구 일원동,37.48903790,127.08899546,02 5550000
라 몬테 이탈리아노,,HYPERMARKET,경기도 고양시 일산동구 연리지로 51,37.65711682,126.75702019,031-947-9603
GIFC MALL,,HYPERMARKET,경기도 고양시 일산서구 킨텍스로 240,37.66340241,126.75267092,955-9445
캐슬아리스타궁,,HYPERMARKET,경상남도 김해시 동상동 1117번지,35.23628489,128.88805084,051-205-0491
하나로마트 강원지역본부점,하나로마트,HYPERMARKET,강원특별자치도 춘천시 중앙로 105,37.87395142,127.72575037,033)258-8114
GS THE FRESH 부산미남역점,,HYPERMARKET,부산광역시 동래구 아시아드대로 239-1,35.20246234,129.06957179,051-634-5542
송탄농협 종합타운 하나로마트,하나로마트,HYPERMARKET,경기도 평택시 가재동 345-8,37.04711190,127.08430035,031-663-1521
GS THE FRESH 부산연산점,,HYPERMARKET,부산광역시 연제구 거제천로 142,35.18291850,129.07896391,051-862-7400
GS THE FRESH 청담점,,HYPERMARKET,서울특별시 강남구 도산대로89길 35,37.52393055,127.05385238,02-2006-2364
영주농협하나로마트중앙점,하나로마트,HYPERMARKET,경상북도 영주시 구성로 350,36.82052312,128.62545839,054-636-9550
일산 벨라씨타(Bella Citta),,HYPERMARKET,경기도 고양시 일산동구 강송로 33 (백석동,37.63965646,126.79481305,02-3438-9480
고양 일산 호수공원 가로수길,,HYPERMARKET,경기도 고양시 일산서구 주엽로 80,37.66324003,126.75854980,
자양1재정비촉진구역 도시정비형 재개발사업 판매시설,,HYPERMARKET,서울특별시 광진구 아차산로 402,37.53259604,127.09081189,02-444-8604
일렉트로마트 판교점,,HYPERMARKET,경기도 성남시 분당구 대왕판교로606번길 10 (백현동,37.39266798,127.11031254,02-380-9396
엠브릿지,,HYPERMARKET,세종특별자치시 도움3로 19,36.49981412,127.26011787,044-860-8500
청주센트럴시티,,HYPERMARKET,충청북도 청주시 흥덕구 2순환로 1229,36.62406879,127.43279306,043-223-3458
TOP PRICE WHOLESALE,,HYPERMARKET,경기도 광주시 순암로 535,37.40820958,127.19755750,031-797-6514
홍대복합역사 상업시설,,HYPERMARKET,서울특별시 마포구 와우산로35길 50-4,37.55673124,126.92689019,02-2179-5021
GS THE FRESH 동대문장안점,,HYPERMARKET,서울특별시 동대문구 장한로28가길 45,37.57224570,127.07468431,02-2006-2364
힐스에비뉴 도안2차,,HYPERMARKET,대전광역시 유성구 동서대로656번길 16-32,36.32872234,127.33632194,032-677-3158
더블유시티,,HYPERMARKET,강원특별자치도 원주시 서원대로 171,37.34203973,127.93312470,033-738-9000
장유여객터미널 상업시설,,HYPERMARKET,경상남도 김해시 무계동 77,35.19741951,128.82178981,055-328-2088
롯데쇼핑(주) 롯데마트 그랑그로서리 구리점,롯데마트,HYPERMARKET,경기도 구리시 동구릉로136번길 57,37.60987295,127.14297178,02-2145-8000
롯데프레시송파가락가맹점,롯데프레시,HYPERMARKET,서울특별시 송파구 동남로20길 24,37.49260442,127.13658876,
앨리웨이 인천,,HYPERMARKET,인천광역시 미추홀구 숙골로87번길 5 (도화동,37.46631540,126.66554637,032-866-0611
GS THE FRESH 관악봉천점,,HYPERMARKET,서울특별시 관악구 은천로 81 (봉천동,37.48426746,126.94644088,02-000-0000
온양농협 하나로마트 이순신점,하나로마트,HYPERMARKET,충청남도 아산시 남부로 246,36.76775665,127.01194084,041-544-4864
GS THE FRESH 대전둔산점,,HYPERMARKET,대전광역시 서구 계룡로 520,36.33948365,127.38272328,000-0000-0000
GS THE FRESH 부산송도점,,HYPERMARKET,부산광역시 서구 송도해변로 192,35.07503495,129.02585441,
다산역 데시앙 상업시설,,HYPERMARKET,경기도 남양주시 다산동 6056,37.62264560,127.15544467,
포레나 전주 에코시티 판매시설,,HYPERMARKET,전북특별자치도 전주시 덕진구 세병로 21 (송천동2가,35.87213939,127.13116489,063-276-8163
전주에코시티 DK-mall,,HYPERMARKET,전북특별자치도 전주시 덕진구 세병서로 9,35.86945091,127.12587797,
로마네시티,,HYPERMARKET,전북특별자치도 전주시 덕진구 세병2길 10,35.87008912,127.12669261,063-253-1115
파인트리몰,,HYPERMARKET,전북특별자치도 전주시 덕진구 송천중앙로 225,35.86404806,127.12303843,063-271-7001
고양삼송현대헤리엇,,HYPERMARKET,경기도 고양시 덕양구 삼송로 222,37.65022150,126.90117620,031-901-6611
킹덤시티,,HYPERMARKET,경상남도 창원시 의창구 평산로207번길 4,35.25711297,128.62810935,055-266-8005
주식회사 락앤락,,HYPERMARKET,경기도 안성시 원곡면 만세로 1260,37.04227212,127.14324301,02-520-9557
이마트에브리데이 이태원점,이마트 에브리데이,HYPERMARKET,서울특별시 용산구 회나무로13길 20-4,37.53747989,126.99196562,02-380-5042
스타필드 빌리지 운정,,HYPERMARKET,경기도 파주시 와석순환로515번길 70,37.72520302,126.76729225,031-940
노브랜드 서귀포서홍점,노브랜드,HYPERMARKET,제주특별자치도 서귀포시 서홍동 397-7,33.25325293,126.56199034,064-702-4867
GS더프레시 부산센텀점,,HYPERMARKET,부산광역시 해운대구 해운대로76번길 65,35.18718908,129.11930771,051-783-3407
Chapter M,,HYPERMARKET,서울특별시 중구 명동8나길 38,37.55892091,126.98481443,02-2184-7386
GS THE FRESH(대구사월역점),,HYPERMARKET,대구광역시 수성구 달구벌대로 3280 (신매동,35.83390733,128.71696863,000-0000-0000
홈플러스 익스프레스 오목교점,홈플러스,HYPERMARKET,서울특별시 양천구 목동동로 196,37.52012114,126.87352296,02-3459-8016
광명역세권택지개발지구복합단지판매시설D멀티플렉스AK PLAZA,,HYPERMARKET,경기도 광명시 일직동 512-3,37.41593661,126.88473765,031-780-8436
맘마마트 천안점,,HYPERMARKET,충청남도 천안시 서북구 월봉로 95,36.79730999,127.11887802,070-4060-4128
범어더리브스퀘어,,HYPERMARKET,대구광역시 수성구 범어천로 214,35.86131343,128.62119693,053-751-8171
코스트코 홀세일 김해점,코스트코,HYPERMARKET,경상남도 김해시 주촌면 선천남로 16,35.23237745,128.84088928,0226302671
더 샵스 앳 센터필드 (THE SHOPS AT CENTERFIELD),,HYPERMARKET,서울특별시 강남구 테헤란로 231,37.50040743,127.04359704,
KT&G Mall 세종B관 / C관,,HYPERMARKET,세종특별자치시 어진동 521번지 외 1필지,36.49756105,127.25886792,
롯데슈퍼 김해신문점,롯데슈퍼,HYPERMARKET,경상남도 김해시 장유로334번길 19,35.19249448,128.81729089,
(주)이마트에브리데이 둔촌점,이마트 에브리데이,HYPERMARKET,서울특별시 강동구 둔촌동 174-1,37.51874133,127.13895887,02-380-5042
하나로마트 둔촌점,하나로마트,HYPERMARKET,서울특별시 강동구 둔촌동 170-1,37.52413383,127.14086521,
GS THE FRESH 장유점,,HYPERMARKET,경상남도 김해시 능동로167번길 7,35.20036073,128.81078999,313-4391
GS THE FRESH 숭의역점,,HYPERMARKET,인천광역시 미추홀구 숭의동 360-2,37.45871935,126.64191143,032-000-0000
롯데슈퍼 화개장터 가맹점,롯데슈퍼,HYPERMARKET,경상남도 하동군 화개면 섬진강대로 4028,35.18422342,127.62748452,055-882-8820
평택고덕2차아이파크,,HYPERMARKET,경기도 평택시 장당동 153-1,37.03354620,127.07103839,031-668-9372
(주)지에스리테일 GS더프레시 진해자은점,,HYPERMARKET,경상남도 창원시 진해구 덕산로61번길 31,35.14573511,128.70807399,080-345-7700
코스트코 홀세일 공세점,코스트코,HYPERMARKET,경기도 용인시 기흥구 탑실로 38-0,37.23541583,127.11103775,031 289 5602
롯데슈퍼 주식회사 미친데이 안중점,롯데슈퍼,HYPERMARKET,경기도 평택시 안중읍 안중믿음길 50-6,36.98238414,126.92388955,031-686-5601
GS슈퍼마켓 안산고잔점,,HYPERMARKET,경기도 안산시 단원구 고잔로 67,37.31715431,126.83730542,
롯데슈퍼 대구신매 가맹점,롯데슈퍼,HYPERMARKET,대구광역시 수성구 고산로 101,35.83702974,128.70634445,
GS THE FRESH 양천목2동점,,HYPERMARKET,서울특별시 양천구 목동중앙본로 95,37.54140375,126.87225735,
GS더프레시 보문역사거리점,,HYPERMARKET,서울특별시 성북구 보문로 121,37.58307422,127.02069030,02-2006-2364
롯데쇼핑(주) 롯데마트 의왕점,롯데마트,HYPERMARKET,경기도 의왕시 내손동,37.37742496,126.97576959,
신세계 이마트 여수점,,HYPERMARKET,전라남도 여수시 좌수영로 277,34.75489537,127.71711044,061 6501001
(주)뉴월드,,HYPERMARKET,제주특별자치도 제주시 연북로 1,33.47922194,126.48342779,
서부코아,,HYPERMARKET,광주광역시 서구 화운로156번길 29,35.15040479,126.88189224,062 3632362
까르푸일산점,,HYPERMARKET,경기도 고양시일산동구 장항동,37.64611327,126.78144155,031 9069100
삼성테스코(주)홈플러스 금천점,홈플러스,HYPERMARKET,서울특별시 금천구 시흥대로 391,37.46587735,126.89899018,0234598000
삼성테스코(주)홈플러스 금천점,홈플러스,HYPERMARKET,서울특별시 금천구 시흥대로 391,37.46587735,126.89899018,02  34598000
E-PLAZA,,HYPERMARKET,광주광역시 서구 운천로 263,35.15265225,126.85623705,062 375 2032
엘지마트 상당점,,HYPERMARKET,충청북도 청주시 상당구 용암북로84번길 13-2,36.61550928,127.51052403,02 20062679
월마트대전점,,HYPERMARKET,대전광역시 서구 한밭대로 580,36.35474248,127.36509699,042 4809210
신세계 이마트 명일점,,HYPERMARKET,서울특별시 강동구 명일동 46번지,37.55187383,127.15795883,000204296240
월마트슈퍼센타 중동점,,HYPERMARKET,경기도 부천시 원미구 석천로 188,37.50125022,126.76604725,02  34681110
빅마트,,HYPERMARKET,광주광역시 남구 서문대로 745,35.12284535,126.89943824,062 650 2281
